Customer_id;recency;frequency;monetary;recency_score;frequency_score;monetary_score;RF_SCORE;segment
12346;327;12;77556;2;5;5;25;cant_loose
12347;3;8;4922;5;4;5;54;champions
12348;76;5;2019;3;4;4;34;loyal_customers
12349;20;4;4429;5;3;5;53;potential_loyalists
12350;311;1;334;2;1;2;21;hibernating
12351;376;1;301;2;1;2;21;hibernating
12352;37;10;2850;4;5;4;45;loyal_customers
12353;205;2;407;2;2;2;22;hibernating
12354;233;1;1079;2;1;3;21;hibernating
12355;215;2;948;2;2;3;22;hibernating
12356;24;6;6372;4;4;5;44;loyal_customers
12357;34;2;17438;4;2;5;42;potential_loyalists
12358;3;5;3887;5;4;5;54;champions
12359;59;10;8873;4;5;5;45;loyal_customers
12360;53;8;4253;4;4;5;44;loyal_customers
12361;288;4;511;2;3;2;23;at_Risk
12362;4;11;5356;5;5;5;55;champions
12363;111;2;552;3;2;2;32;about_to_sleep
12364;9;4;1313;5;3;4;53;potential_loyalists
12365;292;2;641;2;2;3;22;hibernating
12366;635;1;500;1;1;2;11;hibernating
12367;5;1;169;5;1;1;51;new_customers
12368;629;1;918;1;1;3;11;hibernating
12369;414;3;1791;1;3;4;13;at_Risk
12370;52;7;4317;4;4;5;44;loyal_customers
12371;46;5;4067;4;4;5;44;loyal_customers
12372;73;3;1298;3;3;4;33;need_attention
12373;312;3;1128;2;3;3;23;at_Risk
12374;26;4;2989;4;3;5;43;potential_loyalists
12375;12;2;458;5;2;2;52;potential_loyalists
12376;391;2;503;2;2;2;22;hibernating
12377;316;4;3426;2;3;5;23;at_Risk
12378;131;2;5416;3;2;5;32;about_to_sleep
12379;83;4;1620;3;3;4;33;need_attention
12380;23;10;8168;4;5;5;45;loyal_customers
12381;6;5;1845;5;4;4;54;champions
12383;186;5;1851;3;4;4;34;loyal_customers
12384;30;2;585;4;2;2;42;potential_loyalists
12385;380;1;1938;2;1;4;21;hibernating
12386;339;2;402;2;2;2;22;hibernating
12387;416;1;144;1;1;1;11;hibernating
12388;17;8;3901;5;4;5;54;champions
12389;404;3;1433;2;3;4;23;at_Risk
12390;81;1;550;3;1;2;31;about_to_sleep
12391;23;6;2725;4;4;4;44;loyal_customers
12392;592;1;235;1;1;1;11;hibernating
12393;73;6;2399;3;4;4;34;loyal_customers
12394;65;2;1272;3;2;4;32;about_to_sleep
12395;20;15;4721;5;5;5;55;champions
12396;675;1;931;1;1;3;11;hibernating
12397;37;2;2410;4;2;4;42;potential_loyalists
12398;47;1;1636;4;1;4;41;promising
12399;120;7;1962;3;4;4;34;loyal_customers
12400;415;1;205;1;1;1;11;hibernating
12401;304;1;84;2;1;1;21;hibernating
12402;324;6;1257;2;4;4;24;at_Risk
12403;51;2;1019;4;2;3;42;potential_loyalists
12404;683;1;63;1;1;1;11;hibernating
12405;150;1;1710;3;1;4;31;about_to_sleep
12406;23;5;6390;4;4;5;44;loyal_customers
12407;51;5;1708;4;4;4;44;loyal_customers
12408;34;8;4341;4;4;5;44;loyal_customers
12409;80;7;23419;3;4;5;34;loyal_customers
12410;310;3;1014;2;3;3;23;at_Risk
12411;411;1;347;2;1;2;21;hibernating
12412;76;6;2597;3;4;4;34;loyal_customers
12413;68;4;999;3;3;3;33;need_attention
12414;218;6;952;2;4;3;24;at_Risk
12415;25;28;144458;4;5;5;45;loyal_customers
12416;658;1;203;1;1;1;11;hibernating
12417;4;20;6797;5;5;5;55;champions
12418;114;4;2021;3;3;4;33;need_attention
12419;387;2;503;2;2;2;22;hibernating
12420;65;1;600;3;1;2;31;about_to_sleep
12421;17;6;1099;5;4;3;54;champions
12422;97;16;4570;3;5;5;35;loyal_customers
12423;2;10;2622;5;5;4;55;champions
12424;164;4;3340;3;3;5;33;need_attention
12425;79;2;1741;3;2;4;32;about_to_sleep
12426;196;2;1345;2;2;4;22;hibernating
12427;23;3;826;4;3;3;43;potential_loyalists
12428;27;9;7956;4;5;5;45;loyal_customers
12429;10;8;6204;5;4;5;54;champions
12430;44;1;256;4;1;1;41;promising
12431;37;27;10432;4;5;5;45;loyal_customers
12432;44;4;4359;4;3;5;43;potential_loyalists
12433;2;10;16794;5;5;5;55;champions
12434;86;3;1103;3;3;3;33;need_attention
12435;81;6;13926;3;4;5;34;loyal_customers
12436;101;1;509;3;1;2;31;about_to_sleep
12437;3;39;12683;5;5;5;55;champions
12438;15;2;2907;5;2;5;52;potential_loyalists
12439;684;2;1143;1;2;3;12;hibernating
12440;463;2;859;1;2;3;12;hibernating
12441;368;1;174;2;1;1;21;hibernating
12442;4;1;172;5;1;1;51;new_customers
12443;733;1;485;1;1;2;11;hibernating
12444;22;5;5005;4;4;5;44;loyal_customers
12445;23;2;435;4;2;2;42;potential_loyalists
12446;59;1;1002;4;1;3;41;promising
12447;244;1;476;2;1;2;21;hibernating
12448;45;1;449;4;1;2;41;promising
12449;23;6;4836;4;4;5;44;loyal_customers
12450;157;5;688;3;4;3;34;loyal_customers
12451;12;8;12670;5;4;5;54;champions
12452;18;2;431;5;2;2;52;potential_loyalists
12453;135;1;707;3;1;3;31;about_to_sleep
12454;57;5;16680;4;4;5;44;loyal_customers
12455;74;10;5880;3;5;5;35;loyal_customers
12456;45;3;3181;4;3;5;43;potential_loyalists
12457;67;8;2996;3;4;5;34;loyal_customers
12458;72;4;1777;3;3;4;33;need_attention
12459;606;1;454;1;1;2;11;hibernating
12460;457;1;327;1;1;2;11;hibernating
12461;95;2;827;3;2;3;32;about_to_sleep
12462;20;2;1190;5;2;3;52;potential_loyalists
12463;54;4;1345;4;3;4;43;potential_loyalists
12464;11;8;1212;5;4;3;54;champions
12465;18;2;742;5;2;3;52;potential_loyalists
12466;683;1;57;1;1;1;11;hibernating
12467;424;1;133;1;1;1;11;hibernating
12468;189;5;3671;3;4;5;34;loyal_customers
12469;524;2;3071;1;2;5;12;hibernating
12470;691;1;212;1;1;1;11;hibernating
12471;3;79;39918;5;5;5;55;champions
12472;33;19;16249;4;5;5;45;loyal_customers
12473;30;5;3379;4;4;5;44;loyal_customers
12474;18;31;12373;5;5;5;55;champions
12475;55;2;1150;4;2;3;42;potential_loyalists
12476;17;23;14084;5;5;5;55;champions
12477;24;9;20276;4;5;5;45;loyal_customers
12478;5;1;681;5;1;3;51;new_customers
12479;12;1;527;5;1;2;51;new_customers
12480;29;7;5465;4;4;5;44;loyal_customers
12481;24;15;12186;4;5;5;45;loyal_customers
12482;577;27;21942;1;5;5;15;cant_loose
12483;18;19;5097;5;5;5;55;champions
12484;34;12;6354;4;5;5;45;loyal_customers
12485;530;1;708;1;1;3;11;hibernating
12486;433;1;1037;1;1;3;11;hibernating
12487;732;1;285;1;1;1;11;hibernating
12488;11;3;1299;5;3;4;53;potential_loyalists
12489;337;1;335;2;1;2;21;hibernating
12490;6;21;9824;5;5;5;55;champions
12491;40;1;460;4;1;2;41;promising
12492;64;3;715;3;3;3;33;need_attention
12493;167;2;434;3;2;2;32;about_to_sleep
12494;17;9;1815;5;5;4;55;champions
12495;642;1;357;1;1;2;11;hibernating
12496;621;2;45;1;2;1;12;hibernating
12497;83;3;6249;3;3;5;33;need_attention
12498;22;3;404;4;3;2;43;potential_loyalists
12499;561;1;394;1;1;2;11;hibernating
12500;24;19;5955;4;5;5;45;loyal_customers
12501;338;1;2169;2;1;4;21;hibernating
12502;97;5;3724;3;4;5;34;loyal_customers
12503;585;1;1126;1;1;3;11;hibernating
12504;19;4;779;5;3;3;53;potential_loyalists
12505;410;1;955;2;1;3;21;hibernating
12506;234;1;74;2;1;1;21;hibernating
12507;135;4;1844;3;3;4;33;need_attention
12508;27;2;398;4;2;2;42;potential_loyalists
12509;285;1;177;2;1;1;21;hibernating
12510;144;8;4203;3;4;5;34;loyal_customers
12511;430;1;3084;1;1;5;11;hibernating
12512;67;2;132;3;2;1;32;about_to_sleep
12513;114;1;612;3;1;3;31;about_to_sleep
12514;268;2;1598;2;2;4;22;hibernating
12515;354;1;384;2;1;2;21;hibernating
12516;79;4;2649;3;3;4;33;need_attention
12517;29;5;2482;4;4;4;44;loyal_customers
12518;2;5;2057;5;4;4;54;champions
12519;65;2;717;3;2;3;32;about_to_sleep
12520;80;5;2634;3;4;4;34;loyal_customers
12521;144;1;600;3;1;2;31;about_to_sleep
12522;40;2;193;4;2;1;42;potential_loyalists
12523;20;23;4352;5;5;5;55;champions
12524;10;17;11126;5;5;5;55;champions
12525;499;3;974;1;3;3;13;at_Risk
12526;2;3;1317;5;3;4;53;potential_loyalists
12527;83;5;736;3;4;3;34;loyal_customers
12528;10;6;1933;5;4;4;54;champions
12529;529;1;316;1;1;2;11;hibernating
12530;61;9;3759;3;5;5;35;loyal_customers
12531;16;2;1933;5;2;4;52;potential_loyalists
12532;31;1;350;4;1;2;41;promising
12533;629;2;1368;1;2;4;12;hibernating
12534;132;1;1089;3;1;3;31;about_to_sleep
12535;93;2;716;3;2;3;32;about_to_sleep
12536;60;1;4280;4;1;5;41;promising
12537;410;1;733;2;1;3;21;hibernating
12538;30;2;640;4;2;3;42;potential_loyalists
12539;23;7;11215;4;4;5;44;loyal_customers
12540;21;33;22254;4;5;5;45;loyal_customers
12541;31;3;981;4;3;3;43;potential_loyalists
12542;485;2;482;1;2;2;12;hibernating
12543;449;1;980;1;1;3;11;hibernating
12544;37;1;373;4;1;2;41;promising
12545;76;2;1000;3;2;3;32;about_to_sleep
12546;48;2;1162;4;2;3;42;potential_loyalists
12547;199;3;384;2;3;2;23;at_Risk
12548;167;1;95;3;1;1;31;about_to_sleep
12549;577;6;1576;1;4;4;14;at_Risk
12550;80;1;965;3;1;3;31;about_to_sleep
12551;359;1;168;2;1;1;21;hibernating
12552;40;2;438;4;2;2;42;potential_loyalists
12553;9;12;4609;5;5;5;55;champions
12554;450;1;469;1;1;2;11;hibernating
12555;683;1;129;1;1;1;11;hibernating
12556;51;2;600;4;2;2;42;potential_loyalists
12557;17;8;18096;5;4;5;54;champions
12558;9;1;270;5;1;1;51;new_customers
12559;312;2;562;2;2;2;22;hibernating
12560;6;3;2134;5;3;4;53;potential_loyalists
12561;304;1;239;2;1;1;21;hibernating
12562;9;9;4967;5;5;5;55;champions
12563;410;1;249;2;1;1;21;hibernating
12564;262;1;457;2;1;2;21;hibernating
12565;290;1;146;2;1;1;21;hibernating
12566;87;1;352;3;1;2;31;about_to_sleep
12567;24;15;11767;4;5;5;45;loyal_customers
12568;646;1;70;1;1;1;11;hibernating
12569;3;32;4125;5;5;5;55;champions
12570;683;1;78;1;1;1;11;hibernating
12571;41;2;520;4;2;2;42;potential_loyalists
12572;10;2;1020;5;2;3;52;potential_loyalists
12573;228;5;717;2;4;3;24;at_Risk
12574;317;1;218;2;1;1;21;hibernating
12575;458;2;623;1;2;3;12;hibernating
12576;37;8;2143;4;4;4;44;loyal_customers
12577;36;8;1617;4;4;4;44;loyal_customers
12578;22;4;4642;4;3;5;43;potential_loyalists
12579;79;1;440;3;1;2;31;about_to_sleep
12580;248;2;1053;2;2;3;22;hibernating
12581;41;1;198;4;1;1;41;promising
12582;240;4;1980;2;3;4;23;at_Risk
12583;4;27;13592;5;5;5;55;champions
12584;5;9;2338;5;5;4;55;champions
12585;235;2;2040;2;2;4;22;hibernating
12586;18;4;2063;5;3;4;53;potential_loyalists
12587;9;1;144;5;1;1;51;new_customers
12588;40;4;959;4;3;3;43;potential_loyalists
12589;30;7;3640;4;4;5;44;loyal_customers
12590;212;1;9341;2;1;5;21;hibernating
12591;318;3;1339;2;3;4;23;at_Risk
12592;93;4;1868;3;3;4;33;need_attention
12593;110;3;418;3;3;2;33;need_attention
12594;39;15;5090;4;5;5;45;loyal_customers
12595;506;1;299;1;1;2;11;hibernating
12596;52;2;618;4;2;3;42;potential_loyalists
12597;20;4;3811;5;3;5;53;potential_loyalists
12598;11;11;4534;5;5;5;55;champions
12599;30;13;2297;4;5;4;45;loyal_customers
12600;30;21;4967;4;5;5;45;loyal_customers
12601;191;6;681;2;4;3;24;at_Risk
12602;60;1;153;4;1;1;41;promising
12603;23;1;739;4;1;3;41;promising
12604;80;2;254;3;2;1;32;about_to_sleep
12605;377;4;1233;2;3;4;23;at_Risk
12606;683;1;21;1;1;1;11;hibernating
12607;61;1;1580;3;1;4;31;about_to_sleep
12608;406;1;416;2;1;2;21;hibernating
12609;79;9;3436;3;5;5;35;loyal_customers
12610;24;5;2100;4;4;4;44;loyal_customers
12611;53;1;1193;4;1;3;41;promising
12612;75;1;704;3;1;3;31;about_to_sleep
12613;58;10;6817;4;5;5;45;loyal_customers
12614;279;1;316;2;1;2;21;hibernating
12615;3;8;5741;5;4;5;54;champions
12616;96;3;1131;3;3;3;33;need_attention
12617;30;1;353;4;1;2;41;promising
12618;23;1;177;4;1;1;41;promising
12619;17;10;3781;5;5;5;55;champions
12620;16;3;1339;5;3;4;53;potential_loyalists
12621;3;35;24311;5;5;5;55;champions
12622;233;1;180;2;1;1;21;hibernating
12623;277;7;3748;2;4;5;24;at_Risk
12624;107;2;641;3;2;3;32;about_to_sleep
12625;213;4;5165;2;3;5;23;at_Risk
12626;24;9;6620;4;5;5;45;loyal_customers
12627;12;7;4479;5;4;5;54;champions
12628;5;3;786;5;3;3;53;potential_loyalists
12629;387;2;1558;2;2;4;22;hibernating
12630;11;2;1271;5;2;4;52;potential_loyalists
12631;58;6;3482;4;4;5;44;loyal_customers
12632;522;2;805;1;2;3;12;hibernating
12633;60;7;5678;4;4;5;44;loyal_customers
12634;537;2;490;1;2;2;12;hibernating
12635;91;4;2930;3;3;5;33;need_attention
12636;740;1;141;1;1;1;11;hibernating
12637;68;12;8284;3;5;5;35;loyal_customers
12638;34;2;921;4;2;3;42;potential_loyalists
12639;240;3;1312;2;3;4;23;at_Risk
12640;25;3;1175;4;3;3;43;potential_loyalists
12641;116;1;186;3;1;1;31;about_to_sleep
12642;26;3;1013;4;3;3;43;potential_loyalists
12643;129;12;8305;3;5;5;35;loyal_customers
12644;131;4;1918;3;3;4;33;need_attention
12645;35;8;3539;4;4;5;44;loyal_customers
12646;6;2;1347;5;2;4;52;potential_loyalists
12647;23;36;16956;4;5;5;45;loyal_customers
12648;156;4;1112;3;3;3;33;need_attention
12649;108;8;2295;3;4;4;34;loyal_customers
12650;4;1;314;5;1;2;51;new_customers
12651;336;4;378;2;3;2;23;at_Risk
12652;332;2;1017;2;2;3;22;hibernating
12653;150;3;4161;3;3;5;33;need_attention
12654;12;5;602;5;4;2;54;champions
12655;425;1;261;1;1;1;11;hibernating
12656;18;8;6408;5;4;5;54;champions
12657;12;4;1643;5;3;4;53;potential_loyalists
12658;20;1;686;5;1;3;51;new_customers
12659;31;1;92;4;1;1;41;promising
12660;12;1;245;5;1;1;51;new_customers
12661;437;1;162;1;1;1;11;hibernating
12662;2;20;6727;5;5;5;55;champions
12663;626;2;239;1;2;1;12;hibernating
12664;9;11;6070;5;5;5;55;champions
12665;326;3;314;2;3;2;23;at_Risk
12666;395;1;1248;2;1;4;21;hibernating
12667;59;1;620;4;1;3;41;promising
12668;13;10;11383;5;5;5;55;champions
12669;152;2;1608;3;2;4;32;about_to_sleep
12670;11;7;3760;5;4;5;54;champions
12671;607;1;2622;1;1;4;11;hibernating
12672;331;2;437;2;2;2;22;hibernating
12673;6;3;1230;5;3;4;53;potential_loyalists
12674;40;4;1971;4;3;4;43;potential_loyalists
12675;555;2;957;1;2;3;12;hibernating
12676;26;11;2843;4;5;4;45;loyal_customers
12677;556;2;395;1;2;2;12;hibernating
12678;43;21;34281;4;5;5;45;loyal_customers
12679;60;4;1113;4;3;3;43;potential_loyalists
12680;2;4;881;5;3;3;53;potential_loyalists
12681;16;45;29835;5;5;5;55;champions
12682;5;52;22950;5;5;5;55;champions
12683;5;21;11634;5;5;5;55;champions
12684;9;7;2284;5;4;4;54;champions
12685;29;6;2863;4;4;4;44;loyal_customers
12686;373;1;89;2;1;1;21;hibernating
12687;482;2;2139;1;2;4;12;hibernating
12688;115;1;4874;3;1;5;31;about_to_sleep
12689;27;2;1248;4;2;4;42;potential_loyalists
12690;207;1;389;2;1;2;21;hibernating
12691;29;7;1170;4;4;3;44;loyal_customers
12692;638;1;111;1;1;1;11;hibernating
12693;128;7;1703;3;4;4;34;loyal_customers
12694;71;3;1843;3;3;4;33;need_attention
12695;8;7;1407;5;4;4;54;champions
12696;436;2;852;1;2;3;12;hibernating
12697;30;3;958;4;3;3;43;potential_loyalists
12698;591;1;340;1;1;2;11;hibernating
12699;419;1;638;1;1;3;11;hibernating
12700;9;4;4940;5;3;5;53;potential_loyalists
12701;81;6;2446;3;4;4;34;loyal_customers
12702;21;1;219;4;1;1;41;promising
12703;72;4;1007;3;3;3;33;need_attention
12704;8;8;2341;5;4;4;54;champions
12705;16;14;11762;5;5;5;55;champions
12707;293;1;603;2;1;2;21;hibernating
12708;31;18;5118;4;5;5;45;loyal_customers
12709;16;34;30292;5;5;5;55;champions
12710;98;3;1149;3;3;3;33;need_attention
12711;613;2;1339;1;2;4;12;hibernating
12712;30;21;6723;4;5;5;45;loyal_customers
12713;2;1;849;5;1;3;51;new_customers
12714;10;12;14094;5;5;5;55;champions
12715;107;1;343;3;1;2;31;about_to_sleep
12716;5;2;1053;5;2;3;52;potential_loyalists
12717;152;3;1309;3;3;4;33;need_attention
12718;72;1;238;3;1;1;31;about_to_sleep
12719;6;2;645;5;2;3;52;potential_loyalists
12720;4;30;7787;5;5;5;55;champions
12721;33;8;4013;4;4;5;44;loyal_customers
12722;86;4;998;3;3;3;33;need_attention
12723;5;5;725;5;4;3;54;champions
12724;6;7;2318;5;4;4;54;champions
12725;372;4;2267;2;3;4;23;at_Risk
12726;29;11;4015;4;5;5;45;loyal_customers
12727;12;10;5680;5;5;5;55;champions
12728;72;5;1070;3;4;3;34;loyal_customers
12729;115;1;453;3;1;2;31;about_to_sleep
12730;523;1;829;1;1;3;11;hibernating
12731;25;17;25776;4;5;5;45;loyal_customers
12732;181;1;236;3;1;1;31;about_to_sleep
12733;235;4;2425;2;3;4;23;at_Risk
12734;354;3;640;2;3;3;23;at_Risk
12735;316;2;780;2;2;3;22;hibernating
12736;334;1;234;2;1;1;21;hibernating
12737;500;1;100;1;1;1;11;hibernating
12738;373;1;155;2;1;1;21;hibernating
12739;79;4;2727;3;3;4;33;need_attention
12740;65;1;428;3;1;2;31;about_to_sleep
12741;530;2;406;1;2;2;12;hibernating
12742;627;1;1202;1;1;3;11;hibernating
12743;135;2;540;3;2;2;32;about_to_sleep
12744;57;9;13560;4;5;5;45;loyal_customers
12745;488;3;925;1;3;3;13;at_Risk
12746;542;1;255;1;1;1;11;hibernating
12747;3;26;8898;5;5;5;55;champions
12748;2;333;51089;5;5;5;55;champions
12749;5;9;6897;5;5;5;55;champions
12750;130;1;276;3;1;1;31;about_to_sleep
12751;446;1;268;1;1;1;11;hibernating
12752;82;1;4367;3;1;5;31;about_to_sleep
12753;24;6;21429;4;4;5;44;loyal_customers
12754;237;3;3011;2;3;5;23;at_Risk
12755;282;11;5236;2;5;5;25;cant_loose
12756;88;1;112;3;1;1;31;about_to_sleep
12757;17;9;4235;5;5;5;55;champions
12758;118;7;9903;3;4;5;34;loyal_customers
12759;53;8;5021;4;4;5;44;loyal_customers
12760;457;1;348;1;1;2;11;hibernating
12761;459;2;783;1;2;3;12;hibernating
12762;9;2;1899;5;2;4;52;potential_loyalists
12763;139;2;494;3;2;2;32;about_to_sleep
12764;318;1;1694;2;1;4;21;hibernating
12765;473;6;1405;1;4;4;14;at_Risk
12766;5;9;8919;5;5;5;55;champions
12767;377;1;950;2;1;3;21;hibernating
12768;452;1;169;1;1;1;11;hibernating
12769;240;1;1144;2;1;3;21;hibernating
12770;212;2;3246;2;2;5;22;hibernating
12771;487;1;282;1;1;1;11;hibernating
12772;61;1;892;3;1;3;31;about_to_sleep
12773;565;1;124;1;1;1;11;hibernating
12774;537;1;99;1;1;1;11;hibernating
12775;18;7;1686;5;4;4;54;champions
12776;669;1;56;1;1;1;11;hibernating
12777;459;1;519;1;1;2;11;hibernating
12778;21;9;1776;4;5;4;45;loyal_customers
12779;39;14;6474;4;5;5;45;loyal_customers
12780;600;1;337;1;1;2;11;hibernating
12781;65;2;827;3;2;3;32;about_to_sleep
12782;6;11;4618;5;5;5;55;champions
12783;3;6;2226;5;4;4;54;champions
12784;10;3;1763;5;3;4;53;potential_loyalists
12785;365;3;1100;2;3;3;23;at_Risk
12786;611;1;729;1;1;3;11;hibernating
12787;11;4;862;5;3;3;53;potential_loyalists
12788;464;4;445;1;3;2;13;at_Risk
12789;66;3;273;3;3;1;33;need_attention
12790;193;2;592;2;2;2;22;hibernating
12791;375;6;864;2;4;3;24;at_Risk
12792;258;2;827;2;2;3;22;hibernating
12793;336;3;886;2;3;3;23;at_Risk
12794;54;2;860;4;2;3;42;potential_loyalists
12795;20;1;430;5;1;2;51;new_customers
12796;629;1;381;1;1;2;11;hibernating
12797;367;2;552;2;2;2;22;hibernating
12798;11;4;8511;5;3;5;53;potential_loyalists
12799;530;1;219;1;1;1;11;hibernating
12800;471;3;584;1;3;2;13;at_Risk
12801;502;1;1072;1;1;3;11;hibernating
12802;188;7;2416;3;4;4;34;loyal_customers
12803;394;1;1093;2;1;3;21;hibernating
12804;467;2;325;1;2;2;12;hibernating
12805;383;4;1435;2;3;4;23;at_Risk
12806;436;4;2879;1;3;4;13;at_Risk
12807;384;1;330;2;1;2;21;hibernating
12808;38;5;777;4;4;3;44;loyal_customers
12809;179;3;1756;3;3;4;33;need_attention
12810;536;2;535;1;2;2;12;hibernating
12811;262;5;1034;2;4;3;24;at_Risk
12812;46;1;230;4;1;1;41;promising
12813;503;3;1688;1;3;4;13;at_Risk
12814;103;1;126;3;1;1;31;about_to_sleep
12815;149;2;1063;3;2;3;32;about_to_sleep
12816;97;2;572;3;2;2;32;about_to_sleep
12817;282;3;691;2;3;3;23;at_Risk
12818;263;1;1542;2;1;4;21;hibernating
12819;459;1;541;1;1;2;11;hibernating
12820;4;11;2690;5;5;4;55;champions
12821;215;2;221;2;2;1;22;hibernating
12822;72;2;949;3;2;3;32;about_to_sleep
12823;76;18;6502;3;5;5;35;loyal_customers
12824;61;1;397;3;1;2;31;about_to_sleep
12825;522;2;519;1;2;2;12;hibernating
12826;4;12;2801;5;5;4;55;champions
12827;7;3;430;5;3;2;53;potential_loyalists
12828;4;6;1019;5;4;3;54;champions
12829;338;3;385;2;3;2;23;at_Risk
12830;39;6;6815;4;4;5;44;loyal_customers
12831;263;3;451;2;3;2;23;at_Risk
12832;33;2;383;4;2;2;42;potential_loyalists
12833;146;1;417;3;1;2;31;about_to_sleep
12834;284;1;312;2;1;2;21;hibernating
12835;429;41;5997;1;5;5;15;cant_loose
12836;60;15;6560;4;5;5;45;loyal_customers
12837;174;2;663;3;2;3;32;about_to_sleep
12838;35;10;2976;4;5;5;45;loyal_customers
12839;4;26;9669;5;5;5;55;champions
12840;145;7;4042;3;4;5;34;loyal_customers
12841;6;40;6958;5;5;5;55;champions
12842;71;4;1918;3;3;4;33;need_attention
12843;67;30;6583;3;5;5;35;loyal_customers
12844;30;4;649;4;3;3;43;potential_loyalists
12845;268;4;354;2;3;2;23;at_Risk
12846;683;1;16;1;1;1;11;hibernating
12847;23;2;1609;4;2;4;42;potential_loyalists
12848;677;1;208;1;1;1;11;hibernating
12849;32;6;3042;4;4;5;44;loyal_customers
12850;447;1;330;1;1;2;11;hibernating
12851;98;2;281;3;2;1;32;about_to_sleep
12852;296;1;312;2;1;2;21;hibernating
12853;136;11;3908;3;5;5;35;loyal_customers
12854;80;7;2971;3;4;5;34;loyal_customers
12855;374;4;613;2;3;3;23;at_Risk
12856;9;6;2171;5;4;4;54;champions
12857;212;6;3688;2;4;5;24;at_Risk
12858;384;1;147;2;1;1;21;hibernating
12859;460;1;575;1;1;2;11;hibernating
12860;694;1;54;1;1;1;11;hibernating
12861;621;1;68;1;1;1;11;hibernating
12862;427;2;985;1;2;3;12;hibernating
12863;53;6;2793;4;4;4;44;loyal_customers
12864;139;2;300;3;2;2;32;about_to_sleep
12865;27;4;3323;4;3;5;43;potential_loyalists
12866;284;3;1227;2;3;4;23;at_Risk
12867;27;13;7829;4;5;5;45;loyal_customers
12868;187;8;2044;3;4;4;34;loyal_customers
12869;683;1;338;1;1;2;11;hibernating
12870;376;3;1677;2;3;4;23;at_Risk
12871;85;3;744;3;3;3;33;need_attention
12872;328;12;3284;2;5;5;25;cant_loose
12873;283;3;2027;2;3;4;23;at_Risk
12874;386;2;948;2;2;3;22;hibernating
12875;144;5;1357;3;4;4;34;loyal_customers
12876;59;4;4082;4;3;5;43;potential_loyalists
12877;5;20;2942;5;5;5;55;champions
12878;237;2;855;2;2;3;22;hibernating
12879;46;3;573;4;3;2;43;potential_loyalists
12880;383;2;640;2;2;3;22;hibernating
12881;277;1;298;2;1;2;21;hibernating
12882;10;2;1463;5;2;4;52;potential_loyalists
12883;26;4;703;4;3;3;43;potential_loyalists
12884;89;1;309;3;1;2;31;about_to_sleep
12885;64;3;1175;3;3;3;33;need_attention
12886;69;2;1378;3;2;4;32;about_to_sleep
12887;385;1;222;2;1;1;21;hibernating
12888;215;2;354;2;2;2;22;hibernating
12889;382;4;385;2;3;2;23;at_Risk
12890;25;2;706;4;2;3;42;potential_loyalists
12891;187;11;841;3;5;3;35;loyal_customers
12892;398;1;263;2;1;1;21;hibernating
12893;32;1;177;4;1;1;41;promising
12894;576;1;157;1;1;1;11;hibernating
12895;43;2;373;4;2;2;42;potential_loyalists
12897;206;4;514;2;3;2;23;at_Risk
12898;465;2;296;1;2;2;12;hibernating
12899;415;1;366;1;1;2;11;hibernating
12900;423;1;340;1;1;2;11;hibernating
12901;10;28;17655;5;5;5;55;champions
12902;266;1;139;2;1;1;21;hibernating
12903;430;1;834;1;1;3;11;hibernating
12904;19;2;496;5;2;2;52;potential_loyalists
12905;578;2;1018;1;2;3;12;hibernating
12906;13;5;2920;5;4;5;54;champions
12907;397;2;509;2;2;2;22;hibernating
12908;177;5;1776;3;4;4;34;loyal_customers
12909;41;8;3088;4;4;5;44;loyal_customers
12910;24;13;5797;4;5;5;45;loyal_customers
12911;553;1;1652;1;1;4;11;hibernating
12912;4;5;1662;5;4;4;54;champions
12913;6;13;6283;5;5;5;55;champions
12914;402;1;224;2;1;1;21;hibernating
12915;150;4;975;3;3;3;33;need_attention
12916;140;7;4480;3;4;5;34;loyal_customers
12917;129;6;4359;3;4;5;34;loyal_customers
12919;9;6;1335;5;4;4;54;champions
12920;18;4;487;5;3;2;53;potential_loyalists
12921;10;74;35233;5;5;5;55;champions
12922;162;1;405;3;1;2;31;about_to_sleep
12923;65;3;770;3;3;3;33;need_attention
12924;89;12;2469;3;5;4;35;loyal_customers
12925;6;3;729;5;3;3;53;potential_loyalists
12926;412;4;1524;1;3;4;13;at_Risk
12927;396;1;197;2;1;1;21;hibernating
12928;36;12;4305;4;5;5;45;loyal_customers
12929;313;1;118;2;1;1;21;hibernating
12930;79;2;416;3;2;2;32;about_to_sleep
12931;23;57;91810;4;5;5;45;loyal_customers
12932;540;8;1699;1;4;4;14;at_Risk
12933;25;8;1637;4;4;4;44;loyal_customers
12934;738;1;182;1;1;1;11;hibernating
12935;3;15;4244;5;5;5;55;champions
12936;18;4;1064;5;3;3;53;potential_loyalists
12937;16;9;3098;5;5;5;55;champions
12938;27;1;114;4;1;1;41;promising
12939;65;20;25265;3;5;5;35;loyal_customers
12940;56;2;900;4;2;3;42;potential_loyalists
12941;725;1;377;1;1;2;11;hibernating
12942;132;3;676;3;3;3;33;need_attention
12943;559;2;497;1;2;2;12;hibernating
12944;37;2;605;4;2;2;42;potential_loyalists
12945;289;2;900;2;2;3;22;hibernating
12946;438;1;324;1;1;2;11;hibernating
12947;145;6;1604;3;4;4;34;loyal_customers
12948;17;9;2317;5;5;4;55;champions
12949;32;22;15527;4;5;5;45;loyal_customers
12950;3;3;1843;5;3;4;53;potential_loyalists
12951;10;15;3214;5;5;5;55;champions
12952;7;4;1388;5;3;4;53;potential_loyalists
12953;11;2;829;5;2;3;52;potential_loyalists
12954;640;1;162;1;1;1;11;hibernating
12955;2;11;4757;5;5;5;55;champions
12956;307;4;522;2;3;2;23;at_Risk
12957;11;13;8707;5;5;5;55;champions
12958;401;2;467;2;2;2;22;hibernating
12959;485;1;151;1;1;1;11;hibernating
12960;415;4;1322;1;3;4;13;at_Risk
12961;380;1;212;2;1;1;21;hibernating
12962;8;2;266;5;2;1;52;potential_loyalists
12963;9;12;3236;5;5;5;55;champions
12964;438;1;132;1;1;1;11;hibernating
12965;90;1;770;3;1;3;31;about_to_sleep
12966;11;1;160;5;1;1;51;new_customers
12967;359;3;2939;2;3;5;23;at_Risk
12968;113;1;136;3;1;1;31;about_to_sleep
12969;604;1;122;1;1;1;11;hibernating
12970;8;10;1454;5;5;4;55;champions
12971;5;116;15705;5;5;5;55;champions
12972;415;4;1161;1;3;3;13;at_Risk
12973;415;1;386;1;1;2;11;hibernating
12974;199;2;409;2;2;2;22;hibernating
12975;438;6;2100;1;4;4;14;at_Risk
12976;213;8;3156;2;4;5;24;at_Risk
12977;157;4;514;3;3;2;33;need_attention
12978;386;5;2503;2;4;4;24;at_Risk
12979;730;1;518;1;1;2;11;hibernating
12980;159;21;16246;3;5;5;35;loyal_customers
12981;31;2;372;4;2;2;42;potential_loyalists
12982;244;8;2745;2;4;4;24;at_Risk
12983;599;1;490;1;1;2;11;hibernating
12984;20;1;98;5;1;1;51;new_customers
12985;2;2;1239;5;2;4;52;potential_loyalists
12986;430;10;2730;1;5;4;15;cant_loose
12987;75;5;1312;3;4;4;34;loyal_customers
12988;293;1;506;2;1;2;21;hibernating
12989;4;33;13552;5;5;5;55;champions
12990;32;7;956;4;4;3;44;loyal_customers
12991;24;3;765;4;3;3;43;potential_loyalists
12992;726;1;93;1;1;1;11;hibernating
12993;24;8;1260;4;4;4;44;loyal_customers
12994;5;3;974;5;3;3;53;potential_loyalists
12995;86;1;211;3;1;1;31;about_to_sleep
12996;377;1;356;2;1;2;21;hibernating
12997;23;8;2111;4;4;4;44;loyal_customers
12998;494;3;920;1;3;3;13;at_Risk
12999;197;3;456;2;3;2;23;at_Risk
13000;108;4;1033;3;3;3;33;need_attention
13001;5;33;24043;5;5;5;55;champions
13002;319;3;414;2;3;2;23;at_Risk
13003;107;3;149;3;3;1;33;need_attention
13004;13;36;11651;5;5;5;55;champions
13005;175;4;1000;3;3;3;33;need_attention
13006;57;1;82;4;1;1;41;promising
13007;581;1;175;1;1;1;11;hibernating
13008;324;3;612;2;3;3;23;at_Risk
13009;674;1;234;1;1;1;11;hibernating
13010;375;2;330;2;2;2;22;hibernating
13011;373;1;51;2;1;1;21;hibernating
13012;10;11;2958;5;5;5;55;champions
13013;2;29;11097;5;5;5;55;champions
13014;12;11;5381;5;5;5;55;champions
13015;54;11;6580;4;5;5;45;loyal_customers
13016;74;3;790;3;3;3;33;need_attention
13017;8;1;204;5;1;1;51;new_customers
13018;17;35;9763;5;5;5;55;champions
13019;380;6;1230;2;4;4;24;at_Risk
13020;564;2;619;1;2;3;12;hibernating
13021;5;17;4887;5;5;5;55;champions
13022;431;1;65;1;1;1;11;hibernating
13023;65;3;1449;3;3;4;33;need_attention
13024;472;2;556;1;2;2;12;hibernating
13025;733;1;323;1;1;2;11;hibernating
13026;2;9;1733;5;5;4;55;champions
13027;115;19;17239;3;5;5;35;loyal_customers
13028;24;2;661;4;2;3;42;potential_loyalists
13029;32;5;1927;4;4;4;44;loyal_customers
13030;12;2;752;5;2;3;52;potential_loyalists
13031;408;5;3293;2;4;5;24;at_Risk
13032;53;9;2816;4;5;4;45;loyal_customers
13033;358;2;221;2;2;1;22;hibernating
13034;56;3;757;4;3;3;43;potential_loyalists
13035;75;3;1364;3;3;4;33;need_attention
13036;686;1;307;1;1;2;11;hibernating
13037;139;12;3915;3;5;5;35;loyal_customers
13038;81;3;908;3;3;3;33;need_attention
13039;585;4;1011;1;3;3;13;at_Risk
13040;10;2;677;5;2;3;52;potential_loyalists
13041;452;4;799;1;3;3;13;at_Risk
13042;599;3;1489;1;3;4;13;at_Risk
13043;274;1;516;2;1;2;21;hibernating
13044;292;11;4848;2;5;5;25;cant_loose
13045;100;3;809;3;3;3;33;need_attention
13046;32;3;949;4;3;3;43;potential_loyalists
13047;33;24;8429;4;5;5;45;loyal_customers
13048;15;9;4049;5;5;5;55;champions
13049;65;4;1408;3;3;4;33;need_attention
13050;16;35;11987;5;5;5;55;champions
13051;580;2;156;1;2;1;12;hibernating
13052;213;7;3119;2;4;5;24;at_Risk
13053;623;1;128;1;1;1;11;hibernating
13055;79;4;2321;3;3;4;33;need_attention
13056;552;1;209;1;1;1;11;hibernating
13057;531;3;710;1;3;3;13;at_Risk
13058;26;3;271;4;3;1;43;potential_loyalists
13059;251;10;2292;2;5;4;25;cant_loose
13060;255;1;308;2;1;2;21;hibernating
13061;73;1;249;3;1;1;31;about_to_sleep
13062;192;1;347;2;1;2;21;hibernating
13063;482;1;188;1;1;1;11;hibernating
13064;14;6;1667;5;4;4;54;champions
13065;374;5;1055;2;4;3;24;at_Risk
13066;25;2;471;4;2;2;42;potential_loyalists
13067;83;3;509;3;3;2;33;need_attention
13068;11;2;344;5;2;2;52;potential_loyalists
13069;2;38;9284;5;5;5;55;champions
13070;193;4;752;2;3;3;23;at_Risk
13071;613;1;129;1;1;1;11;hibernating
13072;268;1;177;2;1;1;21;hibernating
13073;412;2;418;1;2;2;12;hibernating
13074;512;4;1379;1;3;4;13;at_Risk
13075;131;1;920;3;1;3;31;about_to_sleep
13076;459;1;135;1;1;1;11;hibernating
13077;2;11;2741;5;5;4;55;champions
13078;4;57;29018;5;5;5;55;champions
13079;5;6;419;5;4;2;54;champions
13080;180;4;281;3;3;1;33;need_attention
13081;13;28;56838;5;5;5;55;champions
13082;127;21;7336;3;5;5;35;loyal_customers
13083;5;3;395;5;3;2;53;potential_loyalists
13084;493;1;122;1;1;1;11;hibernating
13085;159;8;2433;3;4;4;34;loyal_customers
13086;384;1;439;2;1;2;21;hibernating
13087;727;1;314;1;1;2;11;hibernating
13088;418;1;236;1;1;1;11;hibernating
13089;4;203;113417;5;5;5;55;champions
13090;10;24;13092;5;5;5;55;champions
13091;29;2;1109;4;2;3;42;potential_loyalists
13092;72;12;2140;3;5;4;35;loyal_customers
13093;277;55;54144;2;5;5;25;cant_loose
13094;22;13;2209;4;5;4;45;loyal_customers
13095;72;1;74;3;1;1;31;about_to_sleep
13096;395;1;420;2;1;2;21;hibernating
13097;34;28;13324;4;5;5;45;loyal_customers
13098;2;28;28882;5;5;5;55;champions
13099;100;1;207;3;1;1;31;about_to_sleep
13101;235;4;695;2;3;3;23;at_Risk
13102;2;37;11380;5;5;5;55;champions
13103;41;3;710;4;3;3;43;potential_loyalists
13104;4;9;1709;5;5;4;55;champions
13105;437;1;72;1;1;1;11;hibernating
13106;134;2;603;3;2;2;32;about_to_sleep
13107;45;9;5253;4;5;5;45;loyal_customers
13108;374;2;748;2;2;3;22;hibernating
13109;61;3;1134;3;3;3;33;need_attention
13110;32;12;2957;4;5;5;45;loyal_customers
13111;720;1;322;1;1;2;11;hibernating
13112;542;1;20,06,2026;1;1;1;11;hibernating
13113;2;37;18230;5;5;5;55;champions
13114;732;1;234;1;1;1;11;hibernating
13115;13;10;5495;5;5;5;55;champions
13116;139;1;501;3;1;2;31;about_to_sleep
13117;23;18;2256;4;5;4;45;loyal_customers
13118;21;9;2415;4;5;4;45;loyal_customers
13119;670;1;135;1;1;1;11;hibernating
13120;240;1;30,06,2026;2;1;1;21;hibernating
13121;270;1;284;2;1;1;21;hibernating
13122;95;2;922;3;2;3;32;about_to_sleep
13123;474;2;507;1;2;2;12;hibernating
13124;91;4;4642;3;3;5;33;need_attention
13125;525;1;149;1;1;1;11;hibernating
13126;6;13;3775;5;5;5;55;champions
13127;79;1;259;3;1;1;31;about_to_sleep
13128;632;1;264;1;1;1;11;hibernating
13129;453;2;233;1;2;1;12;hibernating
13130;95;1;64;3;1;1;31;about_to_sleep
13131;24;7;3314;4;4;5;44;loyal_customers
13132;263;1;77;2;1;1;21;hibernating
13133;275;3;200;2;3;1;23;at_Risk
13134;87;6;2475;3;4;4;34;loyal_customers
13135;198;2;3371;2;2;5;22;hibernating
13136;57;13;6275;4;5;5;45;loyal_customers
13137;12;16;7587;5;5;5;55;champions
13138;23;7;1274;4;4;4;44;loyal_customers
13139;17;8;8203;5;4;5;54;champions
13140;109;5;1055;3;4;3;34;loyal_customers
13141;86;17;7656;3;5;5;35;loyal_customers
13142;20;1;307;5;1;2;51;new_customers
13143;586;1;405;1;1;2;11;hibernating
13144;334;2;135;2;2;1;22;hibernating
13145;41;7;1129;4;4;3;44;loyal_customers
13146;27;1;229;4;1;1;41;promising
13147;11;4;713;5;3;3;53;potential_loyalists
13148;30;26;8498;4;5;5;45;loyal_customers
13149;15;4;1676;5;3;4;53;potential_loyalists
13150;485;3;450;1;3;2;13;at_Risk
13151;297;3;2465;2;3;4;23;at_Risk
13152;418;7;2146;1;4;4;14;at_Risk
13153;7;1;486;5;1;2;51;new_customers
13154;400;3;1625;2;3;4;23;at_Risk
13155;34;6;1370;4;4;4;44;loyal_customers
13156;386;3;1587;2;3;4;23;at_Risk
13157;50;9;5687;4;5;5;45;loyal_customers
13158;96;5;1508;3;4;4;34;loyal_customers
13159;10;4;1429;5;3;4;53;potential_loyalists
13160;23;1;92;4;1;1;41;promising
13161;314;2;472;2;2;2;22;hibernating
13162;123;16;9275;3;5;5;35;loyal_customers
13163;611;1;18;1;1;1;11;hibernating
13164;570;2;372;1;2;2;12;hibernating
13165;47;3;1451;4;3;4;43;potential_loyalists
13166;284;2;876;2;2;3;22;hibernating
13167;20;5;1125;5;4;3;54;champions
13168;37;5;1841;4;4;4;44;loyal_customers
13169;65;3;840;3;3;3;33;need_attention
13170;28;1;109;4;1;1;41;promising
13171;23;3;468;4;3;2;43;potential_loyalists
13172;401;1;70;2;1;1;21;hibernating
13173;5;11;2400;5;5;4;55;champions
13174;17;12;7995;5;5;5;55;champions
13175;583;2;831;1;2;3;12;hibernating
13176;47;1;481;4;1;2;41;promising
13177;66;2;512;3;2;2;32;about_to_sleep
13178;27;21;14059;4;5;5;45;loyal_customers
13179;620;1;572;1;1;2;11;hibernating
13180;608;1;86;1;1;1;11;hibernating
13181;382;1;360;2;1;2;21;hibernating
13182;46;1;121;4;1;1;41;promising
13183;9;15;7036;5;5;5;55;champions
13184;16;10;1669;5;5;4;55;champions
13185;269;1;71;2;1;1;21;hibernating
13186;41;3;1576;4;3;4;43;potential_loyalists
13187;338;4;341;2;3;2;23;at_Risk
13188;12;1;115;5;1;1;51;new_customers
13189;20;2;261;5;2;1;52;potential_loyalists
13190;545;3;571;1;3;2;13;at_Risk
13191;659;1;165;1;1;1;11;hibernating
13192;96;6;2559;3;4;4;34;loyal_customers
13193;62;1;112;3;1;1;31;about_to_sleep
13194;137;2;473;3;2;2;32;about_to_sleep
13195;415;1;137;1;1;1;11;hibernating
13196;12;7;3069;5;4;5;54;champions
13197;611;1;373;1;1;2;11;hibernating
13198;11;8;4974;5;4;5;54;champions
13199;5;67;15964;5;5;5;55;champions
13200;20;4;870;5;3;3;53;potential_loyalists
13201;503;4;1233;1;3;4;13;at_Risk
13202;395;7;1580;2;4;4;24;at_Risk
13203;11;10;2648;5;5;4;55;champions
13204;732;1;967;1;1;3;11;hibernating
13205;444;1;2803;1;1;4;11;hibernating
13206;401;13;8308;2;5;5;25;cant_loose
13207;16;4;536;5;3;2;53;potential_loyalists
13208;60;9;1976;4;5;4;45;loyal_customers
13209;31;13;8510;4;5;5;45;loyal_customers
13210;95;1;353;3;1;2;31;about_to_sleep
13211;11;10;2619;5;5;4;55;champions
13212;21;3;787;4;3;3;43;potential_loyalists
13213;58;11;3852;4;5;5;45;loyal_customers
13214;419;7;3264;1;4;5;14;at_Risk
13215;403;1;82;2;1;1;21;hibernating
13216;269;1;334;2;1;2;21;hibernating
13217;123;4;666;3;3;3;33;need_attention
13218;128;1;63;3;1;1;31;about_to_sleep
13219;619;1;76;1;1;1;11;hibernating
13220;79;5;1336;3;4;4;34;loyal_customers
13221;241;2;847;2;2;3;22;hibernating
13222;578;1;89;1;1;1;11;hibernating
13223;201;6;969;2;4;3;24;at_Risk
13224;61;2;2156;3;2;4;32;about_to_sleep
13225;4;16;16260;5;5;5;55;champions
13226;274;2;312;2;2;2;22;hibernating
13227;203;1;258;2;1;1;21;hibernating
13228;82;1;358;3;1;2;31;about_to_sleep
13229;227;1;161;2;1;1;21;hibernating
13230;5;30;6120;5;5;5;55;champions
13232;14;7;1328;5;4;4;54;champions
13233;75;4;1176;3;3;3;33;need_attention
13234;674;2;347;1;2;2;12;hibernating
13235;213;1;1031;2;1;3;21;hibernating
13236;26;2;745;4;2;3;42;potential_loyalists
13237;389;1;643;2;1;3;21;hibernating
13238;18;6;1007;5;4;3;54;champions
13239;263;5;1595;2;4;4;24;at_Risk
13240;97;8;1476;3;4;4;34;loyal_customers
13241;413;1;113;1;1;1;11;hibernating
13242;113;7;699;3;4;3;34;loyal_customers
13243;204;5;1220;2;4;4;24;at_Risk
13244;94;1;122;3;1;1;31;about_to_sleep
13245;52;2;989;4;2;3;42;potential_loyalists
13246;19;11;3352;5;5;5;55;champions
13247;19;4;501;5;3;2;53;potential_loyalists
13248;126;2;466;3;2;2;32;about_to_sleep
13249;93;9;1609;3;5;4;35;loyal_customers
13250;462;2;253;1;2;1;12;hibernating
13251;403;1;253;2;1;1;21;hibernating
13252;395;2;399;2;2;2;22;hibernating
13253;158;4;2951;3;3;5;33;need_attention
13254;377;1;51;2;1;1;21;hibernating
13255;10;3;679;5;3;3;53;potential_loyalists
13257;437;1;150;1;1;1;11;hibernating
13258;13;5;1009;5;4;3;54;champions
13259;63;9;1403;3;5;4;35;loyal_customers
13260;62;1;558;3;1;2;31;about_to_sleep
13261;270;2;944;2;2;3;22;hibernating
13262;264;3;573;2;3;2;23;at_Risk
13263;2;39;8676;5;5;5;55;champions
13264;444;1;723;1;1;3;11;hibernating
13265;54;5;2093;4;4;4;44;loyal_customers
13266;12;19;6135;5;5;5;55;champions
13267;4;36;9430;5;5;5;55;champions
13268;19;11;3175;5;5;5;55;champions
13269;2;28;8537;5;5;5;55;champions
13270;367;1;590;2;1;2;21;hibernating
13271;38;1;211;4;1;1;41;promising
13272;32;2;277;4;2;1;42;potential_loyalists
13273;114;1;139;3;1;1;31;about_to_sleep
13274;410;1;361;2;1;2;21;hibernating
13275;385;2;239;2;2;1;22;hibernating
13276;65;5;1892;3;4;4;34;loyal_customers
13277;17;7;523;5;4;2;54;champions
13278;42;4;1436;4;3;4;43;potential_loyalists
13279;79;1;138;3;1;1;31;about_to_sleep
13280;123;7;2293;3;4;4;34;loyal_customers
13281;440;1;351;1;1;2;11;hibernating
13282;19;4;1313;5;3;4;53;potential_loyalists
13283;61;4;373;3;3;2;33;need_attention
13284;332;1;201;2;1;1;21;hibernating
13285;24;6;3365;4;4;5;44;loyal_customers
13286;601;1;735;1;1;3;11;hibernating
13287;604;3;782;1;3;3;13;at_Risk
13288;444;5;928;1;4;3;14;at_Risk
13289;725;1;308;1;1;2;11;hibernating
13290;439;1;209;1;1;1;11;hibernating
13291;157;11;3271;3;5;5;35;loyal_customers
13292;40;5;995;4;4;3;44;loyal_customers
13293;393;6;1193;2;4;3;24;at_Risk
13294;191;3;1690;2;3;4;23;at_Risk
13295;361;4;1102;2;3;3;23;at_Risk
13296;138;6;793;3;4;3;34;loyal_customers
13297;9;7;4369;5;4;5;54;champions
13298;2;1;360;5;1;2;51;new_customers
13299;269;3;1219;2;3;4;23;at_Risk
13300;170;3;1286;3;3;4;33;need_attention
13301;105;4;618;3;3;3;33;need_attention
13302;156;2;159;3;2;1;32;about_to_sleep
13303;401;1;62;2;1;1;21;hibernating
13304;352;4;1218;2;3;4;23;at_Risk
13305;5;16;3616;5;5;5;55;champions
13306;431;1;54;1;1;1;11;hibernating
13307;121;3;273;3;3;1;33;need_attention
13308;24;4;1670;4;3;4;43;potential_loyalists
13309;8;6;1706;5;4;4;54;champions
13310;29;5;1541;4;4;4;44;loyal_customers
13311;5;2;599;5;2;2;52;potential_loyalists
13312;452;1;125;1;1;1;11;hibernating
13313;23;12;3445;4;5;5;45;loyal_customers
13314;3;3;776;5;3;3;53;potential_loyalists
13315;690;1;310;1;1;2;11;hibernating
13316;38;10;12941;4;5;5;45;loyal_customers
13317;67;19;6486;3;5;5;35;loyal_customers
13318;2;3;641;5;3;3;53;potential_loyalists
13319;6;58;21323;5;5;5;55;champions
13320;79;6;2212;3;4;4;34;loyal_customers
13321;73;2;567;3;2;2;32;about_to_sleep
13322;18;1;199;5;1;1;51;new_customers
13323;4;5;788;5;4;3;54;champions
13324;37;18;10513;4;5;5;45;loyal_customers
13325;83;1;675;3;1;3;31;about_to_sleep
13326;433;1;282;1;1;1;11;hibernating
13327;40;20;9134;4;5;5;45;loyal_customers
13328;317;1;1308;2;1;4;21;hibernating
13329;33;8;4809;4;4;5;44;loyal_customers
13330;94;6;2796;3;4;4;34;loyal_customers
13331;403;1;262;2;1;1;21;hibernating
13332;15;1;351;5;1;2;51;new_customers
13333;412;3;1016;1;3;3;13;at_Risk
13334;83;5;6202;3;4;5;34;loyal_customers
13336;78;1;795;3;1;3;31;about_to_sleep
13337;547;1;1575;1;1;4;11;hibernating
13338;159;4;2446;3;3;4;33;need_attention
13339;202;1;860;2;1;3;21;hibernating
13340;46;12;22101;4;5;5;45;loyal_customers
13341;262;1;776;2;1;3;21;hibernating
13343;179;1;353;3;1;2;31;about_to_sleep
13344;69;3;2512;3;3;4;33;need_attention
13345;289;1;390;2;1;2;21;hibernating
13346;464;6;299;1;4;2;14;at_Risk
13347;71;1;341;3;1;2;31;about_to_sleep
13348;65;1;234;3;1;1;31;about_to_sleep
13349;12;1;247;5;1;1;51;new_customers
13350;17;2;979;5;2;3;52;potential_loyalists
13351;67;1;374;3;1;2;31;about_to_sleep
13352;61;1;398;3;1;2;31;about_to_sleep
13354;72;1;744;3;1;3;31;about_to_sleep
13355;123;1;675;3;1;3;31;about_to_sleep
13356;81;1;768;3;1;3;31;about_to_sleep
13357;258;5;3806;2;4;5;24;at_Risk
13358;270;1;439;2;1;2;21;hibernating
13359;65;2;1043;3;2;3;32;about_to_sleep
13360;433;4;1554;1;3;4;13;at_Risk
13361;473;2;1451;1;2;4;12;hibernating
13362;10;7;5394;5;4;5;54;champions
13363;19;3;1724;5;3;4;53;potential_loyalists
13364;72;1;135;3;1;1;31;about_to_sleep
13365;35;2;2225;4;2;4;42;potential_loyalists
13366;51;1;56;4;1;1;41;promising
13367;433;1;510;1;1;2;11;hibernating
13368;258;4;1122;2;3;3;23;at_Risk
13369;367;1;308;2;1;2;21;hibernating
13370;373;1;755;2;1;3;21;hibernating
13371;506;2;2298;1;2;4;12;hibernating
13372;91;1;379;3;1;2;31;about_to_sleep
13373;62;6;7587;3;4;5;34;loyal_customers
13374;416;2;423;1;2;2;12;hibernating
13375;90;2;1792;3;2;4;32;about_to_sleep
13376;100;3;1020;3;3;3;33;need_attention
13377;398;2;1553;2;2;4;22;hibernating
13379;27;3;573;4;3;2;43;potential_loyalists
13380;434;1;62;1;1;1;11;hibernating
13381;33;12;8224;4;5;5;45;loyal_customers
13382;282;5;1388;2;4;4;24;at_Risk
13383;545;1;305;1;1;2;11;hibernating
13384;32;11;6681;4;5;5;45;loyal_customers
13385;331;1;535;2;1;2;21;hibernating
13386;415;2;835;1;2;3;12;hibernating
13387;418;1;187;1;1;1;11;hibernating
13388;132;3;1186;3;3;3;33;need_attention
13389;12;3;798;5;3;3;53;potential_loyalists
13390;76;1;544;3;1;2;31;about_to_sleep
13391;205;1;60;2;1;1;21;hibernating
13392;678;1;91;1;1;1;11;hibernating
13393;585;4;1131;1;3;3;13;at_Risk
13394;3;19;6622;5;5;5;55;champions
13395;186;3;1180;3;3;3;33;need_attention
13396;30;2;1361;4;2;4;42;potential_loyalists
13397;74;10;3192;3;5;5;35;loyal_customers
13398;193;2;670;2;2;3;22;hibernating
13399;465;3;275;1;3;1;13;at_Risk
13400;584;1;311;1;1;2;11;hibernating
13402;128;4;1227;3;3;4;33;need_attention
13403;19;3;230;5;3;1;53;potential_loyalists
13404;2;2;252;5;2;1;52;potential_loyalists
13405;75;6;1214;3;4;3;34;loyal_customers
13406;428;2;569;1;2;2;12;hibernating
13407;580;3;2245;1;3;4;13;at_Risk
13408;3;106;50175;5;5;5;55;champions
13410;25;9;2202;4;5;4;45;loyal_customers
13411;108;1;214;3;1;1;31;about_to_sleep
13412;621;1;487;1;1;2;11;hibernating
13413;641;6;429;1;4;2;14;at_Risk
13414;135;6;2494;3;4;4;34;loyal_customers
13415;474;4;784;1;3;3;13;at_Risk
13416;45;3;941;4;3;3;43;potential_loyalists
13417;6;6;1669;5;4;4;54;champions
13418;13;31;11560;5;5;5;55;champions
13419;65;1;221;3;1;1;31;about_to_sleep
13420;151;2;160;3;2;1;32;about_to_sleep
13421;41;8;4059;4;4;5;44;loyal_customers
13422;65;1;2626;3;1;4;31;about_to_sleep
13423;430;1;217;1;1;1;11;hibernating
13424;451;1;573;1;1;2;11;hibernating
13425;109;5;3390;3;4;5;34;loyal_customers
13426;2;22;8167;5;5;5;55;champions
13427;20;6;1007;5;4;3;54;champions
13428;11;3;479;5;3;2;53;potential_loyalists
13429;12;4;1007;5;3;3;53;potential_loyalists
13430;20;2;679;5;2;3;52;potential_loyalists
13431;68;8;3316;3;4;5;34;loyal_customers
13432;572;2;439;1;2;2;12;hibernating
13433;502;4;658;1;3;3;13;at_Risk
13434;75;5;1667;3;4;4;34;loyal_customers
13435;6;9;4447;5;5;5;55;champions
13436;3;1;197;5;1;1;51;new_customers
13437;15;7;3408;5;4;5;54;champions
13438;548;1;47;1;1;1;11;hibernating
13439;256;3;987;2;3;3;23;at_Risk
13440;424;7;1295;1;4;4;14;at_Risk
13441;93;2;721;3;2;3;32;about_to_sleep
13442;668;3;420;1;3;2;13;at_Risk
13443;450;6;1273;1;4;4;14;at_Risk
13444;375;2;619;2;2;3;22;hibernating
13445;627;1;242;1;1;1;11;hibernating
13446;431;11;3882;1;5;5;15;cant_loose
13447;24;3;1129;4;3;3;43;potential_loyalists
13448;18;13;8746;5;5;5;55;champions
13449;25;1;292;4;1;2;41;promising
13450;28;13;4120;4;5;5;45;loyal_customers
13451;27;11;7090;4;5;5;45;loyal_customers
13452;260;3;730;2;3;3;23;at_Risk
13453;167;3;782;3;3;3;33;need_attention
13454;642;1;220;1;1;1;11;hibernating
13455;26;6;2213;4;4;4;44;loyal_customers
13456;19;6;1767;5;4;4;54;champions
13457;690;2;148;1;2;1;12;hibernating
13458;8;16;11959;5;5;5;55;champions
13459;626;2;1160;1;2;3;12;hibernating
13460;30;2;183;4;2;1;42;potential_loyalists
13461;40;6;4160;4;4;5;44;loyal_customers
13462;254;5;1154;2;4;3;24;at_Risk
13464;59;6;3098;4;4;5;44;loyal_customers
13465;447;2;931;1;2;3;12;hibernating
13466;185;5;1013;3;4;3;34;loyal_customers
13467;12;2;1072;5;2;3;52;potential_loyalists
13468;3;72;12793;5;5;5;55;champions
13469;654;1;82;1;1;1;11;hibernating
13470;100;2;165;3;2;1;32;about_to_sleep
13471;2;4;2502;5;3;4;53;potential_loyalists
13472;465;2;592;1;2;2;12;hibernating
13473;62;8;2658;3;4;4;34;loyal_customers
13474;237;3;647;2;3;3;23;at_Risk
13475;192;4;1432;2;3;4;23;at_Risk
13476;180;5;2061;3;4;4;34;loyal_customers
13477;39;11;2819;4;5;4;45;loyal_customers
13478;470;5;2216;1;4;4;14;at_Risk
13479;202;4;851;2;3;3;23;at_Risk
13480;418;2;628;1;2;3;12;hibernating
13481;47;11;3831;4;5;5;45;loyal_customers
13482;233;2;336;2;2;2;22;hibernating
13483;67;1;140;3;1;1;31;about_to_sleep
13484;242;3;791;2;3;3;23;at_Risk
13485;234;11;3019;2;5;5;25;cant_loose
13486;79;3;1122;3;3;3;33;need_attention
13487;59;5;847;4;4;3;44;loyal_customers
13488;18;23;14206;5;5;5;55;champions
13489;106;4;450;3;3;2;33;need_attention
13490;655;1;154;1;1;1;11;hibernating
13491;53;27;4468;4;5;5;45;loyal_customers
13492;137;3;1270;3;3;4;33;need_attention
13493;276;2;619;2;2;3;22;hibernating
13494;313;1;316;2;1;2;21;hibernating
13495;9;10;4863;5;5;5;55;champions
13496;12;2;653;5;2;3;52;potential_loyalists
13497;284;6;1167;2;4;3;24;at_Risk
13498;731;1;327;1;1;2;11;hibernating
13499;19;5;1159;5;4;3;54;champions
13500;24;4;1466;4;3;4;43;potential_loyalists
13501;289;3;2885;2;3;4;23;at_Risk
13502;18;5;781;5;4;3;54;champions
13503;72;6;1859;3;4;4;34;loyal_customers
13504;65;1;296;3;1;2;31;about_to_sleep
13505;74;4;4394;3;3;5;33;need_attention
13506;317;5;1338;2;4;4;24;at_Risk
13507;4;4;2479;5;3;4;53;potential_loyalists
13508;245;2;287;2;2;2;22;hibernating
13509;10;8;1115;5;4;3;54;champions
13510;2;11;4558;5;5;5;55;champions
13511;678;1;283;1;1;1;11;hibernating
13512;262;4;713;2;3;3;23;at_Risk
13513;128;3;825;3;3;3;33;need_attention
13514;75;4;816;3;3;3;33;need_attention
13515;74;6;1266;3;4;4;34;loyal_customers
13516;22;4;1685;4;3;4;43;potential_loyalists
13517;61;3;2128;3;3;4;33;need_attention
13518;87;1;627;3;1;3;31;about_to_sleep
13519;79;2;343;3;2;2;32;about_to_sleep
13520;60;11;6606;4;5;5;45;loyal_customers
13521;2;3;1072;5;3;3;53;potential_loyalists
13522;31;1;126;4;1;1;41;promising
13523;34;6;4535;4;4;5;44;loyal_customers
13524;42;5;680;4;4;3;44;loyal_customers
13525;16;2;629;5;2;3;52;potential_loyalists
13526;739;2;1182;1;2;3;12;hibernating
13527;35;12;4541;4;5;5;45;loyal_customers
13529;80;2;308;3;2;2;32;about_to_sleep
13530;635;1;403;1;1;2;11;hibernating
13531;206;6;1433;2;4;4;24;at_Risk
13532;35;1;210;4;1;1;41;promising
13533;184;3;269;3;3;1;33;need_attention
13534;3;35;7721;5;5;5;55;champions
13535;404;1;90;2;1;1;21;hibernating
13536;2;7;3444;5;4;5;54;champions
13537;427;2;718;1;2;3;12;hibernating
13538;44;12;3103;4;5;5;45;loyal_customers
13539;87;7;1569;3;4;4;34;loyal_customers
13540;468;3;632;1;3;3;13;at_Risk
13541;428;2;785;1;2;3;12;hibernating
13542;378;17;3959;2;5;5;25;cant_loose
13543;635;2;1440;1;2;4;12;hibernating
13544;41;6;790;4;4;3;44;loyal_customers
13545;392;2;365;2;2;2;22;hibernating
13546;13;5;1086;5;4;3;54;champions
13547;409;1;167;2;1;1;21;hibernating
13548;97;3;901;3;3;3;33;need_attention
13549;27;8;1006;4;4;3;44;loyal_customers
13550;384;1;343;2;1;2;21;hibernating
13551;320;2;244;2;2;1;22;hibernating
13552;67;22;6949;3;5;5;35;loyal_customers
13553;676;1;500;1;1;2;11;hibernating
13554;381;7;1629;2;4;4;24;at_Risk
13555;75;13;8892;3;5;5;35;loyal_customers
13556;430;2;201;1;2;1;12;hibernating
13557;29;13;3032;4;5;5;45;loyal_customers
13558;7;4;595;5;3;2;53;potential_loyalists
13559;514;2;990;1;2;3;12;hibernating
13560;8;1;171;5;1;1;51;new_customers
13561;217;11;1803;2;5;4;25;cant_loose
13562;83;8;4838;3;4;5;34;loyal_customers
13563;85;2;778;3;2;3;32;about_to_sleep
13564;355;36;15948;2;5;5;25;cant_loose
13565;20;3;415;5;3;2;53;potential_loyalists
13566;42;5;1689;4;4;4;44;loyal_customers
13567;429;4;1079;1;3;3;13;at_Risk
13568;174;1;187;3;1;1;31;about_to_sleep
13569;18;4;727;5;3;3;53;potential_loyalists
13570;244;1;239;2;1;1;21;hibernating
13571;14;26;4537;5;5;5;55;champions
13572;207;1;1384;2;1;4;21;hibernating
13573;51;6;905;4;4;3;44;loyal_customers
13574;412;1;404;1;1;2;11;hibernating
13575;24;5;732;4;4;3;44;loyal_customers
13576;11;28;11203;5;5;5;55;champions
13577;26;11;3489;4;5;5;45;loyal_customers
13578;410;1;148;2;1;1;21;hibernating
13579;16;5;1374;5;4;4;54;champions
13580;407;1;108;2;1;1;21;hibernating
13581;310;2;281;2;2;1;22;hibernating
13582;391;2;242;2;2;1;22;hibernating
13583;157;2;1445;3;2;4;32;about_to_sleep
13584;308;3;386;2;3;2;23;at_Risk
13585;532;3;685;1;3;3;13;at_Risk
13586;542;1;127;1;1;1;11;hibernating
13587;65;4;1674;3;3;4;33;need_attention
13588;17;9;2479;5;5;4;55;champions
13589;16;6;1121;5;4;3;54;champions
13590;12;18;6336;5;5;5;55;champions
13591;66;7;2094;3;4;4;34;loyal_customers
13592;37;4;248;4;3;1;43;potential_loyalists
13593;109;14;5493;3;5;5;35;loyal_customers
13594;54;2;533;4;2;2;42;potential_loyalists
13595;518;3;784;1;3;3;13;at_Risk
13596;7;2;664;5;2;3;52;potential_loyalists
13597;401;2;397;2;2;2;22;hibernating
13598;48;5;762;4;4;3;44;loyal_customers
13599;2;33;9811;5;5;5;55;champions
13600;313;2;518;2;2;2;22;hibernating
13601;46;4;1160;4;3;3;43;potential_loyalists
13602;66;4;1025;3;3;3;33;need_attention
13603;27;1;164;4;1;1;41;promising
13604;660;1;718;1;1;3;11;hibernating
13605;388;2;523;2;2;2;22;hibernating
13606;30;3;277;4;3;1;43;potential_loyalists
13607;41;2;1076;4;2;3;42;potential_loyalists
13608;542;1;232;1;1;1;11;hibernating
13609;594;1;167;1;1;1;11;hibernating
13610;13;14;2104;5;5;4;55;champions
13611;90;10;3298;3;5;5;35;loyal_customers
13612;634;1;818;1;1;3;11;hibernating
13613;454;5;1040;1;4;3;14;at_Risk
13614;25;6;2333;4;4;4;44;loyal_customers
13615;320;8;6273;2;4;5;24;at_Risk
13616;569;2;284;1;2;1;12;hibernating
13617;41;8;1279;4;4;4;44;loyal_customers
13618;175;1;177;3;1;1;31;about_to_sleep
13619;546;2;225;1;2;1;12;hibernating
13620;529;1;112;1;1;1;11;hibernating
13621;118;1;214;3;1;1;31;about_to_sleep
13622;697;1;659;1;1;3;11;hibernating
13623;32;10;2533;4;5;4;45;loyal_customers
13624;389;1;462;2;1;2;21;hibernating
13625;598;1;301;1;1;2;11;hibernating
13626;254;2;707;2;2;3;22;hibernating
13627;60;7;2246;4;4;4;44;loyal_customers
13628;677;1;310;1;1;2;11;hibernating
13629;24;19;13371;4;5;5;45;loyal_customers
13630;6;7;2032;5;4;4;54;champions
13631;101;11;3070;3;5;5;35;loyal_customers
13632;26;8;3646;4;4;5;44;loyal_customers
13634;34;16;5034;4;5;5;45;loyal_customers
13635;69;4;2999;3;3;5;33;need_attention
13636;38;5;949;4;4;3;44;loyal_customers
13637;53;3;804;4;3;3;43;potential_loyalists
13638;17;1;123;5;1;1;51;new_customers
13639;75;2;1346;3;2;4;32;about_to_sleep
13640;612;1;405;1;1;2;11;hibernating
13641;642;5;1016;1;4;3;14;at_Risk
13642;217;4;472;2;3;2;23;at_Risk
13643;32;10;2157;4;5;4;45;loyal_customers
13644;17;4;2624;5;3;4;53;potential_loyalists
13645;121;1;252;3;1;1;31;about_to_sleep
13646;401;2;326;2;2;2;22;hibernating
13647;11;8;3042;5;4;5;54;champions
13648;401;8;1764;2;4;4;24;at_Risk
13649;258;6;1454;2;4;4;24;at_Risk
13650;18;10;3288;5;5;5;55;champions
13651;36;3;227;4;3;1;43;potential_loyalists
13652;47;5;2262;4;4;4;44;loyal_customers
13653;489;1;152;1;1;1;11;hibernating
13654;44;11;6308;4;5;5;45;loyal_customers
13655;115;6;2281;3;4;4;34;loyal_customers
13656;166;4;1079;3;3;3;33;need_attention
13657;12;2;382;5;2;2;52;potential_loyalists
13658;11;9;6026;5;5;5;55;champions
13659;207;12;4885;2;5;5;25;cant_loose
13660;401;1;307;2;1;2;21;hibernating
13661;604;1;325;1;1;2;11;hibernating
13662;87;11;2234;3;5;4;35;loyal_customers
13663;180;5;2048;3;4;4;34;loyal_customers
13665;387;3;1712;2;3;4;23;at_Risk
13666;61;5;128;3;4;1;34;loyal_customers
13667;150;1;299;3;1;2;31;about_to_sleep
13668;4;35;12948;5;5;5;55;champions
13669;52;3;414;4;3;2;43;potential_loyalists
13670;76;1;350;3;1;2;31;about_to_sleep
13671;396;1;173;2;1;1;21;hibernating
13672;302;3;420;2;3;2;23;at_Risk
13673;20;2;387;5;2;2;52;potential_loyalists
13674;434;1;241;1;1;1;11;hibernating
13675;152;2;487;3;2;2;32;about_to_sleep
13676;540;2;244;1;2;1;12;hibernating
13677;406;2;551;2;2;2;22;hibernating
13678;153;1;233;3;1;1;31;about_to_sleep
13679;495;3;281;1;3;1;13;at_Risk
13680;2;12;11420;5;5;5;55;champions
13681;19;4;828;5;3;3;53;potential_loyalists
13682;188;1;60;3;1;1;31;about_to_sleep
13683;459;1;259;1;1;1;11;hibernating
13684;287;4;595;2;3;2;23;at_Risk
13685;4;7;3119;5;4;5;54;champions
13686;184;3;409;3;3;2;33;need_attention
13687;439;1;11881;1;1;5;11;hibernating
13688;636;1;376;1;1;2;11;hibernating
13689;64;2;1260;3;2;4;32;about_to_sleep
13690;60;1;172;4;1;1;41;promising
13691;397;1;213;2;1;1;21;hibernating
13692;26;5;3114;4;4;5;44;loyal_customers
13693;375;9;2012;2;5;4;25;cant_loose
13694;5;143;195641;5;5;5;55;champions
13695;32;16;2771;4;5;4;45;loyal_customers
13696;423;3;2020;1;3;4;13;at_Risk
13697;40;1;151;4;1;1;41;promising
13698;598;2;452;1;2;2;12;hibernating
13699;156;2;764;3;2;3;32;about_to_sleep
13700;27;13;2597;4;5;4;45;loyal_customers
13701;448;1;161;1;1;1;11;hibernating
13702;447;1;135;1;1;1;11;hibernating
13703;319;2;426;2;2;2;22;hibernating
13704;6;9;2308;5;5;4;55;champions
13705;9;7;1717;5;4;4;54;champions
13706;304;2;631;2;2;3;22;hibernating
13707;268;5;3366;2;4;5;24;at_Risk
13708;272;1;285;2;1;2;21;hibernating
13709;5;18;7571;5;5;5;55;champions
13710;33;3;510;4;3;2;43;potential_loyalists
13711;220;9;1792;2;5;4;25;cant_loose
13712;248;2;766;2;2;3;22;hibernating
13713;409;3;741;2;3;3;23;at_Risk
13714;466;1;161;1;1;1;11;hibernating
13715;282;17;8153;2;5;5;25;cant_loose
13716;270;1;138;2;1;1;21;hibernating
13717;33;8;1763;4;4;4;44;loyal_customers
13718;247;2;307;2;2;2;22;hibernating
13719;16;11;2783;5;5;4;55;champions
13720;118;4;800;3;3;3;33;need_attention
13721;37;2;742;4;2;3;42;potential_loyalists
13722;133;10;5635;3;5;5;35;loyal_customers
13723;218;6;1194;2;4;3;24;at_Risk
13724;638;1;213;1;1;1;11;hibernating
13725;51;8;1981;4;4;4;44;loyal_customers
13726;40;2;1080;4;2;3;42;potential_loyalists
13727;30;8;1074;4;4;3;44;loyal_customers
13728;38;16;2855;4;5;4;45;loyal_customers
13729;437;3;725;1;3;3;13;at_Risk
13730;137;2;753;3;2;3;32;about_to_sleep
13731;220;2;611;2;2;3;22;hibernating
13732;29;1;492;4;1;2;41;promising
13733;412;2;487;1;2;2;12;hibernating
13734;510;4;6696;1;3;5;13;at_Risk
13735;26;13;9763;4;5;5;45;loyal_customers
13736;6;7;2752;5;4;4;54;champions
13737;201;1;340;2;1;2;21;hibernating
13738;397;1;435;2;1;2;21;hibernating
13739;19;2;292;5;2;2;52;potential_loyalists
13740;242;5;1583;2;4;4;24;at_Risk
13741;73;3;668;3;3;3;33;need_attention
13742;18;12;3108;5;5;5;55;champions
13743;4;7;1342;5;4;4;54;champions
13744;96;2;1081;3;2;3;32;about_to_sleep
13745;163;2;777;3;2;3;32;about_to_sleep
13746;415;1;177;1;1;1;11;hibernating
13747;375;2;170;2;2;1;22;hibernating
13748;97;9;2064;3;5;4;35;loyal_customers
13750;55;11;3602;4;5;5;45;loyal_customers
13751;289;1;296;2;1;2;21;hibernating
13752;125;7;1580;3;4;4;34;loyal_customers
13753;289;4;2095;2;3;4;23;at_Risk
13754;153;3;447;3;3;2;33;need_attention
13755;5;9;2108;5;5;4;55;champions
13756;3;23;8656;5;5;5;55;champions
13757;676;1;196;1;1;1;11;hibernating
13758;13;15;8698;5;5;5;55;champions
13759;34;2;659;4;2;3;42;potential_loyalists
13760;55;5;1364;4;4;4;44;loyal_customers
13761;51;6;1952;4;4;4;44;loyal_customers
13762;220;5;2472;2;4;4;24;at_Risk
13763;64;3;5217;3;3;5;33;need_attention
13764;72;6;2920;3;4;5;34;loyal_customers
13765;654;1;353;1;1;2;11;hibernating
13766;496;1;190;1;1;1;11;hibernating
13767;3;73;33904;5;5;5;55;champions
13768;728;2;876;1;2;3;12;hibernating
13769;3;20;5478;5;5;5;55;champions
13770;423;4;785;1;3;3;13;at_Risk
13771;65;9;5729;3;5;5;35;loyal_customers
13772;35;8;3100;4;4;5;44;loyal_customers
13773;398;2;302;2;2;2;22;hibernating
13774;83;1;345;3;1;2;31;about_to_sleep
13775;592;1;1050;1;1;3;11;hibernating
13776;429;2;624;1;2;3;12;hibernating
13777;2;61;49638;5;5;5;55;champions
13778;104;4;1124;3;3;3;33;need_attention
13779;517;1;161;1;1;1;11;hibernating
13780;8;3;732;5;3;3;53;potential_loyalists
13781;252;3;779;2;3;3;23;at_Risk
13782;14;13;1786;5;5;4;55;champions
13783;489;4;1542;1;3;4;13;at_Risk
13784;11;14;2910;5;5;5;55;champions
13785;430;4;542;1;3;2;13;at_Risk
13786;368;6;3128;2;4;5;24;at_Risk
13787;77;6;1223;3;4;4;34;loyal_customers
13788;506;1;1,03,1975;1;1;1;11;hibernating
13789;389;1;239;2;1;1;21;hibernating
13790;5;1;349;5;1;2;51;new_customers
13791;129;2;1516;3;2;4;32;about_to_sleep
13792;67;3;384;3;3;2;33;need_attention
13793;648;1;96;1;1;1;11;hibernating
13794;548;1;126;1;1;1;11;hibernating
13795;389;4;836;2;3;3;23;at_Risk
13796;500;1;290;1;1;2;11;hibernating
13797;438;3;1179;1;3;3;13;at_Risk
13798;2;110;75429;5;5;5;55;champions
13799;118;9;2804;3;5;4;35;loyal_customers
13800;311;3;1680;2;3;4;23;at_Risk
13801;68;1;325;3;1;2;31;about_to_sleep
13802;140;19;26259;3;5;5;35;loyal_customers
13803;256;3;1339;2;3;4;23;at_Risk
13804;32;9;3161;4;5;5;45;loyal_customers
13805;53;2;925;4;2;3;42;potential_loyalists
13806;65;1;256;3;1;1;31;about_to_sleep
13807;368;3;422;2;3;2;23;at_Risk
13808;7;5;1748;5;4;4;54;champions
13809;306;3;680;2;3;3;23;at_Risk
13810;30;2;900;4;2;3;42;potential_loyalists
13811;185;3;815;3;3;3;33;need_attention
13812;43;3;539;4;3;2;43;potential_loyalists
13813;41;8;2765;4;4;4;44;loyal_customers
13814;93;3;2257;3;3;4;33;need_attention
13815;23;8;7476;4;4;5;44;loyal_customers
13816;25;2;572;4;2;2;42;potential_loyalists
13817;30;2;383;4;2;2;42;potential_loyalists
13818;431;1;61;1;1;1;11;hibernating
13819;303;6;2642;2;4;4;24;at_Risk
13820;419;3;653;1;3;3;13;at_Risk
13821;146;6;1379;3;4;4;34;loyal_customers
13822;7;2;632;5;2;3;52;potential_loyalists
13823;20;7;3403;5;4;5;54;champions
13824;34;12;3315;4;5;5;45;loyal_customers
13825;623;2;256;1;2;1;12;hibernating
13826;177;1;190;3;1;1;31;about_to_sleep
13827;59;3;410;4;3;2;43;potential_loyalists
13828;23;1;209;4;1;1;41;promising
13829;422;1;102;1;1;1;11;hibernating
13830;583;1;157;1;1;1;11;hibernating
13831;17;18;6586;5;5;5;55;champions
13832;20;2;610;5;2;3;52;potential_loyalists
13833;160;2;700;3;2;3;32;about_to_sleep
13834;578;2;324;1;2;2;12;hibernating
13835;26;7;1095;4;4;3;44;loyal_customers
13836;400;2;620;2;2;3;22;hibernating
13837;213;2;267;2;2;1;22;hibernating
13838;7;10;1690;5;5;4;55;champions
13839;487;1;140;1;1;1;11;hibernating
13840;417;1;651;1;1;3;11;hibernating
13841;254;1;85;2;1;1;21;hibernating
13842;60;18;5319;4;5;5;45;loyal_customers
13843;382;1;320;2;1;2;21;hibernating
13844;12;1;362;5;1;2;51;new_customers
13845;66;1;313;3;1;2;31;about_to_sleep
13846;26;4;1308;4;3;4;43;potential_loyalists
13847;721;1;311;1;1;2;11;hibernating
13848;93;8;3015;3;4;5;34;loyal_customers
13849;53;5;3469;4;4;5;44;loyal_customers
13850;130;1;1595;3;1;4;31;about_to_sleep
13851;97;8;4606;3;4;5;34;loyal_customers
13852;612;1;187;1;1;1;11;hibernating
13853;58;1;1090;4;1;3;41;promising
13854;10;39;11945;5;5;5;55;champions
13855;502;4;1310;1;3;4;13;at_Risk
13856;170;11;1142;3;5;3;35;loyal_customers
13857;394;6;1001;2;4;3;24;at_Risk
13858;58;1;216;4;1;1;41;promising
13859;327;2;516;2;2;2;22;hibernating
13860;2;5;1246;5;4;4;54;champions
13861;430;2;273;1;2;1;12;hibernating
13862;19;9;2556;5;5;4;55;champions
13863;249;4;1240;2;3;4;23;at_Risk
13864;388;1;662;2;1;3;21;hibernating
13865;59;4;502;4;3;2;43;potential_loyalists
13866;75;1;146;3;1;1;31;about_to_sleep
13867;32;3;1005;4;3;3;43;potential_loyalists
13868;8;2;3193;5;2;5;52;potential_loyalists
13869;124;10;7997;3;5;5;35;loyal_customers
13870;3;15;5712;5;5;5;55;champions
13871;24;17;7886;4;5;5;45;loyal_customers
13872;528;3;920;1;3;3;13;at_Risk
13873;121;8;1039;3;4;3;34;loyal_customers
13874;359;7;2049;2;4;4;24;at_Risk
13875;55;14;4814;4;5;5;45;loyal_customers
13876;65;1;123;3;1;1;31;about_to_sleep
13877;87;3;450;3;3;2;33;need_attention
13878;56;4;2417;4;3;4;43;potential_loyalists
13879;647;1;396;1;1;2;11;hibernating
13880;22;17;4294;4;5;5;45;loyal_customers
13881;5;43;45179;5;5;5;55;champions
13882;4;5;1191;5;4;3;54;champions
13883;12;15;6560;5;5;5;55;champions
13884;8;10;1825;5;5;4;55;champions
13885;190;2;507;3;2;2;32;about_to_sleep
13886;72;1;244;3;1;1;31;about_to_sleep
13887;205;1;350;2;1;2;21;hibernating
13888;121;7;2002;3;4;4;34;loyal_customers
13889;94;6;1991;3;4;4;34;loyal_customers
13890;2;14;2927;5;5;5;55;champions
13891;379;3;859;2;3;3;23;at_Risk
13892;28;6;1268;4;4;4;44;loyal_customers
13893;299;1;821;2;1;3;21;hibernating
13894;25;3;565;4;3;2;43;potential_loyalists
13895;29;6;4009;4;4;5;44;loyal_customers
13896;627;1;389;1;1;2;11;hibernating
13897;51;3;1161;4;3;3;43;potential_loyalists
13898;327;2;686;2;2;3;22;hibernating
13899;17;2;389;5;2;2;52;potential_loyalists
13900;184;6;1611;3;4;4;34;loyal_customers
13901;73;15;5676;3;5;5;35;loyal_customers
13902;633;5;34095;1;4;5;14;at_Risk
13903;401;1;165;2;1;1;21;hibernating
13904;38;2;333;4;2;2;42;potential_loyalists
13905;734;1;313;1;1;2;11;hibernating
13906;410;1;42;2;1;1;21;hibernating
13907;693;1;137;1;1;1;11;hibernating
13908;81;4;2370;3;3;4;33;need_attention
13909;424;2;283;1;2;1;12;hibernating
13911;58;20;4235;4;5;5;45;loyal_customers
13912;425;1;125;1;1;1;11;hibernating
13913;508;1;42;1;1;1;11;hibernating
13914;13;2;626;5;2;3;52;potential_loyalists
13915;395;1;71;2;1;1;21;hibernating
13916;465;4;1276;1;3;4;13;at_Risk
13917;51;2;272;4;2;1;42;potential_loyalists
13918;51;2;1213;4;2;3;42;potential_loyalists
13919;60;4;1361;4;3;4;43;potential_loyalists
13920;433;4;1775;1;3;4;13;at_Risk
13921;403;4;731;2;3;3;23;at_Risk
13922;353;3;865;2;3;3;23;at_Risk
13923;55;1;351;4;1;2;41;promising
13924;3;6;1839;5;4;4;54;champions
13925;94;4;678;3;3;3;33;need_attention
13926;24;1;224;4;1;1;41;promising
13927;76;2;708;3;2;3;32;about_to_sleep
13928;12;4;465;5;3;2;53;potential_loyalists
13929;170;11;3494;3;5;5;35;loyal_customers
13930;59;2;337;4;2;2;42;potential_loyalists
13931;97;11;5257;3;5;5;35;loyal_customers
13932;296;1;307;2;1;2;21;hibernating
13933;110;2;609;3;2;3;32;about_to_sleep
13934;265;1;922;2;1;3;21;hibernating
13935;598;3;6117;1;3;5;13;at_Risk
13936;181;3;940;3;3;3;33;need_attention
13937;170;2;880;3;2;3;32;about_to_sleep
13938;36;1;72;4;1;1;41;promising
13939;24;7;1561;4;4;4;44;loyal_customers
13940;18;4;839;5;3;3;53;potential_loyalists
13941;23;15;10027;4;5;5;45;loyal_customers
13942;536;1;320;1;1;2;11;hibernating
13943;579;1;247;1;1;1;11;hibernating
13944;654;1;200;1;1;1;11;hibernating
13945;396;2;854;2;2;3;22;hibernating
13946;80;6;1876;3;4;4;34;loyal_customers
13947;66;1;91;3;1;1;31;about_to_sleep
13948;362;4;549;2;3;2;23;at_Risk
13949;4;6;2427;5;4;4;54;champions
13950;12;4;745;5;3;3;53;potential_loyalists
13951;177;3;674;3;3;3;33;need_attention
13952;219;14;12824;2;5;5;25;cant_loose
13953;8;12;6641;5;5;5;55;champions
13954;3;2;440;5;2;2;52;potential_loyalists
13955;155;3;544;3;3;2;33;need_attention
13956;6;5;1019;5;4;3;54;champions
13957;419;3;458;1;3;2;13;at_Risk
13958;381;8;4709;2;4;5;24;at_Risk
13959;80;6;1065;3;4;3;34;loyal_customers
13960;22;2;230;4;2;1;42;potential_loyalists
13961;393;1;538;2;1;2;21;hibernating
13962;23;3;363;4;3;2;43;potential_loyalists
13963;309;17;2861;2;5;4;25;cant_loose
13964;388;2;439;2;2;2;22;hibernating
13965;478;3;997;1;3;3;13;at_Risk
13966;436;1;384;1;1;2;11;hibernating
13967;147;2;166;3;2;1;32;about_to_sleep
13968;424;1;124;1;1;1;11;hibernating
13969;8;35;12973;5;5;5;55;champions
13970;387;2;847;2;2;3;22;hibernating
13971;20;14;4668;5;5;5;55;champions
13972;72;2;190;3;2;1;32;about_to_sleep
13973;288;1;265;2;1;1;21;hibernating
13974;50;2;678;4;2;3;42;potential_loyalists
13975;32;12;5256;4;5;5;45;loyal_customers
13976;208;4;1192;2;3;3;23;at_Risk
13977;412;1;520;1;1;2;11;hibernating
13978;16;2;197;5;2;1;52;potential_loyalists
13979;74;7;3380;3;4;5;34;loyal_customers
13980;61;5;769;3;4;3;34;loyal_customers
13981;417;1;331;1;1;2;11;hibernating
13982;40;9;3954;4;5;5;45;loyal_customers
13983;31;21;6754;4;5;5;45;loyal_customers
13984;28;12;1894;4;5;4;45;loyal_customers
13985;5;22;10021;5;5;5;55;champions
13986;18;1;320;5;1;2;51;new_customers
13987;381;2;683;2;2;3;22;hibernating
13988;21;8;4758;4;4;5;44;loyal_customers
13989;67;5;2026;3;4;4;34;loyal_customers
13990;214;1;311;2;1;2;21;hibernating
13991;13;6;853;5;4;3;54;champions
13992;31;3;220;4;3;1;43;potential_loyalists
13993;44;19;6776;4;5;5;45;loyal_customers
13994;5;6;2274;5;4;4;54;champions
13995;16;14;3902;5;5;5;55;champions
13996;387;2;896;2;2;3;22;hibernating
13997;520;3;376;1;3;2;13;at_Risk
13998;448;3;567;1;3;2;13;at_Risk
13999;11;29;9502;5;5;5;55;champions
14000;212;5;2046;2;4;4;24;at_Risk
14001;47;9;4229;4;5;5;45;loyal_customers
14002;135;2;530;3;2;2;32;about_to_sleep
14003;734;1;209;1;1;1;11;hibernating
14004;44;11;6258;4;5;5;45;loyal_customers
14005;11;5;2875;5;4;4;54;champions
14006;117;7;2197;3;4;4;34;loyal_customers
14007;514;1;79;1;1;1;11;hibernating
14008;433;1;509;1;1;2;11;hibernating
14009;199;3;1100;2;3;3;23;at_Risk
14010;566;2;445;1;2;2;12;hibernating
14011;481;2;458;1;2;2;12;hibernating
14012;279;1;329;2;1;2;21;hibernating
14013;111;5;1085;3;4;3;34;loyal_customers
14014;78;3;1948;3;3;4;33;need_attention
14015;54;1;917;4;1;3;41;promising
14016;163;11;11403;3;5;5;35;loyal_customers
14017;572;1;230;1;1;1;11;hibernating
14018;646;1;367;1;1;2;11;hibernating
14019;48;3;1422;4;3;4;43;potential_loyalists
14020;18;4;1249;5;3;4;53;potential_loyalists
14021;156;7;1717;3;4;4;34;loyal_customers
14022;226;2;792;2;2;3;22;hibernating
14023;8;2;584;5;2;2;52;potential_loyalists
14024;123;3;646;3;3;3;33;need_attention
14025;466;8;4058;1;4;5;14;at_Risk
14026;472;2;713;1;2;3;12;hibernating
14027;62;1;105;3;1;1;31;about_to_sleep
14028;551;3;10397;1;3;5;13;at_Risk
14029;64;2;468;3;2;2;32;about_to_sleep
14030;19;20;7522;5;5;5;55;champions
14031;8;44;39020;5;5;5;55;champions
14032;3;16;4546;5;5;5;55;champions
14033;556;1;109;1;1;1;11;hibernating
14034;23;3;649;4;3;3;43;potential_loyalists
14035;30;9;2795;4;5;4;45;loyal_customers
14036;286;1;627;2;1;3;21;hibernating
14037;177;6;837;3;4;3;34;loyal_customers
14038;79;5;3070;3;4;5;34;loyal_customers
14039;34;2;267;4;2;1;42;potential_loyalists
14040;42;35;12524;4;5;5;45;loyal_customers
14041;267;1;141;2;1;1;21;hibernating
14042;726;1;432;1;1;2;11;hibernating
14043;492;2;303;1;2;2;12;hibernating
14044;28;10;3078;4;5;5;45;loyal_customers
14045;110;16;10987;3;5;5;35;loyal_customers
14046;285;1;155;2;1;1;21;hibernating
14047;10;14;3968;5;5;5;55;champions
14048;306;3;749;2;3;3;23;at_Risk
14049;18;13;13023;5;5;5;55;champions
14050;33;2;746;4;2;3;42;potential_loyalists
14051;2;37;21771;5;5;5;55;champions
14052;21;2;467;4;2;2;42;potential_loyalists
14053;125;4;572;3;3;2;33;need_attention
14054;66;1;92;3;1;1;31;about_to_sleep
14055;107;3;1521;3;3;4;33;need_attention
14056;2;23;8153;5;5;5;55;champions
14057;25;22;8347;4;5;5;45;loyal_customers
14058;464;2;469;1;2;2;12;hibernating
14059;268;1;184;2;1;1;21;hibernating
14060;6;30;8898;5;5;5;55;champions
14061;508;3;917;1;3;3;13;at_Risk
14062;11;24;25586;5;5;5;55;champions
14063;688;7;9472;1;4;5;14;at_Risk
14064;30;15;3260;4;5;5;45;loyal_customers
14065;390;3;891;2;3;3;23;at_Risk
14066;268;1;153;2;1;1;21;hibernating
14067;65;2;375;3;2;2;32;about_to_sleep
14068;321;4;1517;2;3;4;23;at_Risk
14069;516;2;226;1;2;1;12;hibernating
14070;686;1;322;1;1;2;11;hibernating
14071;5;8;1438;5;4;4;54;champions
14072;668;1;391;1;1;2;11;hibernating
14073;33;1;151;4;1;1;41;promising
14074;624;1;219;1;1;1;11;hibernating
14075;6;6;1735;5;4;4;54;champions
14076;130;1;119;3;1;1;31;about_to_sleep
14077;42;6;615;4;4;3;44;loyal_customers
14078;103;9;1553;3;5;4;35;loyal_customers
14079;126;2;619;3;2;3;32;about_to_sleep
14080;34;5;1116;4;4;3;44;loyal_customers
14081;303;10;4868;2;5;5;25;cant_loose
14082;366;2;413;2;2;2;22;hibernating
14083;5;11;1082;5;5;3;55;champions
14084;513;1;151;1;1;1;11;hibernating
14085;3;33;9721;5;5;5;55;champions
14086;464;1;40;1;1;1;11;hibernating
14087;4;3;829;5;3;3;53;potential_loyalists
14088;11;16;64037;5;5;5;55;champions
14089;58;1;159;4;1;1;41;promising
14090;326;1;76;2;1;1;21;hibernating
14091;655;2;9530;1;2;5;12;hibernating
14092;9;24;7229;5;5;5;55;champions
14093;13;1;434;5;1;2;51;new_customers
14094;441;1;312;1;1;2;11;hibernating
14095;724;1;1,02,1995;1;1;1;11;hibernating
14096;5;17;53875;5;5;5;55;champions
14097;482;2;423;1;2;2;12;hibernating
14098;38;1;147;4;1;1;41;promising
14099;17;20;5751;5;5;5;55;champions
14100;139;1;192;3;1;1;31;about_to_sleep
14101;75;13;9962;3;5;5;35;loyal_customers
14102;6;5;1106;5;4;3;54;champions
14104;156;5;744;3;4;3;34;loyal_customers
14105;240;5;5989;2;4;5;24;at_Risk
14106;738;1;215;1;1;1;11;hibernating
14107;53;11;4877;4;5;5;45;loyal_customers
14108;32;4;1045;4;3;3;43;potential_loyalists
14109;74;1;144;3;1;1;31;about_to_sleep
14110;5;33;12988;5;5;5;55;champions
14111;15;4;693;5;3;3;53;potential_loyalists
14112;24;13;5835;4;5;5;45;loyal_customers
14113;5;16;7093;5;5;5;55;champions
14114;275;7;1364;2;4;4;24;at_Risk
14115;503;2;623;1;2;3;12;hibernating
14116;21;5;1383;4;4;4;44;loyal_customers
14117;145;1;90;3;1;1;31;about_to_sleep
14118;430;1;458;1;1;2;11;hibernating
14119;377;2;183;2;2;1;22;hibernating
14121;5;4;2780;5;3;4;53;potential_loyalists
14122;407;3;362;2;3;2;23;at_Risk
14123;734;1;436;1;1;2;11;hibernating
14124;85;1;420;3;1;2;31;about_to_sleep
14125;12;3;2721;5;3;4;53;potential_loyalists
14126;9;4;1172;5;3;3;53;potential_loyalists
14127;124;6;1900;3;4;4;34;loyal_customers
14128;62;3;924;3;3;3;33;need_attention
14129;3;9;2591;5;5;4;55;champions
14130;320;4;1859;2;3;4;23;at_Risk
14131;650;1;168;1;1;1;11;hibernating
14132;3;11;3586;5;5;5;55;champions
14133;131;4;911;3;3;3;33;need_attention
14134;384;15;11123;2;5;5;25;cant_loose
14135;3;24;8840;5;5;5;55;champions
14136;402;5;1571;2;4;4;24;at_Risk
14137;697;1;333;1;1;2;11;hibernating
14138;3;2;966;5;2;3;52;potential_loyalists
14139;47;4;1087;4;3;3;43;potential_loyalists
14140;5;2;935;5;2;3;52;potential_loyalists
14141;4;4;915;5;3;3;53;potential_loyalists
14142;374;2;671;2;2;3;22;hibernating
14143;135;1;116;3;1;1;31;about_to_sleep
14144;487;1;30,06,2026;1;1;1;11;hibernating
14145;48;7;7600;4;4;5;44;loyal_customers
14146;10;12;9450;5;5;5;55;champions
14147;79;9;2590;3;5;4;35;loyal_customers
14148;235;2;466;2;2;2;22;hibernating
14149;222;1;447;2;1;2;21;hibernating
14150;37;2;659;4;2;3;42;potential_loyalists
14151;674;2;679;1;2;3;12;hibernating
14152;76;7;1997;3;4;4;34;loyal_customers
14153;484;1;233;1;1;1;11;hibernating
14154;240;8;6461;2;4;5;24;at_Risk
14155;267;1;119;2;1;1;21;hibernating
14156;11;151;305259;5;5;5;55;champions
14157;21;5;979;4;4;3;44;loyal_customers
14158;41;1;508;4;1;2;41;promising
14159;21;20;7861;4;5;5;45;loyal_customers
14160;611;7;8421;1;4;5;14;at_Risk
14161;217;7;2997;2;4;5;24;at_Risk
14162;175;2;289;3;2;2;32;about_to_sleep
14163;88;5;2595;3;4;4;34;loyal_customers
14164;72;2;1632;3;2;4;32;about_to_sleep
14165;277;1;120;2;1;1;21;hibernating
14166;506;2;251;1;2;1;12;hibernating
14167;40;8;1274;4;4;4;44;loyal_customers
14168;422;2;370;1;2;2;12;hibernating
14169;432;2;622;1;2;3;12;hibernating
14170;376;3;570;2;3;2;23;at_Risk
14171;99;2;499;3;2;2;32;about_to_sleep
14172;606;3;369;1;3;2;13;at_Risk
14173;12;6;586;5;4;2;54;champions
14174;34;1;134;4;1;1;41;promising
14175;61;8;7679;3;4;5;34;loyal_customers
14176;298;5;756;2;4;3;24;at_Risk
14177;87;13;2210;3;5;4;35;loyal_customers
14178;10;7;1600;5;4;4;54;champions
14179;42;2;702;4;2;3;42;potential_loyalists
14180;12;33;6118;5;5;5;55;champions
14181;412;2;308;1;2;2;12;hibernating
14182;445;4;679;1;3;3;13;at_Risk
14183;412;2;278;1;2;1;12;hibernating
14184;68;1;453;3;1;2;31;about_to_sleep
14185;332;1;198;2;1;1;21;hibernating
14186;428;5;1551;1;4;4;14;at_Risk
14187;475;1;124;1;1;1;11;hibernating
14188;32;6;2054;4;4;4;44;loyal_customers
14189;3;16;5503;5;5;5;55;champions
14190;667;1;80;1;1;1;11;hibernating
14191;3;15;4818;5;5;5;55;champions
14192;389;1;294;2;1;2;21;hibernating
14193;69;3;1210;3;3;3;33;need_attention
14194;6;36;18671;5;5;5;55;champions
14195;203;6;2616;2;4;4;24;at_Risk
14196;108;1;336;3;1;2;31;about_to_sleep
14197;412;1;390;1;1;2;11;hibernating
14198;19;9;1570;5;5;4;55;champions
14199;219;4;1092;2;3;3;23;at_Risk
14200;618;1;379;1;1;2;11;hibernating
14201;61;10;1194;3;5;3;35;loyal_customers
14202;382;3;848;2;3;3;23;at_Risk
14203;398;1;339;2;1;2;21;hibernating
14204;3;4;1025;5;3;3;53;potential_loyalists
14205;18;9;2414;5;5;4;55;champions
14206;240;3;1185;2;3;3;23;at_Risk
14207;689;1;158;1;1;1;11;hibernating
14208;96;2;567;3;2;2;32;about_to_sleep
14209;12;15;4993;5;5;5;55;champions
14210;107;16;5557;3;5;5;35;loyal_customers
14211;54;18;4402;4;5;5;45;loyal_customers
14212;91;2;2190;3;2;4;32;about_to_sleep
14213;406;1;1192;2;1;3;21;hibernating
14214;32;5;1004;4;4;3;44;loyal_customers
14215;13;9;3250;5;5;5;55;champions
14216;4;5;2150;5;4;4;54;champions
14217;3;23;3299;5;5;5;55;champions
14218;44;1;169;4;1;1;41;promising
14219;5;3;634;5;3;3;53;potential_loyalists
14220;248;4;1515;2;3;4;23;at_Risk
14221;43;17;6517;4;5;5;45;loyal_customers
14222;178;1;683;3;1;3;31;about_to_sleep
14223;93;3;991;3;3;3;33;need_attention
14224;111;9;1842;3;5;4;35;loyal_customers
14225;436;4;2031;1;3;4;13;at_Risk
14226;30;6;2985;4;4;5;44;loyal_customers
14227;27;15;6369;4;5;5;45;loyal_customers
14228;439;3;746;1;3;3;13;at_Risk
14229;53;7;2594;4;4;4;44;loyal_customers
14230;437;3;980;1;3;3;13;at_Risk
14231;185;4;1236;3;3;4;33;need_attention
14232;44;5;2048;4;4;4;44;loyal_customers
14233;50;7;2904;4;4;5;44;loyal_customers
14234;23;4;754;4;3;3;43;potential_loyalists
14235;76;9;4718;3;5;5;35;loyal_customers
14236;82;5;1555;3;4;4;34;loyal_customers
14237;374;2;471;2;2;2;22;hibernating
14238;327;3;434;2;3;2;23;at_Risk
14239;44;21;4263;4;5;5;45;loyal_customers
14240;31;3;1247;4;3;4;43;potential_loyalists
14241;185;2;334;3;2;2;32;about_to_sleep
14242;236;2;281;2;2;1;22;hibernating
14243;10;17;7218;5;5;5;55;champions
14244;662;1;366;1;1;2;11;hibernating
14245;221;2;1693;2;2;4;22;hibernating
14246;112;3;1474;3;3;4;33;need_attention
14247;279;5;754;2;4;3;24;at_Risk
14248;319;3;1033;2;3;3;23;at_Risk
14249;412;12;5400;1;5;5;15;cant_loose
14250;8;3;1904;5;3;4;53;potential_loyalists
14251;3;5;2880;5;4;4;54;champions
14252;382;1;351;2;1;2;21;hibernating
14253;494;2;363;1;2;2;12;hibernating
14254;434;1;601;1;1;2;11;hibernating
14256;261;5;2461;2;4;4;24;at_Risk
14257;65;9;5954;3;5;5;35;loyal_customers
14258;10;25;32051;5;5;5;55;champions
14259;143;1;120;3;1;1;31;about_to_sleep
14260;472;3;824;1;3;3;13;at_Risk
14261;52;2;1163;4;2;3;42;potential_loyalists
14262;9;8;2618;5;4;4;54;champions
14263;424;1;323;1;1;2;11;hibernating
14264;156;6;1517;3;4;4;34;loyal_customers
14265;110;4;1373;3;3;4;33;need_attention
14266;429;1;41;1;1;1;11;hibernating
14267;164;3;1516;3;3;4;33;need_attention
14268;472;1;355;1;1;2;11;hibernating
14269;440;1;296;1;1;2;11;hibernating
14270;333;1;493;2;1;2;21;hibernating
14271;227;2;214;2;2;1;22;hibernating
14272;75;4;921;3;3;3;33;need_attention
14273;52;4;560;4;3;2;43;potential_loyalists
14274;687;1;257;1;1;1;11;hibernating
14275;397;6;1189;2;4;3;24;at_Risk
14276;100;7;2103;3;4;4;34;loyal_customers
14277;16;9;17198;5;5;5;55;champions
14278;411;1;206;2;1;1;21;hibernating
14279;522;2;192;1;2;1;12;hibernating
14280;198;1;134;2;1;1;21;hibernating
14281;409;1;245;2;1;1;21;hibernating
14282;4;25;7251;5;5;5;55;champions
14283;464;4;628;1;3;3;13;at_Risk
14284;32;3;1300;4;3;4;43;potential_loyalists
14285;22;8;3284;4;4;5;44;loyal_customers
14286;25;7;8480;4;4;5;44;loyal_customers
14287;9;3;177;5;3;1;53;potential_loyalists
14288;214;1;427;2;1;2;21;hibernating
14289;10;6;911;5;4;3;54;champions
14290;12;8;4517;5;4;5;54;champions
14291;3;23;7904;5;5;5;55;champions
14292;9;16;9226;5;5;5;55;champions
14293;4;9;2903;5;5;5;55;champions
14294;408;1;375;2;1;2;21;hibernating
14295;41;5;2363;4;4;4;44;loyal_customers
14296;422;2;456;1;2;2;12;hibernating
14297;19;4;1305;5;3;4;53;potential_loyalists
14298;9;82;91194;5;5;5;55;champions
14299;9;27;14070;5;5;5;55;champions
14300;20;1;43;5;1;1;51;new_customers
14301;118;4;1992;3;3;4;33;need_attention
14302;432;3;743;1;3;3;13;at_Risk
14303;408;2;278;2;2;1;22;hibernating
14304;224;3;1725;2;3;4;23;at_Risk
14305;72;3;1859;3;3;4;33;need_attention
14306;52;6;3151;4;4;5;44;loyal_customers
14307;90;10;4288;3;5;5;35;loyal_customers
14308;550;1;298;1;1;2;11;hibernating
14309;9;11;3781;5;5;5;55;champions
14310;434;1;492;1;1;2;11;hibernating
14311;244;2;516;2;2;2;22;hibernating
14312;48;11;3090;4;5;5;45;loyal_customers
14314;108;2;230;3;2;1;32;about_to_sleep
14315;46;8;3198;4;4;5;44;loyal_customers
14316;423;5;1370;1;4;4;14;at_Risk
14317;66;1;509;3;1;2;31;about_to_sleep
14318;461;1;158;1;1;1;11;hibernating
14319;425;1;495;1;1;2;11;hibernating
14320;208;5;1347;2;4;4;24;at_Risk
14321;12;7;2218;5;4;4;54;champions
14322;430;4;474;1;3;2;13;at_Risk
14323;116;2;605;3;2;2;32;about_to_sleep
14324;411;2;702;2;2;3;22;hibernating
14325;571;1;245;1;1;1;11;hibernating
14326;243;3;941;2;3;3;23;at_Risk
14327;164;6;1895;3;4;4;34;loyal_customers
14328;439;1;445;1;1;2;11;hibernating
14329;18;15;9888;5;5;5;55;champions
14330;625;1;201;1;1;1;11;hibernating
14331;125;2;463;3;2;2;32;about_to_sleep
14332;24;5;1917;4;4;4;44;loyal_customers
14333;69;1;415;3;1;2;31;about_to_sleep
14334;18;12;4318;5;5;5;55;champions
14335;17;2;455;5;2;2;52;potential_loyalists
14336;18;4;1615;5;3;4;53;potential_loyalists
14338;162;3;928;3;3;3;33;need_attention
14339;244;2;620;2;2;3;22;hibernating
14340;220;1;135;2;1;1;21;hibernating
14341;46;18;4452;4;5;5;45;loyal_customers
14342;22;6;918;4;4;3;44;loyal_customers
14343;422;4;1080;1;3;3;13;at_Risk
14344;128;20;2993;3;5;5;35;loyal_customers
14345;40;1;109;4;1;1;41;promising
14346;122;5;2316;3;4;4;34;loyal_customers
14347;738;1;83;1;1;1;11;hibernating
14348;261;1;410;2;1;2;21;hibernating
14349;11;1;134;5;1;1;51;new_customers
14350;275;3;972;2;3;3;23;at_Risk
14351;166;1;51;3;1;1;31;about_to_sleep
14352;158;4;1079;3;3;3;33;need_attention
14353;216;3;377;2;3;2;23;at_Risk
14354;7;2;164;5;2;1;52;potential_loyalists
14355;367;3;840;2;3;3;23;at_Risk
14356;81;2;701;3;2;3;32;about_to_sleep
14357;44;1;225;4;1;1;41;promising
14358;390;2;400;2;2;2;22;hibernating
14359;20;3;912;5;3;3;53;potential_loyalists
14360;33;4;2118;4;3;4;43;potential_loyalists
14361;580;1;215;1;1;1;11;hibernating
14362;23;1;152;4;1;1;41;promising
14363;403;2;227;2;2;1;22;hibernating
14364;110;8;3717;3;4;5;34;loyal_customers
14365;396;2;635;2;2;3;22;hibernating
14366;526;1;136;1;1;1;11;hibernating
14367;9;16;9228;5;5;5;55;champions
14368;321;1;155;2;1;1;21;hibernating
14369;643;2;469;1;2;2;12;hibernating
14370;452;6;1176;1;4;3;14;at_Risk
14371;296;1;101;2;1;1;21;hibernating
14372;444;2;860;1;2;3;12;hibernating
14373;359;1;77;2;1;1;21;hibernating
14374;542;1;108;1;1;1;11;hibernating
14375;186;3;1107;3;3;3;33;need_attention
14376;684;1;215;1;1;1;11;hibernating
14377;192;2;617;2;2;3;22;hibernating
14378;623;1;131;1;1;1;11;hibernating
14379;45;4;1265;4;3;4;43;potential_loyalists
14380;683;1;49;1;1;1;11;hibernating
14381;53;2;626;4;2;3;42;potential_loyalists
14382;27;2;1194;4;2;3;42;potential_loyalists
14383;39;3;1248;4;3;4;43;potential_loyalists
14384;502;1;59;1;1;1;11;hibernating
14385;10;3;202;5;3;1;53;potential_loyalists
14386;298;1;142;2;1;1;21;hibernating
14387;34;3;1728;4;3;4;43;potential_loyalists
14388;11;16;6388;5;5;5;55;champions
14389;66;5;1898;3;4;4;34;loyal_customers
14390;11;13;6150;5;5;5;55;champions
14391;578;1;136;1;1;1;11;hibernating
14392;433;1;266;1;1;1;11;hibernating
14393;219;1;68;2;1;1;21;hibernating
14394;566;1;94;1;1;1;11;hibernating
14395;3;20;7802;5;5;5;55;champions
14396;66;7;1969;3;4;4;34;loyal_customers
14397;4;19;2613;5;5;4;55;champions
14398;402;2;708;2;2;3;22;hibernating
14399;395;8;2108;2;4;4;24;at_Risk
14400;150;3;1732;3;3;4;33;need_attention
14401;5;22;6796;5;5;5;55;champions
14402;653;1;286;1;1;2;11;hibernating
14403;131;6;1881;3;4;4;34;loyal_customers
14404;35;13;2724;4;5;4;45;loyal_customers
14405;388;1;195;2;1;1;21;hibernating
14406;120;1;157;3;1;1;31;about_to_sleep
14407;108;6;2158;3;4;4;34;loyal_customers
14408;12;11;4102;5;5;5;55;champions
14409;72;9;3427;3;5;5;35;loyal_customers
14410;93;11;2632;3;5;4;35;loyal_customers
14411;312;1;1063;2;1;3;21;hibernating
14412;44;3;1426;4;3;4;43;potential_loyalists
14413;363;4;765;2;3;3;23;at_Risk
14414;93;8;2399;3;4;4;34;loyal_customers
14415;2;23;11980;5;5;5;55;champions
14416;23;2;490;4;2;2;42;potential_loyalists
14417;389;1;525;2;1;2;21;hibernating
14418;5;3;1937;5;3;4;53;potential_loyalists
14419;12;7;1255;5;4;4;54;champions
14420;100;4;1639;3;3;4;33;need_attention
14421;58;6;2469;4;4;4;44;loyal_customers
14422;2;19;10272;5;5;5;55;champions
14423;219;3;917;2;3;3;23;at_Risk
14424;19;1;322;5;1;2;51;new_customers
14425;436;3;661;1;3;3;13;at_Risk
14426;25;17;11728;4;5;5;45;loyal_customers
14427;51;4;1264;4;3;4;43;potential_loyalists
14428;8;5;1224;5;4;4;54;champions
14429;405;1;516;2;1;2;21;hibernating
14430;513;3;1221;1;3;4;13;at_Risk
14431;304;4;2614;2;3;4;23;at_Risk
14432;11;6;2249;5;4;4;54;champions
14433;467;1;281;1;1;1;11;hibernating
14434;23;6;1373;4;4;4;44;loyal_customers
14435;503;1;90;1;1;1;11;hibernating
14436;100;2;272;3;2;1;32;about_to_sleep
14437;367;5;873;2;4;3;24;at_Risk
14438;307;1;132;2;1;1;21;hibernating
14439;321;5;9443;2;4;5;24;at_Risk
14440;9;13;5982;5;5;5;55;champions
14441;2;11;4612;5;5;5;55;champions
14442;206;7;5367;2;4;5;24;at_Risk
14443;55;5;2083;4;4;4;44;loyal_customers
14444;457;1;120;1;1;1;11;hibernating
14445;457;1;222;1;1;1;11;hibernating
14446;2;5;1200;5;4;3;54;champions
14447;20;6;1712;5;4;4;54;champions
14448;10;2;375;5;2;2;52;potential_loyalists
14449;20;8;2231;5;4;4;54;champions
14450;182;7;1128;3;4;3;34;loyal_customers
14451;61;12;3259;3;5;5;35;loyal_customers
14452;12;4;659;5;3;3;53;potential_loyalists
14453;191;1;120;2;1;1;21;hibernating
14454;377;5;977;2;4;3;24;at_Risk
14455;433;4;618;1;3;3;13;at_Risk
14456;6;9;3017;5;5;5;55;champions
14457;312;1;114;2;1;1;21;hibernating
14458;382;1;228;2;1;1;21;hibernating
14459;156;2;5376;3;2;5;32;about_to_sleep
14460;111;9;1094;3;5;3;35;loyal_customers
14461;149;13;6677;3;5;5;35;loyal_customers
14462;67;12;2243;3;5;4;35;loyal_customers
14463;99;4;787;3;3;3;33;need_attention
14464;569;2;111;1;2;1;12;hibernating
14465;248;11;3926;2;5;5;25;cant_loose
14466;30;13;4267;4;5;5;45;loyal_customers
14467;19;12;2203;5;5;4;55;champions
14468;735;1;204;1;1;1;11;hibernating
14469;417;4;2093;1;3;4;13;at_Risk
14470;13;3;712;5;3;3;53;potential_loyalists
14471;592;2;401;1;2;2;12;hibernating
14472;105;9;2119;3;5;4;35;loyal_customers
14473;75;2;234;3;2;1;32;about_to_sleep
14474;47;2;1259;4;2;4;42;potential_loyalists
14475;73;4;1151;3;3;3;33;need_attention
14476;258;1;193;2;1;1;21;hibernating
14477;21;7;1970;4;4;4;44;loyal_customers
14478;383;4;1277;2;3;4;23;at_Risk
14479;255;4;1125;2;3;3;23;at_Risk
14480;12;4;1300;5;3;4;53;potential_loyalists
14481;166;5;2285;3;4;4;34;loyal_customers
14482;19;12;4307;5;5;5;55;champions
14483;283;2;257;2;2;1;22;hibernating
14484;51;4;1071;4;3;3;43;potential_loyalists
14485;40;1;163;4;1;1;41;promising
14486;513;2;176;1;2;1;12;hibernating
14487;28;7;1266;4;4;4;44;loyal_customers
14488;69;1;1064;3;1;3;31;about_to_sleep
14489;208;4;1575;2;3;4;23;at_Risk
14490;407;2;1273;2;2;4;22;hibernating
14491;176;2;341;3;2;2;32;about_to_sleep
14492;431;7;1922;1;4;4;14;at_Risk
14493;8;10;5088;5;5;5;55;champions
14494;27;3;401;4;3;2;43;potential_loyalists
14495;52;3;175;4;3;1;43;potential_loyalists
14496;313;7;2364;2;4;4;24;at_Risk
14497;310;2;697;2;2;3;22;hibernating
14498;44;10;3901;4;5;5;45;loyal_customers
14499;27;7;2102;4;4;4;44;loyal_customers
14500;89;3;357;3;3;2;33;need_attention
14501;185;2;251;3;2;1;32;about_to_sleep
14502;21;11;2430;4;5;4;45;loyal_customers
14503;4;6;3543;5;4;5;54;champions
14504;48;4;673;4;3;3;43;potential_loyalists
14505;18;19;11879;5;5;5;55;champions
14506;18;7;2960;5;4;5;54;champions
14507;25;11;3217;4;5;5;45;loyal_customers
14508;23;5;823;4;4;3;44;loyal_customers
14509;535;1;111;1;1;1;11;hibernating
14510;377;3;980;2;3;3;23;at_Risk
14511;12;5;1315;5;4;4;54;champions
14512;189;7;1216;3;4;3;34;loyal_customers
14513;102;6;788;3;4;3;34;loyal_customers
14514;62;9;4380;3;5;5;35;loyal_customers
14515;19;12;3724;5;5;5;55;champions
14516;517;1;151;1;1;1;11;hibernating
14517;34;2;330;4;2;2;42;potential_loyalists
14518;65;1;174;3;1;1;31;about_to_sleep
14519;685;2;203;1;2;1;12;hibernating
14520;3;2;271;5;2;1;52;potential_loyalists
14521;492;1;199;1;1;1;11;hibernating
14522;25;8;1748;4;4;4;44;loyal_customers
14523;109;1;241;3;1;1;31;about_to_sleep
14524;33;13;2910;4;5;5;45;loyal_customers
14525;21;17;8027;4;5;5;45;loyal_customers
14526;390;1;259;2;1;1;21;hibernating
14527;4;122;27247;5;5;5;55;champions
14528;38;1;364;4;1;2;41;promising
14529;61;3;579;3;3;2;33;need_attention
14530;27;16;6089;4;5;5;45;loyal_customers
14531;481;1;376;1;1;2;11;hibernating
14532;237;11;3846;2;5;5;25;cant_loose
14533;26;11;3466;4;5;5;45;loyal_customers
14534;4;26;6188;5;5;5;55;champions
14535;61;9;5973;3;5;5;35;loyal_customers
14536;261;1;171;2;1;1;21;hibernating
14537;59;2;641;4;2;3;42;potential_loyalists
14538;66;5;1371;3;4;4;34;loyal_customers
14539;17;2;537;5;2;2;52;potential_loyalists
14540;11;11;3710;5;5;5;55;champions
14541;60;14;2491;4;5;4;45;loyal_customers
14542;187;1;103;3;1;1;31;about_to_sleep
14543;30;39;14588;4;5;5;45;loyal_customers
14544;25;3;2939;4;3;5;43;potential_loyalists
14545;675;1;349;1;1;2;11;hibernating
14546;6;11;5185;5;5;5;55;champions
14547;5;8;3975;5;4;5;54;champions
14548;152;9;2541;3;5;4;35;loyal_customers
14549;312;4;914;2;3;3;23;at_Risk
14550;12;4;1345;5;3;4;53;potential_loyalists
14551;19;7;878;5;4;3;54;champions
14552;153;3;508;3;3;2;33;need_attention
14553;20;9;1819;5;5;4;55;champions
14554;11;4;2279;5;3;4;53;potential_loyalists
14555;58;6;2304;4;4;4;44;loyal_customers
14556;597;3;816;1;3;3;13;at_Risk
14557;86;1;788;3;1;3;31;about_to_sleep
14558;655;3;656;1;3;3;13;at_Risk
14559;391;1;76;2;1;1;21;hibernating
14560;8;44;6114;5;5;5;55;champions
14561;77;3;1081;3;3;3;33;need_attention
14562;5;26;6638;5;5;5;55;champions
14563;511;2;641;1;2;3;12;hibernating
14564;436;2;2606;1;2;4;12;hibernating
14565;97;5;3859;3;4;5;34;loyal_customers
14566;112;4;4092;3;3;5;33;need_attention
14567;58;2;1530;4;2;4;42;potential_loyalists
14568;436;1;920;1;1;3;11;hibernating
14569;2;4;597;5;3;2;53;potential_loyalists
14570;282;3;614;2;3;3;23;at_Risk
14571;426;1;160;1;1;1;11;hibernating
14572;4;11;5527;5;5;5;55;champions
14573;181;13;2163;3;5;4;35;loyal_customers
14574;734;1;144;1;1;1;11;hibernating
14575;489;1;420;1;1;2;11;hibernating
14576;373;1;35;2;1;1;21;hibernating
14577;14;7;1364;5;4;4;54;champions
14578;4;1;169;5;1;1;51;new_customers
14579;433;1;106;1;1;1;11;hibernating
14580;519;1;15;1;1;1;11;hibernating
14581;18;2;410;5;2;2;52;potential_loyalists
14582;42;1;114;4;1;1;41;promising
14583;7;8;1660;5;4;4;54;champions
14584;170;8;1738;3;4;4;34;loyal_customers
14585;51;5;1143;4;4;3;44;loyal_customers
14586;278;1;237;2;1;1;21;hibernating
14587;20;9;1580;5;5;4;55;champions
14588;579;1;135;1;1;1;11;hibernating
14589;373;1;40;2;1;1;21;hibernating
14590;426;20;2993;1;5;5;15;cant_loose
14591;16;4;1320;5;3;4;53;potential_loyalists
14592;36;3;558;4;3;2;43;potential_loyalists
14593;23;12;3666;4;5;5;45;loyal_customers
14594;8;2;363;5;2;2;52;potential_loyalists
14595;21;8;2164;4;4;4;44;loyal_customers
14596;628;1;222;1;1;1;11;hibernating
14597;12;6;2185;5;4;4;54;champions
14598;45;2;384;4;2;2;42;potential_loyalists
14599;391;2;458;2;2;2;22;hibernating
14600;307;2;865;2;2;3;22;hibernating
14601;12;1;214;5;1;1;51;new_customers
14602;657;1;205;1;1;1;11;hibernating
14603;276;1;660;2;1;3;21;hibernating
14604;634;1;144;1;1;1;11;hibernating
14605;375;4;922;2;3;3;23;at_Risk
14606;2;192;29951;5;5;5;55;champions
14607;17;22;23763;5;5;5;55;champions
14608;5;11;3353;5;5;5;55;champions
14609;73;10;1486;3;5;4;35;loyal_customers
14610;397;2;24;2;2;1;22;hibernating
14611;445;2;604;1;2;2;12;hibernating
14612;416;1;878;1;1;3;11;hibernating
14613;681;1;76;1;1;1;11;hibernating
14614;387;1;295;2;1;2;21;hibernating
14615;395;5;952;2;4;3;24;at_Risk
14616;244;5;528;2;4;2;24;at_Risk
14617;404;2;190;2;2;1;22;hibernating
14618;10;7;1342;5;4;4;54;champions
14619;247;2;1291;2;2;4;22;hibernating
14620;207;2;413;2;2;2;22;hibernating
14621;2;9;3001;5;5;5;55;champions
14622;186;1;321;3;1;2;31;about_to_sleep
14623;33;10;2017;4;5;4;45;loyal_customers
14624;58;6;814;4;4;3;44;loyal_customers
14625;197;11;4498;2;5;5;25;cant_loose
14626;25;11;5411;4;5;5;45;loyal_customers
14627;380;1;463;2;1;2;21;hibernating
14628;92;5;1998;3;4;4;34;loyal_customers
14629;5;2;955;5;2;3;52;potential_loyalists
14630;485;1;339;1;1;2;11;hibernating
14631;52;6;2026;4;4;4;44;loyal_customers
14632;264;1;115;2;1;1;21;hibernating
14633;267;1;345;2;1;2;21;hibernating
14634;439;4;2124;1;3;4;13;at_Risk
14635;455;1;215;1;1;1;11;hibernating
14636;37;2;610;4;2;3;42;potential_loyalists
14637;678;1;107;1;1;1;11;hibernating
14638;52;1;444;4;1;2;41;promising
14639;53;9;4979;4;5;5;45;loyal_customers
14640;25;10;3649;4;5;5;45;loyal_customers
14641;23;1;110;4;1;1;41;promising
14642;60;1;96;4;1;1;41;promising
14643;171;5;1680;3;4;4;34;loyal_customers
14644;69;7;2248;3;4;4;34;loyal_customers
14645;158;3;877;3;3;3;33;need_attention
14646;3;151;528603;5;5;5;55;champions
14647;202;2;506;2;2;2;22;hibernating
14648;417;15;4467;1;5;5;15;cant_loose
14649;6;9;3651;5;5;5;55;champions
14650;590;1;63;1;1;1;11;hibernating
14651;68;9;2026;3;5;4;35;loyal_customers
14652;78;1;114;3;1;1;31;about_to_sleep
14653;2;12;3593;5;5;5;55;champions
14654;739;1;247;1;1;1;11;hibernating
14655;9;7;3879;5;4;5;54;champions
14656;170;5;790;3;4;3;34;loyal_customers
14657;19;6;1450;5;4;4;54;champions
14658;6;2;247;5;2;1;52;potential_loyalists
14659;10;9;2530;5;5;4;55;champions
14660;88;2;286;3;2;2;32;about_to_sleep
14661;28;1;108;4;1;1;41;promising
14662;30;7;1376;4;4;4;44;loyal_customers
14663;431;2;491;1;2;2;12;hibernating
14664;21;2;636;4;2;3;42;potential_loyalists
14665;62;7;2750;3;4;4;34;loyal_customers
14666;25;1;195;4;1;1;41;promising
14667;12;54;20395;5;5;5;55;champions
14668;446;1;112;1;1;1;11;hibernating
14669;243;7;3217;2;4;5;24;at_Risk
14670;281;3;583;2;3;2;23;at_Risk
14671;550;2;1127;1;2;3;12;hibernating
14672;236;4;1113;2;3;3;23;at_Risk
14673;4;7;3037;5;4;5;54;champions
14674;510;1;174;1;1;1;11;hibernating
14675;17;2;1016;5;2;3;52;potential_loyalists
14676;32;12;8357;4;5;5;45;loyal_customers
14677;594;1;185;1;1;1;11;hibernating
14678;580;1;403;1;1;2;11;hibernating
14679;383;3;1289;2;3;4;23;at_Risk
14680;26;58;55689;4;5;5;45;loyal_customers
14681;72;6;875;3;4;3;34;loyal_customers
14682;189;6;1515;3;4;4;34;loyal_customers
14683;589;1;147;1;1;1;11;hibernating
14684;27;6;1430;4;4;4;44;loyal_customers
14685;577;8;4537;1;4;5;14;at_Risk
14686;415;5;853;1;4;3;14;at_Risk
14687;108;3;1402;3;3;4;33;need_attention
14688;9;28;7190;5;5;5;55;champions
14689;210;1;113;2;1;1;21;hibernating
14690;45;4;778;4;3;3;43;potential_loyalists
14691;32;5;2114;4;4;4;44;loyal_customers
14692;138;12;1715;3;5;4;35;loyal_customers
14693;266;7;1165;2;4;3;24;at_Risk
14694;618;1;244;1;1;1;11;hibernating
14695;520;3;1534;1;3;4;13;at_Risk
14696;5;8;2473;5;4;4;54;champions
14697;219;2;189;2;2;1;22;hibernating
14698;3;5;1217;5;4;4;54;champions
14699;215;4;703;2;3;3;23;at_Risk
14700;33;5;3076;4;4;5;44;loyal_customers
14701;12;15;4487;5;5;5;55;champions
14702;2;29;6369;5;5;5;55;champions
14703;16;1;318;5;1;2;51;new_customers
14704;12;11;1753;5;5;4;55;champions
14705;200;1;179;2;1;1;21;hibernating
14706;620;1;368;1;1;2;11;hibernating
14707;437;2;139;1;2;1;12;hibernating
14708;4;5;1793;5;4;4;54;champions
14709;16;25;8886;5;5;5;55;champions
14710;15;13;1900;5;5;4;55;champions
14711;11;11;2840;5;5;4;55;champions
14712;30;4;1328;4;3;4;43;potential_loyalists
14713;10;21;5116;5;5;5;55;champions
14714;25;4;906;4;3;3;43;potential_loyalists
14715;26;8;1825;4;4;4;44;loyal_customers
14716;44;3;543;4;3;2;43;potential_loyalists
14717;734;1;81;1;1;1;11;hibernating
14718;411;1;226;2;1;1;21;hibernating
14719;3;5;1582;5;4;4;54;champions
14720;7;3;664;5;3;3;53;potential_loyalists
14721;380;1;109;2;1;1;21;hibernating
14722;148;3;490;3;3;2;33;need_attention
14723;11;11;1803;5;5;4;55;champions
14724;591;1;342;1;1;2;11;hibernating
14725;26;4;1253;4;3;4;43;potential_loyalists
14726;656;1;117;1;1;1;11;hibernating
14727;275;3;464;2;3;2;23;at_Risk
14728;414;1;191;1;1;1;11;hibernating
14729;375;3;586;2;3;2;23;at_Risk
14730;2;8;1898;5;4;4;54;champions
14731;48;3;380;4;3;2;43;potential_loyalists
14732;9;19;5517;5;5;5;55;champions
14733;17;15;14335;5;5;5;55;champions
14734;427;4;1056;1;3;3;13;at_Risk
14735;5;56;12240;5;5;5;55;champions
14736;486;2;374;1;2;2;12;hibernating
14737;5;4;3554;5;3;5;53;potential_loyalists
14738;44;9;1822;4;5;4;45;loyal_customers
14739;5;25;11574;5;5;5;55;champions
14740;198;11;4161;2;5;5;25;cant_loose
14741;13;7;1713;5;4;4;54;champions
14742;436;1;580;1;1;2;11;hibernating
14743;594;1;50;1;1;1;11;hibernating
14744;17;14;3660;5;5;5;55;champions
14745;114;12;2551;3;5;4;35;loyal_customers
14746;407;4;594;2;3;2;23;at_Risk
14747;250;1;328;2;1;2;21;hibernating
14748;30;10;2682;4;5;4;45;loyal_customers
14749;481;1;310;1;1;2;11;hibernating
14750;737;1;112;1;1;1;11;hibernating
14751;685;2;126;1;2;1;12;hibernating
14752;45;1;390;4;1;2;41;promising
14753;88;2;870;3;2;3;32;about_to_sleep
14754;46;6;1548;4;4;4;44;loyal_customers
14755;11;25;9973;5;5;5;55;champions
14756;16;3;2654;5;3;4;53;potential_loyalists
14757;76;1;421;3;1;2;31;about_to_sleep
14758;146;7;2865;3;4;4;34;loyal_customers
14759;6;3;1626;5;3;4;53;potential_loyalists
14760;298;1;89;2;1;1;21;hibernating
14761;60;3;448;4;3;2;43;potential_loyalists
14762;265;2;418;2;2;2;22;hibernating
14764;48;1;278;4;1;1;41;promising
14765;30;3;254;4;3;1;43;potential_loyalists
14766;9;11;6376;5;5;5;55;champions
14767;475;1;383;1;1;2;11;hibernating
14768;18;2;193;5;2;1;52;potential_loyalists
14769;4;17;15514;5;5;5;55;champions
14770;233;8;3638;2;4;5;24;at_Risk
14771;622;2;595;1;2;2;12;hibernating
14772;113;1;139;3;1;1;31;about_to_sleep
14773;594;1;141;1;1;1;11;hibernating
14774;530;1;241;1;1;1;11;hibernating
14775;59;3;1012;4;3;3;43;potential_loyalists
14776;52;15;3708;4;5;5;45;loyal_customers
14777;405;1;308;2;1;2;21;hibernating
14778;128;2;731;3;2;3;32;about_to_sleep
14779;282;3;386;2;3;2;23;at_Risk
14780;56;2;448;4;2;2;42;potential_loyalists
14782;321;1;200;2;1;1;21;hibernating
14783;660;1;307;1;1;2;11;hibernating
14784;27;3;450;4;3;2;43;potential_loyalists
14785;11;2;77;5;2;1;52;potential_loyalists
14786;551;1;91;1;1;1;11;hibernating
14787;472;1;111;1;1;1;11;hibernating
14788;8;3;1156;5;3;3;53;potential_loyalists
14789;30;1;198;4;1;1;41;promising
14790;18;10;2527;5;5;4;55;champions
14791;608;1;304;1;1;2;11;hibernating
14792;65;1;6,02,2026;3;1;1;31;about_to_sleep
14793;22;2;626;4;2;3;42;potential_loyalists
14794;4;10;1954;5;5;4;55;champions
14795;167;1;131;3;1;1;31;about_to_sleep
14796;2;27;10169;5;5;5;55;champions
14797;508;1;300;1;1;2;11;hibernating
14798;54;8;724;4;4;3;44;loyal_customers
14799;52;2;338;4;2;2;42;potential_loyalists
14800;49;17;7191;4;5;5;45;loyal_customers
14801;62;1;189;3;1;1;31;about_to_sleep
14802;439;1;160;1;1;1;11;hibernating
14803;163;3;846;3;3;3;33;need_attention
14804;10;1;353;5;1;2;51;new_customers
14805;16;7;1083;5;4;3;54;champions
14806;76;2;303;3;2;2;32;about_to_sleep
14807;392;2;504;2;2;2;22;hibernating
14808;41;8;2719;4;4;4;44;loyal_customers
14809;622;2;687;1;2;3;12;hibernating
14810;42;13;2354;4;5;4;45;loyal_customers
14811;388;1;171;2;1;1;21;hibernating
14812;600;1;179;1;1;1;11;hibernating
14813;371;4;889;2;3;3;23;at_Risk
14814;582;1;154;1;1;1;11;hibernating
14815;38;2;779;4;2;3;42;potential_loyalists
14816;198;1;272;2;1;1;21;hibernating
14817;201;7;3960;2;4;5;24;at_Risk
14818;75;6;1154;3;4;3;34;loyal_customers
14819;65;4;456;3;3;2;33;need_attention
14820;22;9;1275;4;5;4;45;loyal_customers
14821;368;7;1230;2;4;4;24;at_Risk
14822;486;1;158;1;1;1;11;hibernating
14823;181;3;321;3;3;2;33;need_attention
14824;11;10;4023;5;5;5;55;champions
14825;5;24;4735;5;5;5;55;champions
14826;583;2;385;1;2;2;12;hibernating
14828;198;13;9839;2;5;5;25;cant_loose
14829;30;7;1456;4;4;4;44;loyal_customers
14830;54;1;189;4;1;1;41;promising
14831;681;3;1677;1;3;4;13;at_Risk
14832;631;1;323;1;1;2;11;hibernating
14833;500;1;95;1;1;1;11;hibernating
14834;19;7;2206;5;4;4;54;champions
14835;530;2;297;1;2;2;12;hibernating
14836;11;3;102;5;3;1;53;potential_loyalists
14837;91;9;3460;3;5;5;35;loyal_customers
14838;424;2;770;1;2;3;12;hibernating
14839;419;3;915;1;3;3;13;at_Risk
14840;269;2;363;2;2;2;22;hibernating
14841;54;14;7163;4;5;5;45;loyal_customers
14842;45;4;2825;4;3;4;43;potential_loyalists
14843;438;1;212;1;1;1;11;hibernating
14844;65;10;6702;3;5;5;35;loyal_customers
14845;601;1;150;1;1;1;11;hibernating
14846;428;1;437;1;1;2;11;hibernating
14847;150;3;1349;3;3;4;33;need_attention
14848;406;1;311;2;1;2;21;hibernating
14849;23;43;15408;4;5;5;45;loyal_customers
14850;313;7;1771;2;4;4;24;at_Risk
14851;24;3;829;4;3;3;43;potential_loyalists
14852;59;18;6132;4;5;5;45;loyal_customers
14853;25;5;1377;4;4;4;44;loyal_customers
14854;79;11;4303;3;5;5;35;loyal_customers
14855;120;7;6520;3;4;5;34;loyal_customers
14856;37;3;1291;4;3;4;43;potential_loyalists
14857;61;7;3652;3;4;5;34;loyal_customers
14858;507;1;181;1;1;1;11;hibernating
14859;14;5;1706;5;4;4;54;champions
14860;20;1;170;5;1;1;51;new_customers
14861;53;10;1381;4;5;4;45;loyal_customers
14862;27;2;841;4;2;3;42;potential_loyalists
14863;30;1;267;4;1;1;41;promising
14865;8;4;93;5;3;1;53;potential_loyalists
14866;12;19;20747;5;5;5;55;champions
14867;187;16;2952;3;5;5;35;loyal_customers
14868;4;12;4184;5;5;5;55;champions
14869;10;6;2778;5;4;4;54;champions
14870;263;6;1839;2;4;4;24;at_Risk
14871;4;9;1228;5;5;4;55;champions
14872;485;3;817;1;3;3;13;at_Risk
14873;211;2;854;2;2;3;22;hibernating
14874;536;1;116;1;1;1;11;hibernating
14875;109;3;2862;3;3;4;33;need_attention
14876;522;2;257;1;2;1;12;hibernating
14877;419;2;426;1;2;2;12;hibernating
14878;14;25;4077;5;5;5;55;champions
14879;686;1;185;1;1;1;11;hibernating
14880;78;3;691;3;3;3;33;need_attention
14881;21;1;255;4;1;1;41;promising
14882;28;14;3547;4;5;5;45;loyal_customers
14883;20;6;762;5;4;3;54;champions
14884;670;1;121;1;1;1;11;hibernating
14885;133;3;1598;3;3;4;33;need_attention
14886;254;1;365;2;1;2;21;hibernating
14887;80;1;1862;3;1;4;31;about_to_sleep
14888;208;1;369;2;1;2;21;hibernating
14889;337;1;136;2;1;1;21;hibernating
14890;255;3;817;2;3;3;23;at_Risk
14891;149;4;1107;3;3;3;33;need_attention
14892;692;1;202;1;1;1;11;hibernating
14893;11;3;1810;5;3;4;53;potential_loyalists
14894;86;3;1493;3;3;4;33;need_attention
14895;9;38;25120;5;5;5;55;champions
14896;206;8;1826;2;4;4;24;at_Risk
14897;9;8;3141;5;4;5;54;champions
14898;24;14;3366;4;5;5;45;loyal_customers
14899;396;1;1331;2;1;4;21;hibernating
14900;523;1;14;1;1;1;11;hibernating
14901;12;12;1919;5;5;4;55;champions
14902;27;3;1036;4;3;3;43;potential_loyalists
14903;22;5;2795;4;4;4;44;loyal_customers
14904;3;4;1630;5;3;4;53;potential_loyalists
14905;159;8;1971;3;4;4;34;loyal_customers
14906;446;1;68;1;1;1;11;hibernating
14907;4;16;5548;5;5;5;55;champions
14908;75;2;382;3;2;2;32;about_to_sleep
14909;438;3;1405;1;3;4;13;at_Risk
14910;4;4;434;5;3;2;53;potential_loyalists
14911;2;388;281997;5;5;5;55;champions
14912;18;6;1889;5;4;4;54;champions
14913;37;8;4073;4;4;5;44;loyal_customers
14915;92;11;1811;3;5;4;35;loyal_customers
14916;72;8;3043;3;4;5;34;loyal_customers
14917;598;2;1124;1;2;3;12;hibernating
14918;117;9;5956;3;5;5;35;loyal_customers
14919;540;1;359;1;1;2;11;hibernating
14920;214;3;1607;2;3;4;23;at_Risk
14921;31;2;1316;4;2;4;42;potential_loyalists
14922;395;2;844;2;2;3;22;hibernating
14923;52;1;749;4;1;3;41;promising
14924;247;3;931;2;3;3;23;at_Risk
14926;383;2;359;2;2;2;22;hibernating
14927;398;1;308;2;1;2;21;hibernating
14928;629;1;224;1;1;1;11;hibernating
14929;33;2;837;4;2;3;42;potential_loyalists
14930;110;6;5237;3;4;5;34;loyal_customers
14931;6;5;1258;5;4;4;54;champions
14932;367;2;666;2;2;3;22;hibernating
14933;445;4;1770;1;3;4;13;at_Risk
14934;83;5;3504;3;4;5;34;loyal_customers
14935;298;2;2850;2;2;4;22;hibernating
14936;35;12;12411;4;5;5;45;loyal_customers
14937;58;3;1622;4;3;4;43;potential_loyalists
14938;563;2;2322;1;2;4;12;hibernating
14940;419;2;531;1;2;2;12;hibernating
14941;580;1;182;1;1;1;11;hibernating
14942;403;4;747;2;3;3;23;at_Risk
14943;664;1;108;1;1;1;11;hibernating
14944;31;19;9785;4;5;5;45;loyal_customers
14945;415;1;179;1;1;1;11;hibernating
14946;15;1;101;5;1;1;51;new_customers
14947;73;6;1050;3;4;3;34;loyal_customers
14948;24;6;1102;4;4;3;44;loyal_customers
14949;470;4;515;1;3;2;13;at_Risk
14950;20;1;371;5;1;2;51;new_customers
14951;80;1;312;3;1;2;31;about_to_sleep
14952;61;32;17629;3;5;5;35;loyal_customers
14953;26;4;971;4;3;3;43;potential_loyalists
14954;13;2;462;5;2;2;52;potential_loyalists
14955;734;1;164;1;1;1;11;hibernating
14956;422;1;1325;1;1;4;11;hibernating
14957;254;2;262;2;2;1;22;hibernating
14958;148;6;942;3;4;3;34;loyal_customers
14959;65;4;695;3;3;3;33;need_attention
14960;9;2;221;5;2;1;52;potential_loyalists
14961;12;22;16410;5;5;5;55;champions
14962;272;4;367;2;3;2;23;at_Risk
14963;11;12;3124;5;5;5;55;champions
14964;248;1;206;2;1;1;21;hibernating
14965;97;2;596;3;2;2;32;about_to_sleep
14966;16;6;1064;5;4;3;54;champions
14967;51;6;1983;4;4;4;44;loyal_customers
14968;31;2;501;4;2;2;42;potential_loyalists
14969;705;1;906;1;1;3;11;hibernating
14970;69;12;4919;3;5;5;35;loyal_customers
14971;36;3;1098;4;3;3;43;potential_loyalists
14972;129;2;145;3;2;1;32;about_to_sleep
14973;108;3;1314;3;3;4;33;need_attention
14974;38;1;90;4;1;1;41;promising
14975;58;2;472;4;2;2;42;potential_loyalists
14976;58;7;791;4;4;3;44;loyal_customers
14977;727;1;32;1;1;1;11;hibernating
14978;73;10;3112;3;5;5;35;loyal_customers
14979;736;1;430;1;1;2;11;hibernating
14980;738;1;151;1;1;1;11;hibernating
14981;247;2;373;2;2;2;22;hibernating
14982;573;1;238;1;1;1;11;hibernating
14983;690;1;183;1;1;1;11;hibernating
14984;20;6;1261;5;4;4;54;champions
14985;199;2;292;2;2;2;22;hibernating
14986;377;2;563;2;2;2;22;hibernating
14987;17;8;1551;5;4;4;54;champions
14988;213;7;2039;2;4;4;24;at_Risk
14989;663;1;342;1;1;2;11;hibernating
14990;613;2;304;1;2;2;12;hibernating
14991;431;1;315;1;1;2;11;hibernating
14992;443;1;211;1;1;1;11;hibernating
14993;565;1;36;1;1;1;11;hibernating
14994;383;5;947;2;4;3;24;at_Risk
14995;40;2;232;4;2;1;42;potential_loyalists
14996;482;2;442;1;2;2;12;hibernating
14997;47;4;777;4;3;3;43;potential_loyalists
14998;171;4;753;3;3;3;33;need_attention
14999;594;1;129;1;1;1;11;hibernating
15000;49;1;491;4;1;2;41;promising
15001;395;2;199;2;2;1;22;hibernating
15002;117;9;4138;3;5;5;35;loyal_customers
15003;474;6;1027;1;4;3;14;at_Risk
15004;148;1;1221;3;1;4;31;about_to_sleep
15005;17;56;13755;5;5;5;55;champions
15006;52;2;758;4;2;3;42;potential_loyalists
15007;160;1;157;3;1;1;31;about_to_sleep
15008;481;2;360;1;2;2;12;hibernating
15009;13;3;1259;5;3;4;53;potential_loyalists
15010;37;1;309;4;1;2;41;promising
15011;397;2;417;2;2;2;22;hibernating
15012;55;3;646;4;3;3;43;potential_loyalists
15013;489;10;1611;1;5;4;15;cant_loose
15014;44;2;258;4;2;1;42;potential_loyalists
15015;502;13;2355;1;5;4;15;cant_loose
15016;174;5;621;3;4;3;34;loyal_customers
15017;35;1;126;4;1;1;41;promising
15018;40;3;496;4;3;2;43;potential_loyalists
15019;268;1;253;2;1;1;21;hibernating
15020;380;1;198;2;1;1;21;hibernating
15021;10;12;2501;5;5;4;55;champions
15022;13;5;1133;5;4;3;54;champions
15023;4;20;11579;5;5;5;55;champions
15024;11;16;3559;5;5;5;55;champions
15025;34;2;980;4;2;3;42;potential_loyalists
15026;81;5;1049;3;4;3;34;loyal_customers
15027;32;10;3196;4;5;5;45;loyal_customers
15028;9;6;963;5;4;3;54;champions
15029;621;1;365;1;1;2;11;hibernating
15030;73;8;1980;3;4;4;34;loyal_customers
15031;5;14;3103;5;5;5;55;champions
15032;257;8;11010;2;4;5;24;at_Risk
15033;6;10;2557;5;5;4;55;champions
15034;17;14;8231;5;5;5;55;champions
15035;91;1;253;3;1;1;31;about_to_sleep
15036;73;3;430;3;3;2;33;need_attention
15037;377;2;398;2;2;2;22;hibernating
15038;60;9;1147;4;5;3;45;loyal_customers
15039;11;93;39141;5;5;5;55;champions
15040;543;1;1,07,2049;1;1;1;11;hibernating
15041;171;2;289;3;2;2;32;about_to_sleep
15042;200;2;315;2;2;2;22;hibernating
15043;32;6;2870;4;4;4;44;loyal_customers
15044;20;35;16024;5;5;5;55;champions
15045;153;2;736;3;2;3;32;about_to_sleep
15046;10;25;7624;5;5;5;55;champions
15047;271;1;344;2;1;2;21;hibernating
15048;66;4;381;3;3;2;33;need_attention
15049;275;1;121;2;1;1;21;hibernating
15050;26;5;4087;4;4;5;44;loyal_customers
15051;24;9;3927;4;5;5;45;loyal_customers
15052;320;1;208;2;1;1;21;hibernating
15053;6;3;694;5;3;3;53;potential_loyalists
15054;13;2;302;5;2;2;52;potential_loyalists
15055;476;3;549;1;3;2;13;at_Risk
15056;521;1;114;1;1;1;11;hibernating
15057;276;5;3256;2;4;5;24;at_Risk
15058;26;16;3388;4;5;5;45;loyal_customers
15059;42;19;3491;4;5;5;45;loyal_customers
15060;9;4;294;5;3;2;53;potential_loyalists
15061;5;127;126389;5;5;5;55;champions
15062;72;8;2586;3;4;4;34;loyal_customers
15063;214;1;371;2;1;2;21;hibernating
15064;411;4;1254;2;3;4;23;at_Risk
15065;39;5;3327;4;4;5;44;loyal_customers
15066;54;1;894;4;1;3;41;promising
15067;79;5;3863;3;4;5;34;loyal_customers
15068;47;4;1175;4;3;3;43;potential_loyalists
15069;180;1;1110;3;1;3;31;about_to_sleep
15070;374;3;737;2;3;3;23;at_Risk
15071;95;4;1456;3;3;4;33;need_attention
15072;480;1;188;1;1;1;11;hibernating
15073;11;8;2788;5;4;4;54;champions
15074;106;3;1553;3;3;4;33;need_attention
15075;79;1;773;3;1;3;31;about_to_sleep
15076;174;3;1448;3;3;4;33;need_attention
15077;496;2;2428;1;2;4;12;hibernating
15078;8;53;17287;5;5;5;55;champions
15079;214;11;3625;2;5;5;25;cant_loose
15080;429;2;546;1;2;2;12;hibernating
15081;23;12;1855;4;5;4;45;loyal_customers
15082;670;1;93;1;1;1;11;hibernating
15083;258;1;88;2;1;1;21;hibernating
15084;381;2;965;2;2;3;22;hibernating
15085;731;1;348;1;1;2;11;hibernating
15086;566;2;219;1;2;1;12;hibernating
15087;283;1;307;2;1;2;21;hibernating
15088;22;2;1160;4;2;3;42;potential_loyalists
15089;11;6;2421;5;4;4;54;champions
15090;309;1;381;2;1;2;21;hibernating
15091;69;3;1047;3;3;3;33;need_attention
15092;216;3;776;2;3;3;23;at_Risk
15093;19;23;13702;5;5;5;55;champions
15094;464;2;83;1;2;1;12;hibernating
15095;105;10;3142;3;5;5;35;loyal_customers
15096;44;1;219;4;1;1;41;promising
15097;5;3;908;5;3;3;53;potential_loyalists
15098;183;1;297;3;1;2;31;about_to_sleep
15099;85;1;410;3;1;2;31;about_to_sleep
15100;335;7;2194;2;4;4;24;at_Risk
15101;10;6;1478;5;4;4;54;champions
15102;532;2;555;1;2;2;12;hibernating
15103;32;2;703;4;2;3;42;potential_loyalists
15104;198;2;994;2;2;3;22;hibernating
15105;19;9;3095;5;5;5;55;champions
15106;19;5;1423;5;4;4;54;champions
15107;312;9;824;2;5;3;25;cant_loose
15108;143;4;1300;3;3;4;33;need_attention
15109;247;3;983;2;3;3;23;at_Risk
15110;25;6;1506;4;4;4;44;loyal_customers
15111;30;5;2442;4;4;4;44;loyal_customers
15112;612;1;209;1;1;1;11;hibernating
15113;11;3;3509;5;3;5;53;potential_loyalists
15114;31;12;3400;4;5;5;45;loyal_customers
15115;19;2;532;5;2;2;52;potential_loyalists
15116;19;4;1353;5;3;4;53;potential_loyalists
15117;16;8;2486;5;4;4;54;champions
15118;135;1;245;3;1;1;31;about_to_sleep
15119;247;1;266;2;1;1;21;hibernating
15120;135;1;359;3;1;2;31;about_to_sleep
15121;51;2;458;4;2;2;42;potential_loyalists
15122;115;11;4487;3;5;5;35;loyal_customers
15123;8;5;4656;5;4;5;54;champions
15124;24;4;451;4;3;2;43;potential_loyalists
15125;26;24;17025;4;5;5;45;loyal_customers
15126;538;2;449;1;2;2;12;hibernating
15127;67;2;712;3;2;3;32;about_to_sleep
15128;61;5;1784;3;4;4;34;loyal_customers
15129;51;23;6860;4;5;5;45;loyal_customers
15130;171;1;330;3;1;2;31;about_to_sleep
15131;396;1;80;2;1;1;21;hibernating
15132;19;5;978;5;4;3;54;champions
15133;129;5;1807;3;4;4;34;loyal_customers
15134;16;10;1596;5;5;4;55;champions
15135;240;2;306;2;2;2;22;hibernating
15136;4;4;1287;5;3;4;53;potential_loyalists
15137;522;2;823;1;2;3;12;hibernating
15138;395;1;503;2;1;2;21;hibernating
15139;241;2;179;2;2;1;22;hibernating
15140;53;8;3244;4;4;5;44;loyal_customers
15141;459;7;1388;1;4;4;14;at_Risk
15142;47;6;2620;4;4;4;44;loyal_customers
15143;227;2;564;2;2;2;22;hibernating
15144;9;29;12160;5;5;5;55;champions
15145;5;4;1195;5;3;3;53;potential_loyalists
15146;166;2;1327;3;2;4;32;about_to_sleep
15147;241;1;624;2;1;3;21;hibernating
15148;12;1;301;5;1;2;51;new_customers
15149;135;5;1555;3;4;4;34;loyal_customers
15150;18;13;8978;5;5;5;55;champions
15151;424;2;2086;1;2;4;12;hibernating
15152;11;14;5264;5;5;5;55;champions
15153;32;1;329;4;1;2;41;promising
15154;76;3;1344;3;3;4;33;need_attention
15155;384;1;384;2;1;2;21;hibernating
15156;2;3;961;5;3;3;53;potential_loyalists
15157;5;5;2654;5;4;4;54;champions
15158;46;2;606;4;2;3;42;potential_loyalists
15159;3;34;22117;5;5;5;55;champions
15160;358;4;589;2;3;2;23;at_Risk
15161;389;1;120;2;1;1;21;hibernating
15162;732;1;313;1;1;2;11;hibernating
15163;19;2;304;5;2;2;52;potential_loyalists
15164;70;9;2028;3;5;4;35;loyal_customers
15165;374;1;488;2;1;2;21;hibernating
15166;469;1;167;1;1;1;11;hibernating
15167;322;5;1628;2;4;4;24;at_Risk
15168;27;1;107;4;1;1;41;promising
15169;383;2;569;2;2;2;22;hibernating
15170;408;1;81;2;1;1;21;hibernating
15171;332;1;1290;2;1;4;21;hibernating
15172;10;5;1624;5;4;4;54;champions
15173;382;7;1495;2;4;4;24;at_Risk
15174;324;2;481;2;2;2;22;hibernating
15175;73;1;224;3;1;1;31;about_to_sleep
15176;669;1;988;1;1;3;11;hibernating
15177;427;1;949;1;1;3;11;hibernating
15178;261;1;41;2;1;1;21;hibernating
15179;19;13;7492;5;5;5;55;champions
15180;368;3;817;2;3;3;23;at_Risk
15181;67;5;1200;3;4;3;34;loyal_customers
15182;155;11;2999;3;5;5;35;loyal_customers
15183;549;3;640;1;3;3;13;at_Risk
15184;30;4;685;4;3;3;43;potential_loyalists
15185;71;1;311;3;1;2;31;about_to_sleep
15186;15;5;1403;5;4;4;54;champions
15187;3;16;4777;5;5;5;55;champions
15188;726;1;310;1;1;2;11;hibernating
15189;2;46;17524;5;5;5;55;champions
15190;435;1;834;1;1;3;11;hibernating
15191;464;3;588;1;3;2;13;at_Risk
15192;121;5;1666;3;4;4;34;loyal_customers
15193;62;1;499;3;1;2;31;about_to_sleep
15194;4;28;12022;5;5;5;55;champions
15195;4;1;3861;5;1;5;51;new_customers
15196;434;2;314;1;2;2;12;hibernating
15197;12;6;1878;5;4;4;54;champions
15198;93;5;571;3;4;2;34;loyal_customers
15199;60;10;3122;4;5;5;45;loyal_customers
15200;496;1;549;1;1;2;11;hibernating
15201;88;7;1843;3;4;4;34;loyal_customers
15203;27;15;4400;4;5;5;45;loyal_customers
15204;358;1;317;2;1;2;21;hibernating
15205;86;2;653;3;2;3;32;about_to_sleep
15206;11;4;420;5;3;2;53;potential_loyalists
15207;417;3;684;1;3;3;13;at_Risk
15208;2;6;971;5;4;3;54;champions
15209;731;1;179;1;1;1;11;hibernating
15210;226;3;1176;2;3;3;23;at_Risk
15211;61;2;894;3;2;3;32;about_to_sleep
15212;242;2;208;2;2;1;22;hibernating
15213;320;2;328;2;2;2;22;hibernating
15214;3;8;1661;5;4;4;54;champions
15215;48;7;2422;4;4;4;44;loyal_customers
15216;89;2;486;3;2;2;32;about_to_sleep
15217;564;1;426;1;1;2;11;hibernating
15218;12;22;11469;5;5;5;55;champions
15219;177;2;685;3;2;3;32;about_to_sleep
15220;53;6;1779;4;4;4;44;loyal_customers
15221;367;4;2062;2;3;4;23;at_Risk
15222;320;11;3551;2;5;5;25;cant_loose
15223;227;5;1418;2;4;4;24;at_Risk
15224;359;5;871;2;4;3;24;at_Risk
15225;235;1;409;2;1;2;21;hibernating
15226;312;1;154;2;1;1;21;hibernating
15227;38;9;2488;4;5;4;45;loyal_customers
15228;67;6;5580;3;4;5;34;loyal_customers
15229;587;1;161;1;1;1;11;hibernating
15230;240;2;430;2;2;2;22;hibernating
15231;622;1;250;1;1;1;11;hibernating
15232;114;2;612;3;2;3;32;about_to_sleep
15233;402;1;59;2;1;1;21;hibernating
15234;278;1;197;2;1;1;21;hibernating
15235;219;16;2773;2;5;4;25;cant_loose
15236;300;1;321;2;1;2;21;hibernating
15237;3;4;1412;5;3;4;53;potential_loyalists
15238;30;3;1072;4;3;3;43;potential_loyalists
15239;11;2;781;5;2;3;52;potential_loyalists
15240;46;12;4460;4;5;5;45;loyal_customers
15241;68;11;3050;3;5;5;35;loyal_customers
15242;423;1;302;1;1;2;11;hibernating
15243;75;2;927;3;2;3;32;about_to_sleep
15244;66;3;912;3;3;3;33;need_attention
15245;135;8;4611;3;4;5;34;loyal_customers
15246;239;3;780;2;3;3;23;at_Risk
15247;123;3;976;3;3;3;33;need_attention
15248;412;3;1894;1;3;4;13;at_Risk
15249;33;18;9266;4;5;5;45;loyal_customers
15250;642;1;60;1;1;1;11;hibernating
15251;10;21;20325;5;5;5;55;champions
15252;37;5;2103;4;4;4;44;loyal_customers
15253;17;8;2055;5;4;4;54;champions
15254;128;3;1088;3;3;3;33;need_attention
15255;68;9;3706;3;5;5;35;loyal_customers
15256;150;2;170;3;2;1;32;about_to_sleep
15257;284;2;686;2;2;3;22;hibernating
15258;170;2;623;3;2;3;32;about_to_sleep
15259;514;4;1182;1;3;3;13;at_Risk
15260;101;25;8768;3;5;5;35;loyal_customers
15261;136;4;1508;3;3;4;33;need_attention
15262;325;3;419;2;3;2;23;at_Risk
15263;108;1;157;3;1;1;31;about_to_sleep
15264;65;2;848;3;2;3;32;about_to_sleep
15265;152;4;3346;3;3;5;33;need_attention
15266;339;5;852;2;4;3;24;at_Risk
15267;23;5;1717;4;4;4;44;loyal_customers
15268;480;3;962;1;3;3;13;at_Risk
15269;25;3;1225;4;3;4;43;potential_loyalists
15270;17;21;8525;5;5;5;55;champions
15271;8;24;4529;5;5;5;55;champions
15272;58;6;2031;4;4;4;44;loyal_customers
15273;601;1;229;1;1;1;11;hibernating
15274;5;2;717;5;2;3;52;potential_loyalists
15275;39;1;615;4;1;3;41;promising
15276;67;4;620;3;3;3;33;need_attention
15277;48;2;476;4;2;2;42;potential_loyalists
15278;563;4;496;1;3;2;13;at_Risk
15279;356;5;1581;2;4;4;24;at_Risk
15280;173;3;398;3;3;2;33;need_attention
15281;60;16;8544;4;5;5;45;loyal_customers
15282;571;1;349;1;1;2;11;hibernating
15283;391;3;148;2;3;1;23;at_Risk
15284;501;1;25;1;1;1;11;hibernating
15285;409;1;95;2;1;1;21;hibernating
15286;51;1;241;4;1;1;41;promising
15287;23;5;856;4;4;3;44;loyal_customers
15288;44;10;3715;4;5;5;45;loyal_customers
15289;30;5;1593;4;4;4;44;loyal_customers
15290;6;26;10496;5;5;5;55;champions
15291;27;40;13518;4;5;5;45;loyal_customers
15292;202;1;178;2;1;1;21;hibernating
15293;667;1;248;1;1;1;11;hibernating
15294;412;1;233;1;1;1;11;hibernating
15295;655;1;207;1;1;1;11;hibernating
15296;52;12;10323;4;5;5;45;loyal_customers
15297;11;3;642;5;3;3;53;potential_loyalists
15298;3;23;9062;5;5;5;55;champions
15299;68;9;5557;3;5;5;35;loyal_customers
15300;65;1;496;3;1;2;31;about_to_sleep
15301;52;17;6910;4;5;5;45;loyal_customers
15302;731;1;308;1;1;2;11;hibernating
15303;291;3;1224;2;3;4;23;at_Risk
15304;62;9;796;3;5;3;35;loyal_customers
15305;556;1;94;1;1;1;11;hibernating
15306;65;9;3485;3;5;5;35;loyal_customers
15307;97;1;205;3;1;1;31;about_to_sleep
15308;275;1;310;2;1;2;21;hibernating
15309;612;4;798;1;3;3;13;at_Risk
15310;480;1;1635;1;1;4;11;hibernating
15311;2;208;114966;5;5;5;55;champions
15312;76;12;2930;3;5;5;35;loyal_customers
15313;111;1;52;3;1;1;31;about_to_sleep
15314;200;3;820;2;3;3;23;at_Risk
15315;65;2;571;3;2;2;32;about_to_sleep
15316;328;1;165;2;1;1;21;hibernating
15317;678;1;130;1;1;1;11;hibernating
15318;5;1;313;5;1;2;51;new_customers
15319;285;1;205;2;1;1;21;hibernating
15320;45;1;267;4;1;1;41;promising
15321;72;12;6710;3;5;5;35;loyal_customers
15322;87;2;1391;3;2;4;32;about_to_sleep
15323;564;3;435;1;3;2;13;at_Risk
15324;702;1;140;1;1;1;11;hibernating
15325;105;8;1601;3;4;4;34;loyal_customers
15326;335;5;1701;2;4;4;24;at_Risk
15327;54;1;209;4;1;1;41;promising
15328;409;1;107;2;1;1;21;hibernating
15329;40;11;2959;4;5;5;45;loyal_customers
15330;33;2;715;4;2;3;42;potential_loyalists
15331;501;3;768;1;3;3;13;at_Risk
15332;367;6;4893;2;4;5;24;at_Risk
15333;209;1;1029;2;1;3;21;hibernating
15334;158;3;351;3;3;2;33;need_attention
15335;55;1;170;4;1;1;41;promising
15336;403;1;241;2;1;1;21;hibernating
15337;412;1;373;1;1;2;11;hibernating
15338;678;1;278;1;1;1;11;hibernating
15339;67;7;1821;3;4;4;34;loyal_customers
15340;563;1;106;1;1;1;11;hibernating
15341;82;2;2403;3;2;4;32;about_to_sleep
15342;131;1;406;3;1;2;31;about_to_sleep
15343;88;1;365;3;1;2;31;about_to_sleep
15344;2;3;564;5;3;2;53;potential_loyalists
15345;47;1;394;4;1;2;41;promising
15346;334;3;596;2;3;2;23;at_Risk
15347;367;4;1162;2;3;3;23;at_Risk
15348;73;1;158;3;1;1;31;about_to_sleep
15349;159;2;464;3;2;2;32;about_to_sleep
15350;374;2;548;2;2;2;22;hibernating
15351;13;10;3430;5;5;5;55;champions
15352;550;1;111;1;1;1;11;hibernating
15353;256;7;2794;2;4;4;24;at_Risk
15354;604;3;284;1;3;1;13;at_Risk
15355;30;2;277;4;2;1;42;potential_loyalists
15356;32;13;3240;4;5;5;45;loyal_customers
15358;6;42;16426;5;5;5;55;champions
15359;664;8;181;1;4;1;14;at_Risk
15360;41;1;428;4;1;2;41;promising
15361;363;4;689;2;3;3;23;at_Risk
15362;450;2;613;1;2;3;12;hibernating
15363;374;2;678;2;2;3;22;hibernating
15364;97;2;913;3;2;3;32;about_to_sleep
15365;27;13;4557;4;5;5;45;loyal_customers
15366;76;7;2389;3;4;4;34;loyal_customers
15367;58;11;5081;4;5;5;45;loyal_customers
15368;22;2;723;4;2;3;42;potential_loyalists
15369;493;11;6251;1;5;5;15;cant_loose
15370;42;8;3739;4;4;5;44;loyal_customers
15371;663;1;59;1;1;1;11;hibernating
15372;138;8;6017;3;4;5;34;loyal_customers
15373;9;17;3085;5;5;5;55;champions
15374;130;2;307;3;2;2;32;about_to_sleep
15375;691;1;61;1;1;1;11;hibernating
15376;41;3;1222;4;3;4;43;potential_loyalists
15377;384;4;1212;2;3;3;23;at_Risk
15378;464;2;247;1;2;1;12;hibernating
15379;170;8;4878;3;4;5;34;loyal_customers
15380;10;11;3249;5;5;5;55;champions
15381;215;5;1891;2;4;4;24;at_Risk
15382;16;12;13734;5;5;5;55;champions
15384;171;4;2028;3;3;4;33;need_attention
15385;41;3;942;4;3;3;43;potential_loyalists
15386;187;1;394;3;1;2;31;about_to_sleep
15387;493;1;469;1;1;2;11;hibernating
15388;271;1;141;2;1;1;21;hibernating
15389;173;5;2734;3;4;4;34;loyal_customers
15390;397;2;1217;2;2;4;22;hibernating
15391;585;1;290;1;1;2;11;hibernating
15392;6;7;2912;5;4;5;54;champions
15393;17;5;891;5;4;3;54;champions
15394;11;11;5287;5;5;5;55;champions
15395;327;1;107;2;1;1;21;hibernating
15396;114;2;796;3;2;3;32;about_to_sleep
15397;291;1;94;2;1;1;21;hibernating
15398;17;2;1346;5;2;4;52;potential_loyalists
15399;2;3;816;5;3;3;53;potential_loyalists
15400;93;8;1302;3;4;4;34;loyal_customers
15401;453;2;217;1;2;1;12;hibernating
15402;150;6;1831;3;4;4;34;loyal_customers
15403;493;2;171;1;2;1;12;hibernating
15404;377;1;257;2;1;1;21;hibernating
15405;190;2;660;3;2;3;32;about_to_sleep
15406;32;4;976;4;3;3;43;potential_loyalists
15407;35;4;1047;4;3;3;43;potential_loyalists
15408;265;1;267;2;1;1;21;hibernating
15409;722;1;131;1;1;1;11;hibernating
15410;85;10;4686;3;5;5;35;loyal_customers
15411;27;4;1349;4;3;4;43;potential_loyalists
15412;172;1;191;3;1;1;31;about_to_sleep
15413;693;5;6799;1;4;5;14;at_Risk
15414;11;3;775;5;3;3;53;potential_loyalists
15415;314;1;560;2;1;2;21;hibernating
15416;66;7;4573;3;4;5;34;loyal_customers
15417;86;1;509;3;1;2;31;about_to_sleep
15418;426;2;449;1;2;2;12;hibernating
15419;26;1;136;4;1;1;41;promising
15420;435;6;743;1;4;3;14;at_Risk
15421;60;10;3805;4;5;5;45;loyal_customers
15422;324;7;1620;2;4;4;24;at_Risk
15423;39;3;267;4;3;1;43;potential_loyalists
15424;255;3;598;2;3;2;23;at_Risk
15425;401;4;1941;2;3;4;23;at_Risk
15426;20;9;2156;5;5;4;55;champions
15427;34;3;1431;4;3;4;43;potential_loyalists
15428;16;4;763;5;3;3;53;potential_loyalists
15429;28;2;397;4;2;2;42;potential_loyalists
15430;469;2;955;1;2;3;12;hibernating
15431;504;1;153;1;1;1;11;hibernating
15432;24;2;321;4;2;2;42;potential_loyalists
15433;215;2;533;2;2;2;22;hibernating
15434;9;11;2567;5;5;4;55;champions
15435;23;1;149;4;1;1;41;promising
15436;13;3;1068;5;3;3;53;potential_loyalists
15437;263;2;393;2;2;2;22;hibernating
15438;132;1;157;3;1;1;31;about_to_sleep
15439;406;4;1269;2;3;4;23;at_Risk
15440;56;3;384;4;3;2;43;potential_loyalists
15441;397;3;1254;2;3;4;23;at_Risk
15442;250;1;594;2;1;2;21;hibernating
15443;3;14;5114;5;5;5;55;champions
15444;10;2;1411;5;2;4;52;potential_loyalists
15445;265;2;285;2;2;1;22;hibernating
15446;378;3;400;2;3;2;23;at_Risk
15447;332;5;493;2;4;2;24;at_Risk
15448;314;2;789;2;2;3;22;hibernating
15449;27;3;975;4;3;3;43;potential_loyalists
15450;31;1;430;4;1;2;41;promising
15451;435;2;227;1;2;1;12;hibernating
15452;31;6;1785;4;4;4;44;loyal_customers
15453;3;7;1372;5;4;4;54;champions
15454;363;2;306;2;2;2;22;hibernating
15455;599;1;38;1;1;1;11;hibernating
15456;284;10;2092;2;5;4;25;cant_loose
15457;263;1;237;2;1;1;21;hibernating
15458;26;2;370;4;2;2;42;potential_loyalists
15459;418;2;203;1;2;1;12;hibernating
15460;355;1;214;2;1;1;21;hibernating
15461;462;2;430;1;2;2;12;hibernating
15462;95;4;737;3;3;3;33;need_attention
15463;30;1;126;4;1;1;41;promising
15464;339;1;1045;2;1;3;21;hibernating
15465;21;32;12100;4;5;5;45;loyal_customers
15466;86;4;1560;3;3;4;33;need_attention
15467;10;3;525;5;3;2;53;potential_loyalists
15468;52;3;1430;4;3;4;43;potential_loyalists
15469;51;3;874;4;3;3;43;potential_loyalists
15470;577;1;63;1;1;1;11;hibernating
15471;3;3;1292;5;3;4;53;potential_loyalists
15472;114;1;372;3;1;2;31;about_to_sleep
15473;15;8;2046;5;4;4;54;champions
15474;597;1;150;1;1;1;11;hibernating
15475;78;1;454;3;1;2;31;about_to_sleep
15476;381;4;2210;2;3;4;23;at_Risk
15477;651;1;368;1;1;2;11;hibernating
15478;41;3;1983;4;3;4;43;potential_loyalists
15479;734;1;147;1;1;1;11;hibernating
15480;117;3;3592;3;3;5;33;need_attention
15481;402;1;1993;2;1;4;21;hibernating
15482;17;19;14417;5;5;5;55;champions
15483;162;10;818;3;5;3;35;loyal_customers
15484;2;6;4652;5;4;5;54;champions
15485;31;7;4811;4;4;5;44;loyal_customers
15486;528;1;102;1;1;1;11;hibernating
15487;681;1;231;1;1;1;11;hibernating
15488;94;5;432;3;4;2;34;loyal_customers
15489;24;8;2420;4;4;4;44;loyal_customers
15490;431;1;211;1;1;1;11;hibernating
15491;96;6;3100;3;4;5;34;loyal_customers
15492;29;2;659;4;2;3;42;potential_loyalists
15493;34;9;4122;4;5;5;45;loyal_customers
15494;22;5;3703;4;4;5;44;loyal_customers
15495;380;1;247;2;1;1;21;hibernating
15496;632;1;146;1;1;1;11;hibernating
15497;19;9;8657;5;5;5;55;champions
15498;4;44;24973;5;5;5;55;champions
15499;725;1;159;1;1;1;11;hibernating
15500;9;4;1132;5;3;3;53;potential_loyalists
15501;406;2;400;2;2;2;22;hibernating
15502;17;13;9848;5;5;5;55;champions
15503;364;2;257;2;2;1;22;hibernating
15504;82;4;403;3;3;2;33;need_attention
15505;54;5;3611;4;4;5;44;loyal_customers
15506;24;6;2030;4;4;4;44;loyal_customers
15507;173;1;476;3;1;2;31;about_to_sleep
15508;190;6;1000;3;4;3;34;loyal_customers
15509;381;1;152;2;1;1;21;hibernating
15510;332;1;250;2;1;1;21;hibernating
15511;13;5;901;5;4;3;54;champions
15512;157;4;332;3;3;2;33;need_attention
15513;34;35;26437;4;5;5;45;loyal_customers
15514;13;18;6392;5;5;5;55;champions
15515;388;1;172;2;1;1;21;hibernating
15516;46;3;62;4;3;1;43;potential_loyalists
15517;234;1;267;2;1;1;21;hibernating
15518;65;15;4190;3;5;5;35;loyal_customers
15519;384;2;345;2;2;2;22;hibernating
15520;3;1;344;5;1;2;51;new_customers
15521;41;16;7098;4;5;5;45;loyal_customers
15522;34;2;398;4;2;2;42;potential_loyalists
15523;85;16;17259;3;5;5;35;loyal_customers
15524;26;2;591;4;2;2;42;potential_loyalists
15525;3;4;890;5;3;3;53;potential_loyalists
15526;34;2;148;4;2;1;42;potential_loyalists
15527;20;23;5555;5;5;5;55;champions
15528;255;1;229;2;1;1;21;hibernating
15529;24;12;4784;4;5;5;45;loyal_customers
15530;23;5;1809;4;4;4;44;loyal_customers
15531;9;2;1972;5;2;4;52;potential_loyalists
15532;26;10;3739;4;5;5;45;loyal_customers
15533;20;3;808;5;3;3;53;potential_loyalists
15534;727;1;162;1;1;1;11;hibernating
15535;174;6;1044;3;4;3;34;loyal_customers
15536;410;1;259;2;1;1;21;hibernating
15537;164;1;111;3;1;1;31;about_to_sleep
15538;539;6;3358;1;4;5;14;at_Risk
15539;8;1;538;5;1;2;51;new_customers
15540;12;2;461;5;2;2;52;potential_loyalists
15541;115;1;85;3;1;1;31;about_to_sleep
15542;513;3;856;1;3;3;13;at_Risk
15543;289;2;242;2;2;1;22;hibernating
15544;10;20;7808;5;5;5;55;champions
15545;55;2;289;4;2;2;42;potential_loyalists
15546;608;2;1079;1;2;3;12;hibernating
15547;8;26;10057;5;5;5;55;champions
15548;597;1;158;1;1;1;11;hibernating
15549;78;8;2334;3;4;4;34;loyal_customers
15550;5;12;2211;5;5;4;55;champions
15551;38;7;1680;4;4;4;44;loyal_customers
15552;218;2;253;2;2;1;22;hibernating
15553;61;1;429;3;1;2;31;about_to_sleep
15554;279;1;217;2;1;1;21;hibernating
15555;13;36;11244;5;5;5;55;champions
15556;25;1;280;4;1;1;41;promising
15557;30;1;469;4;1;2;41;promising
15558;640;1;203;1;1;1;11;hibernating
15559;569;1;1109;1;1;3;11;hibernating
15560;399;2;154;2;2;1;22;hibernating
15561;13;8;1934;5;4;4;54;champions
15562;353;3;671;2;3;3;23;at_Risk
15563;23;7;2859;4;4;4;44;loyal_customers
15564;464;2;71;1;2;1;12;hibernating
15565;51;2;173;4;2;1;42;potential_loyalists
15566;394;2;228;2;2;1;22;hibernating
15567;20;1;186;5;1;1;51;new_customers
15568;4;3;758;5;3;3;53;potential_loyalists
15569;105;10;3583;3;5;5;35;loyal_customers
15570;8;25;8736;5;5;5;55;champions
15571;13;14;3892;5;5;5;55;champions
15572;6;10;3965;5;5;5;55;champions
15573;33;5;1188;4;4;3;44;loyal_customers
15574;179;6;1101;3;4;3;34;loyal_customers
15575;621;1;30,01,2026;1;1;1;11;hibernating
15576;39;1;921;4;1;3;41;promising
15577;152;5;396;3;4;2;34;loyal_customers
15578;163;1;127;3;1;1;31;about_to_sleep
15579;70;5;1251;3;4;4;34;loyal_customers
15580;378;8;1375;2;4;4;24;at_Risk
15581;123;37;4980;3;5;5;35;loyal_customers
15582;26;3;683;4;3;3;43;potential_loyalists
15583;377;1;96;2;1;1;21;hibernating
15584;25;6;1268;4;4;4;44;loyal_customers
15585;178;1;455;3;1;2;31;about_to_sleep
15586;594;3;1139;1;3;3;13;at_Risk
15587;51;7;1522;4;4;4;44;loyal_customers
15588;679;1;580;1;1;2;11;hibernating
15589;257;3;479;2;3;2;23;at_Risk
15590;383;5;1497;2;4;4;24;at_Risk
15591;584;3;218;1;3;1;13;at_Risk
15592;48;1;389;4;1;2;41;promising
15593;72;1;200;3;1;1;31;about_to_sleep
15594;17;5;1772;5;4;4;54;champions
15595;489;1;358;1;1;2;11;hibernating
15596;102;9;2728;3;5;4;35;loyal_customers
15597;36;2;563;4;2;2;42;potential_loyalists
15598;54;2;548;4;2;2;42;potential_loyalists
15599;28;3;1250;4;3;4;43;potential_loyalists
15600;429;4;1199;1;3;3;13;at_Risk
15601;12;30;14192;5;5;5;55;champions
15602;9;16;3138;5;5;5;55;champions
15603;80;2;88;3;2;1;32;about_to_sleep
15604;53;1;216;4;1;1;41;promising
15605;37;9;1742;4;5;4;45;loyal_customers
15606;62;17;5231;3;5;5;35;loyal_customers
15607;338;9;1709;2;5;4;25;cant_loose
15608;29;5;1786;4;4;4;44;loyal_customers
15609;185;1;298;3;1;2;31;about_to_sleep
15610;53;1;112;4;1;1;41;promising
15611;11;26;2997;5;5;5;55;champions
15612;37;2;195;4;2;1;42;potential_loyalists
15613;611;1;434;1;1;2;11;hibernating
15614;439;4;3147;1;3;5;13;at_Risk
15615;11;47;21374;5;5;5;55;champions
15616;439;1;317;1;1;2;11;hibernating
15617;397;3;829;2;3;3;23;at_Risk
15618;34;4;777;4;3;3;43;potential_loyalists
15619;12;1;336;5;1;2;51;new_customers
15620;58;4;1942;4;3;4;43;potential_loyalists
15621;5;4;1293;5;3;4;53;potential_loyalists
15622;44;17;7853;4;5;5;45;loyal_customers
15623;142;8;2437;3;4;4;34;loyal_customers
15624;118;4;588;3;3;2;33;need_attention
15625;105;9;3236;3;5;5;35;loyal_customers
15626;76;3;1068;3;3;3;33;need_attention
15627;458;2;567;1;2;2;12;hibernating
15628;6;17;5333;5;5;5;55;champions
15629;451;4;2241;1;3;4;13;at_Risk
15630;46;3;1481;4;3;4;43;potential_loyalists
15631;643;1;597;1;1;2;11;hibernating
15632;17;8;3285;5;4;5;54;champions
15633;510;13;4336;1;5;5;15;cant_loose
15634;18;2;555;5;2;2;52;potential_loyalists
15635;397;1;100;2;1;1;21;hibernating
15636;91;4;1445;3;3;4;33;need_attention
15637;54;5;798;4;4;3;44;loyal_customers
15638;380;6;2265;2;4;4;24;at_Risk
15639;135;3;1065;3;3;3;33;need_attention
15640;5;29;23494;5;5;5;55;champions
15641;106;12;5346;3;5;5;35;loyal_customers
15642;731;1;106;1;1;1;11;hibernating
15643;193;3;664;2;3;3;23;at_Risk
15644;167;4;804;3;3;3;33;need_attention
15645;20;3;1055;5;3;3;53;potential_loyalists
15646;159;5;785;3;4;3;34;loyal_customers
15647;416;1;169;1;1;1;11;hibernating
15648;205;2;640;2;2;3;22;hibernating
15649;337;4;1660;2;3;4;23;at_Risk
15650;523;2;554;1;2;2;12;hibernating
15651;38;5;1259;4;4;4;44;loyal_customers
15652;92;5;1406;3;4;4;34;loyal_customers
15653;94;2;877;3;2;3;32;about_to_sleep
15654;10;2;923;5;2;3;52;potential_loyalists
15655;244;1;561;2;1;2;21;hibernating
15656;46;4;749;4;3;3;43;potential_loyalists
15657;24;1;30;4;1;1;41;promising
15658;191;8;2117;2;4;4;24;at_Risk
15659;45;3;532;4;3;2;43;potential_loyalists
15660;26;15;2604;4;5;4;45;loyal_customers
15661;318;8;1216;2;4;3;24;at_Risk
15662;662;2;284;1;2;1;12;hibernating
15663;107;1;138;3;1;1;31;about_to_sleep
15664;52;4;1254;4;3;4;43;potential_loyalists
15665;169;5;3987;3;4;5;34;loyal_customers
15666;473;2;633;1;2;3;12;hibernating
15667;41;1;301;4;1;2;41;promising
15668;219;1;76;2;1;1;21;hibernating
15669;41;4;684;4;3;3;43;potential_loyalists
15670;298;2;325;2;2;2;22;hibernating
15671;20;7;2657;5;4;4;54;champions
15672;726;1;45;1;1;1;11;hibernating
15673;89;9;6204;3;5;5;35;loyal_customers
15674;74;13;6948;3;5;5;35;loyal_customers
15675;82;4;542;3;3;2;33;need_attention
15676;20;3;3436;5;3;5;53;potential_loyalists
15677;50;3;1306;4;3;4;43;potential_loyalists
15678;54;3;1826;4;3;4;43;potential_loyalists
15679;25;4;781;4;3;3;43;potential_loyalists
15680;10;10;4029;5;5;5;55;champions
15681;26;14;2990;4;5;5;45;loyal_customers
15682;600;2;318;1;2;2;12;hibernating
15683;118;2;525;3;2;2;32;about_to_sleep
15684;548;3;174;1;3;1;13;at_Risk
15685;451;1;56;1;1;1;11;hibernating
15686;421;1;90;1;1;1;11;hibernating
15687;10;9;2993;5;5;5;55;champions
15688;420;1;191;1;1;1;11;hibernating
15689;121;3;521;3;3;2;33;need_attention
15690;5;2;240;5;2;1;52;potential_loyalists
15691;253;4;571;2;3;2;23;at_Risk
15692;29;1;191;4;1;1;41;promising
15693;660;1;38;1;1;1;11;hibernating
15694;2;24;9978;5;5;5;55;champions
15695;268;4;1131;2;3;3;23;at_Risk
15696;34;13;3881;4;5;5;45;loyal_customers
15697;691;1;247;1;1;1;11;hibernating
15698;625;1;46;1;1;1;11;hibernating
15699;19;1;310;5;1;2;51;new_customers
15700;173;2;697;3;2;3;32;about_to_sleep
15701;3;4;1529;5;3;4;53;potential_loyalists
15702;477;2;140;1;2;1;12;hibernating
15703;266;1;212;2;1;1;21;hibernating
15704;141;6;3735;3;4;5;34;loyal_customers
15705;202;1;143;2;1;1;21;hibernating
15706;65;4;1061;3;3;3;33;need_attention
15707;36;4;917;4;3;3;43;potential_loyalists
15708;42;9;3887;4;5;5;45;loyal_customers
15709;285;2;328;2;2;2;22;hibernating
15710;418;1;899;1;1;3;11;hibernating
15711;558;2;420;1;2;2;12;hibernating
15712;10;12;3472;5;5;5;55;champions
15713;144;4;840;3;3;3;33;need_attention
15714;13;5;784;5;4;3;54;champions
15715;557;5;658;1;4;3;14;at_Risk
15716;147;11;2485;3;5;4;35;loyal_customers
15717;235;5;607;2;4;3;24;at_Risk
15718;541;1;294;1;1;2;11;hibernating
15719;34;31;10196;4;5;5;45;loyal_customers
15720;25;2;739;4;2;3;42;potential_loyalists
15721;13;1;471;5;1;2;51;new_customers
15722;37;11;5234;4;5;5;45;loyal_customers
15723;366;4;931;2;3;3;23;at_Risk
15724;202;3;311;2;3;2;23;at_Risk
15725;16;1;415;5;1;2;51;new_customers
15726;391;1;322;2;1;2;21;hibernating
15727;18;15;9372;5;5;5;55;champions
15728;381;2;545;2;2;2;22;hibernating
15729;214;3;193;2;3;1;23;at_Risk
15730;67;5;1727;3;4;4;34;loyal_customers
15731;555;1;125;1;1;1;11;hibernating
15732;213;10;1544;2;5;4;25;cant_loose
15733;284;1;162;2;1;1;21;hibernating
15734;116;4;2263;3;3;4;33;need_attention
15735;422;1;328;1;1;2;11;hibernating
15736;436;2;1767;1;2;4;12;hibernating
15737;16;8;1188;5;4;3;54;champions
15738;20;41;13043;5;5;5;55;champions
15739;67;1;449;3;1;2;31;about_to_sleep
15740;50;1;155;4;1;1;41;promising
15741;459;2;209;1;2;1;12;hibernating
15742;620;1;157;1;1;1;11;hibernating
15743;17;4;776;5;3;3;53;potential_loyalists
15744;79;1;35;3;1;1;31;about_to_sleep
15745;20;4;1095;5;3;3;53;potential_loyalists
15746;135;1;197;3;1;1;31;about_to_sleep
15747;14;9;2500;5;5;4;55;champions
15748;41;3;610;4;3;3;43;potential_loyalists
15749;236;3;44534;2;3;5;23;at_Risk
15750;4;18;6453;5;5;5;55;champions
15751;462;11;1380;1;5;4;15;cant_loose
15752;41;9;3925;4;5;5;45;loyal_customers
15753;306;1;79;2;1;1;21;hibernating
15754;52;9;3038;4;5;5;45;loyal_customers
15755;11;17;5993;5;5;5;55;champions
15756;62;4;528;3;3;2;33;need_attention
15757;67;6;2940;3;4;5;34;loyal_customers
15758;26;1;205;4;1;1;41;promising
15759;219;7;831;2;4;3;24;at_Risk
15761;444;1;143;1;1;1;11;hibernating
15762;66;2;584;3;2;2;32;about_to_sleep
15763;33;2;1087;4;2;3;42;potential_loyalists
15764;89;8;4503;3;4;5;34;loyal_customers
15765;668;1;371;1;1;2;11;hibernating
15766;65;3;831;3;3;3;33;need_attention
15768;117;34;15309;3;5;5;35;loyal_customers
15769;8;46;88613;5;5;5;55;champions
15770;614;1;321;1;1;2;11;hibernating
15771;605;3;1007;1;3;3;13;at_Risk
15772;419;1;281;1;1;1;11;hibernating
15773;7;2;775;5;2;3;52;potential_loyalists
15774;70;6;1288;3;4;4;34;loyal_customers
15775;246;2;151;2;2;1;22;hibernating
15776;134;1;242;3;1;1;31;about_to_sleep
15777;242;7;1763;2;4;4;24;at_Risk
15778;432;1;308;1;1;2;11;hibernating
15779;464;2;124;1;2;1;12;hibernating
15780;185;3;475;3;3;2;33;need_attention
15781;26;3;345;4;3;2;43;potential_loyalists
15782;11;4;4014;5;3;5;53;potential_loyalists
15783;12;1;246;5;1;1;51;new_customers
15784;469;2;848;1;2;3;12;hibernating
15785;34;16;5970;4;5;5;45;loyal_customers
15786;47;5;8502;4;4;5;44;loyal_customers
15787;27;3;933;4;3;3;43;potential_loyalists
15788;510;1;222;1;1;1;11;hibernating
15789;359;6;1962;2;4;4;24;at_Risk
15790;11;1;219;5;1;1;51;new_customers
15791;45;5;3608;4;4;5;44;loyal_customers
15792;401;2;934;2;2;3;22;hibernating
15793;16;8;2400;5;4;4;54;champions
15794;737;2;777;1;2;3;12;hibernating
15795;151;8;1980;3;4;4;34;loyal_customers
15796;2;17;5172;5;5;5;55;champions
15797;114;6;2821;3;4;4;34;loyal_customers
15798;494;3;1535;1;3;4;13;at_Risk
15799;77;4;1421;3;3;4;33;need_attention
15800;108;7;1227;3;4;4;34;loyal_customers
15801;47;3;1064;4;3;3;43;potential_loyalists
15802;144;1;451;3;1;2;31;about_to_sleep
15803;52;4;1930;4;3;4;43;potential_loyalists
15804;2;13;4206;5;5;5;55;champions
15805;24;30;10149;4;5;5;45;loyal_customers
15806;47;3;785;4;3;3;43;potential_loyalists
15807;51;5;1818;4;4;4;44;loyal_customers
15808;307;21;17180;2;5;5;25;cant_loose
15809;37;7;1274;4;4;4;44;loyal_customers
15810;80;8;2999;3;4;5;34;loyal_customers
15811;23;7;3486;4;4;5;44;loyal_customers
15812;108;12;5201;3;5;5;35;loyal_customers
15813;209;2;1304;2;2;4;22;hibernating
15814;18;6;2634;5;4;4;54;champions
15815;65;5;2101;3;4;4;34;loyal_customers
15816;543;2;144;1;2;1;12;hibernating
15817;422;3;2766;1;3;4;13;at_Risk
15818;589;1;341;1;1;2;11;hibernating
15819;50;10;3935;4;5;5;45;loyal_customers
15820;321;1;207;2;1;1;21;hibernating
15821;45;2;571;4;2;2;42;potential_loyalists
15822;4;6;1840;5;4;4;54;champions
15823;373;3;3882;2;3;5;23;at_Risk
15824;454;2;891;1;2;3;12;hibernating
15825;173;1;533;3;1;2;31;about_to_sleep
15826;57;4;2598;4;3;4;43;potential_loyalists
15827;74;28;3603;3;5;5;35;loyal_customers
15828;376;1;1109;2;1;3;21;hibernating
15829;100;2;636;3;2;3;32;about_to_sleep
15830;39;1;576;4;1;2;41;promising
15831;59;3;795;4;3;3;43;potential_loyalists
15832;255;1;837;2;1;3;21;hibernating
15833;739;1;80;1;1;1;11;hibernating
15834;71;7;3764;3;4;5;34;loyal_customers
15835;45;4;954;4;3;3;43;potential_loyalists
15836;51;1;137;4;1;1;41;promising
15837;66;2;777;3;2;3;32;about_to_sleep
15838;12;34;73206;5;5;5;55;champions
15839;34;3;1048;4;3;3;43;potential_loyalists
15840;60;2;356;4;2;2;42;potential_loyalists
15841;74;9;2742;3;5;4;35;loyal_customers
15842;394;2;549;2;2;2;22;hibernating
15843;305;1;119;2;1;1;21;hibernating
15844;47;1;131;4;1;1;41;promising
15845;19;11;4426;5;5;5;55;champions
15846;386;1;107;2;1;1;21;hibernating
15847;39;5;823;4;4;3;44;loyal_customers
15848;623;1;138;1;1;1;11;hibernating
15850;20;6;1007;5;4;3;54;champions
15851;528;1;110;1;1;1;11;hibernating
15852;188;3;257;3;3;1;33;need_attention
15853;53;1;111;4;1;1;41;promising
15854;5;21;5578;5;5;5;55;champions
15855;138;6;1053;3;4;3;34;loyal_customers
15856;5;52;32276;5;5;5;55;champions
15857;20;2;570;5;2;2;52;potential_loyalists
15858;17;13;3552;5;5;5;55;champions
15859;433;1;438;1;1;2;11;hibernating
15860;42;17;2361;4;5;4;45;loyal_customers
15861;13;12;4369;5;5;5;55;champions
15862;9;13;2512;5;5;4;55;champions
15863;27;5;355;4;4;2;44;loyal_customers
15864;23;7;2181;4;4;4;44;loyal_customers
15865;42;5;2241;4;4;4;44;loyal_customers
15866;102;1;212;3;1;1;31;about_to_sleep
15867;6;31;8923;5;5;5;55;champions
15868;584;1;95;1;1;1;11;hibernating
15869;278;3;321;2;3;2;23;at_Risk
15870;34;4;857;4;3;3;43;potential_loyalists
15871;438;1;33;1;1;1;11;hibernating
15872;16;4;729;5;3;3;53;potential_loyalists
15873;501;4;314;1;3;2;13;at_Risk
15874;65;21;11285;3;5;5;35;loyal_customers
15875;647;1;109;1;1;1;11;hibernating
15876;410;2;1449;2;2;4;22;hibernating
15877;3;2;490;5;2;2;52;potential_loyalists
15878;563;2;331;1;2;2;12;hibernating
15879;405;4;1138;2;3;3;23;at_Risk
15880;370;1;329;2;1;2;21;hibernating
15881;313;5;501;2;4;2;24;at_Risk
15882;200;8;1125;2;4;3;24;at_Risk
15883;3;2;396;5;2;2;52;potential_loyalists
15884;433;2;245;1;2;1;12;hibernating
15885;94;15;1952;3;5;4;35;loyal_customers
15886;61;4;1053;3;3;3;33;need_attention
15887;408;3;1027;2;3;3;23;at_Risk
15888;82;3;429;3;3;2;33;need_attention
15889;158;8;1428;3;4;4;34;loyal_customers
15890;396;5;536;2;4;2;24;at_Risk
15891;228;1;512;2;1;2;21;hibernating
15892;670;1;128;1;1;1;11;hibernating
15893;483;1;305;1;1;2;11;hibernating
15894;254;2;258;2;2;1;22;hibernating
15895;151;1;179;3;1;1;31;about_to_sleep
15897;195;2;209;2;2;1;22;hibernating
15898;2;25;4996;5;5;5;55;champions
15899;370;1;56;2;1;1;21;hibernating
15900;25;4;887;4;3;3;43;potential_loyalists
15901;18;7;688;5;4;3;54;champions
15902;381;1;145;2;1;1;21;hibernating
15903;11;12;8940;5;5;5;55;champions
15904;9;1;165;5;1;1;51;new_customers
15905;544;1;115;1;1;1;11;hibernating
15906;21;10;2530;4;5;4;45;loyal_customers
15907;5;3;883;5;3;3;53;potential_loyalists
15908;492;2;759;1;2;3;12;hibernating
15909;175;1;192;3;1;1;31;about_to_sleep
15910;2;15;2661;5;5;4;55;champions
15911;625;8;1700;1;4;4;14;at_Risk
15912;179;9;1075;3;5;3;35;loyal_customers
15913;535;1;6,03,2026;1;1;1;11;hibernating
15914;379;2;206;2;2;1;22;hibernating
15915;403;1;364;2;1;2;21;hibernating
15916;17;13;3145;5;5;5;55;champions
15917;249;5;530;2;4;2;24;at_Risk
15918;192;3;583;2;3;2;23;at_Risk
15919;21;2;526;4;2;2;42;potential_loyalists
15920;155;9;569;3;5;2;35;loyal_customers
15921;174;4;775;3;3;3;33;need_attention
15922;374;1;370;2;1;2;21;hibernating
15923;374;1;127;2;1;1;21;hibernating
15924;732;1;103;1;1;1;11;hibernating
15925;195;1;207;2;1;1;21;hibernating
15926;543;1;134;1;1;1;11;hibernating
15927;648;1;107;1;1;1;11;hibernating
15928;657;1;294;1;1;2;11;hibernating
15929;645;1;594;1;1;2;11;hibernating
15930;68;1;427;3;1;2;31;about_to_sleep
15931;429;1;240;1;1;1;11;hibernating
15932;5;8;2496;5;4;4;54;champions
15933;22;3;1107;4;3;3;43;potential_loyalists
15934;419;2;2191;1;2;4;12;hibernating
15935;240;2;417;2;2;2;22;hibernating
15936;380;2;283;2;2;1;22;hibernating
15937;65;1;145;3;1;1;31;about_to_sleep
15938;113;9;735;3;5;3;35;loyal_customers
15939;91;16;9060;3;5;5;35;loyal_customers
15940;312;1;36;2;1;1;21;hibernating
15941;638;1;405;1;1;2;11;hibernating
15942;135;1;337;3;1;2;31;about_to_sleep
15943;651;2;271;1;2;1;12;hibernating
15944;278;4;2164;2;4;4;24;at_Risk
15945;366;4;646;2;4;3;24;at_Risk
15946;504;3;2304;1;3;4;13;at_Risk
15947;84;1;1708;3;1;4;31;about_to_sleep
15948;9;3;1509;5;3;4;53;potential_loyalists
15949;18;2;365;5;2;2;52;potential_loyalists
15950;33;10;7121;4;5;5;45;loyal_customers
15951;10;3;1013;5;3;3;53;potential_loyalists
15952;35;4;782;4;4;3;44;loyal_customers
15953;16;18;3440;5;5;5;55;champions
15954;590;1;191;1;1;1;11;hibernating
15955;25;22;8086;4;5;5;45;loyal_customers
15956;552;2;618;1;2;3;12;hibernating
15957;33;3;921;4;3;3;43;potential_loyalists
15958;75;4;462;3;4;2;34;loyal_customers
15959;683;3;543;1;3;2;13;at_Risk
15960;375;4;411;2;4;2;24;at_Risk
15961;380;1;451;2;1;2;21;hibernating
15962;450;1;289;1;1;2;11;hibernating
15963;21;2;471;4;2;2;42;potential_loyalists
15964;664;1;269;1;1;1;11;hibernating
15965;18;13;2772;5;5;4;55;champions
15966;452;1;427;1;1;2;11;hibernating
15967;24;12;2966;4;5;5;45;loyal_customers
15968;389;1;405;2;1;2;21;hibernating
15969;4;5;1127;5;4;3;54;champions
15970;305;2;1017;2;2;3;22;hibernating
15971;19;18;5903;5;5;5;55;champions
15972;457;5;1769;1;4;4;14;at_Risk
15973;368;3;681;2;3;3;23;at_Risk
15974;40;7;3442;4;4;5;44;loyal_customers
15975;85;1;371;3;1;2;31;about_to_sleep
15976;166;6;1694;3;4;4;34;loyal_customers
15977;18;2;1055;5;2;3;52;potential_loyalists
15978;78;3;3279;3;3;5;33;need_attention
15979;604;1;329;1;1;2;11;hibernating
15980;90;7;6544;3;4;5;34;loyal_customers
15981;26;21;9363;4;5;5;45;loyal_customers
15982;606;1;325;1;1;2;11;hibernating
15983;23;8;3110;4;4;5;44;loyal_customers
15984;4;30;8393;5;5;5;55;champions
15985;124;7;2715;3;4;4;34;loyal_customers
15986;31;2;354;4;2;2;42;potential_loyalists
15987;13;8;1536;5;4;4;54;champions
15988;20;3;739;5;3;3;53;potential_loyalists
15989;377;2;368;2;2;2;22;hibernating
15990;45;7;1998;4;4;4;44;loyal_customers
15991;535;1;151;1;1;1;11;hibernating
15992;5;3;897;5;3;3;53;potential_loyalists
15993;10;7;2778;5;4;4;54;champions
15994;56;3;1176;4;3;3;43;potential_loyalists
15995;415;1;695;1;1;3;11;hibernating
15996;89;7;1386;3;4;4;34;loyal_customers
15998;38;16;8274;4;5;5;45;loyal_customers
15999;737;1;20,04,2026;1;1;1;11;hibernating
16000;4;3;12394;5;3;5;53;potential_loyalists
16001;382;1;583;2;1;2;21;hibernating
16002;626;1;169;1;1;1;11;hibernating
16003;31;10;5614;4;5;5;45;loyal_customers
16004;476;5;2146;1;4;4;14;at_Risk
16005;13;10;2365;5;5;4;55;champions
16006;212;2;333;2;2;2;22;hibernating
16007;49;7;3053;4;4;5;44;loyal_customers
16008;25;15;5339;4;5;5;45;loyal_customers
16009;23;4;972;4;4;3;44;loyal_customers
16010;247;11;1695;2;5;4;25;cant_loose
16011;9;29;5601;5;5;5;55;champions
16012;36;5;2979;4;4;5;44;loyal_customers
16013;5;84;56078;5;5;5;55;champions
16014;39;5;1100;4;4;3;44;loyal_customers
16015;5;3;705;5;3;3;53;potential_loyalists
16016;4;11;2083;5;5;4;55;champions
16017;48;5;1546;4;4;4;44;loyal_customers
16018;40;4;698;4;4;3;44;loyal_customers
16019;48;27;17329;4;5;5;45;loyal_customers
16020;18;3;851;5;3;3;53;potential_loyalists
16021;396;2;487;2;2;2;22;hibernating
16022;261;1;603;2;1;2;21;hibernating
16023;47;3;720;4;3;3;43;potential_loyalists
16024;13;3;484;5;3;2;53;potential_loyalists
16025;31;1;440;4;1;2;41;promising
16026;44;1;236;4;1;1;41;promising
16027;93;15;2048;3;5;4;35;loyal_customers
16028;597;1;82;1;1;1;11;hibernating
16029;40;106;109621;4;5;5;45;loyal_customers
16030;311;1;331;2;1;2;21;hibernating
16031;93;2;548;3;2;2;32;about_to_sleep
16032;457;6;1966;1;4;4;14;at_Risk
16033;7;27;10609;5;5;5;55;champions
16034;197;6;911;2;4;3;24;at_Risk
16035;561;1;218;1;1;1;11;hibernating
16036;88;4;2557;3;4;4;34;loyal_customers
16037;271;5;1509;2;4;4;24;at_Risk
16038;9;3;472;5;3;2;53;potential_loyalists
16039;425;2;456;1;2;2;12;hibernating
16040;66;7;2417;3;4;4;34;loyal_customers
16041;32;3;3166;4;3;5;43;potential_loyalists
16042;23;8;2245;4;4;4;44;loyal_customers
16043;39;8;1857;4;4;4;44;loyal_customers
16044;436;1;341;1;1;2;11;hibernating
16045;121;8;3435;3;5;5;35;loyal_customers
16046;563;1;236;1;1;1;11;hibernating
16047;683;1;107;1;1;1;11;hibernating
16048;374;4;819;2;4;3;24;at_Risk
16049;41;6;1852;4;4;4;44;loyal_customers
16050;175;3;301;3;3;2;33;need_attention
16051;683;1;188;1;1;1;11;hibernating
16052;55;1;362;4;1;2;41;promising
16053;34;6;3635;4;4;5;44;loyal_customers
16054;146;4;2112;3;4;4;34;loyal_customers
16055;222;1;135;2;1;1;21;hibernating
16056;46;1;651;4;1;3;41;promising
16057;17;10;3855;5;5;5;55;champions
16058;407;1;63;2;1;1;21;hibernating
16059;67;12;3054;3;5;5;35;loyal_customers
16060;402;3;542;2;3;2;23;at_Risk
16061;432;1;90;1;1;1;11;hibernating
16062;11;8;2863;5;5;4;55;champions
16063;261;1;335;2;1;2;21;hibernating
16064;726;1;109;1;1;1;11;hibernating
16065;366;8;1992;2;5;4;25;cant_loose
16066;18;5;1521;5;4;4;54;champions
16067;564;3;3269;1;3;5;13;at_Risk
16068;595;1;116;1;1;1;11;hibernating
16069;419;1;458;1;1;2;11;hibernating
16070;23;2;852;4;2;3;42;potential_loyalists
16071;46;4;1077;4;4;3;44;loyal_customers
16072;289;4;4180;2;4;5;24;at_Risk
16073;298;1;122;2;1;1;21;hibernating
16074;391;1;253;2;1;1;21;hibernating
16075;504;2;737;1;2;3;12;hibernating
16076;4;10;2235;5;5;4;55;champions
16077;627;1;2300;1;1;4;11;hibernating
16078;285;2;363;2;2;2;22;hibernating
16079;18;3;1352;5;3;4;53;potential_loyalists
16080;83;4;603;3;4;2;34;loyal_customers
16081;57;8;4279;4;5;5;45;loyal_customers
16082;671;1;107;1;1;1;11;hibernating
16083;102;4;2351;3;4;4;34;loyal_customers
16084;300;1;436;2;1;2;21;hibernating
16085;24;12;2341;4;5;4;45;loyal_customers
16086;60;10;2688;4;5;4;45;loyal_customers
16087;390;5;1740;2;4;4;24;at_Risk
16088;577;2;1437;1;2;4;12;hibernating
16089;387;2;263;2;2;1;22;hibernating
16090;625;1;181;1;1;1;11;hibernating
16091;156;2;315;3;2;2;32;about_to_sleep
16092;116;6;1588;3;4;4;34;loyal_customers
16093;108;1;17;3;1;1;31;about_to_sleep
16094;13;11;3696;5;5;5;55;champions
16095;457;1;447;1;1;2;11;hibernating
16096;265;4;1585;2;4;4;24;at_Risk
16097;241;1;185;2;1;1;21;hibernating
16098;89;14;4011;3;5;5;35;loyal_customers
16099;51;7;1573;4;4;4;44;loyal_customers
16100;464;1;583;1;1;2;11;hibernating
16101;72;4;3229;3;4;5;34;loyal_customers
16102;43;3;1842;4;3;4;43;potential_loyalists
16103;8;22;6192;5;5;5;55;champions
16104;63;9;2774;3;5;4;35;loyal_customers
16105;250;5;2386;2;4;4;24;at_Risk
16106;67;1;108;3;1;1;31;about_to_sleep
16107;19;7;3204;5;4;5;54;champions
16108;86;4;2236;3;4;4;34;loyal_customers
16109;220;3;939;2;3;3;23;at_Risk
16110;46;4;1782;4;4;4;44;loyal_customers
16111;429;1;549;1;1;2;11;hibernating
16112;144;4;196;3;4;1;34;loyal_customers
16113;184;1;161;3;1;1;31;about_to_sleep
16114;172;1;136;3;1;1;31;about_to_sleep
16115;11;12;2554;5;5;4;55;champions
16116;213;1;613;2;1;3;21;hibernating
16117;191;3;654;2;3;3;23;at_Risk
16118;654;1;4376;1;1;5;11;hibernating
16119;9;8;1721;5;5;4;55;champions
16120;60;6;2968;4;4;5;44;loyal_customers
16121;58;5;1450;4;4;4;44;loyal_customers
16122;74;6;896;3;4;3;34;loyal_customers
16123;53;1;308;4;1;2;41;promising
16124;318;4;1772;2;4;4;24;at_Risk
16125;368;14;4292;2;5;5;25;cant_loose
16126;30;15;14645;4;5;5;45;loyal_customers
16127;40;2;801;4;2;3;42;potential_loyalists
16128;19;11;3801;5;5;5;55;champions
16129;408;3;1396;2;3;4;23;at_Risk
16130;423;4;987;1;4;3;14;at_Risk
16131;53;12;9957;4;5;5;45;loyal_customers
16132;545;2;664;1;2;3;12;hibernating
16133;5;56;22992;5;5;5;55;champions
16134;23;5;2145;4;4;4;44;loyal_customers
16135;264;2;819;2;2;3;22;hibernating
16136;61;4;947;3;4;3;34;loyal_customers
16137;681;1;423;1;1;2;11;hibernating
16138;380;3;910;2;3;3;23;at_Risk
16139;20;5;1111;5;4;3;54;champions
16140;67;3;1433;3;3;4;33;need_attention
16141;89;2;956;3;2;3;32;about_to_sleep
16142;251;1;535;2;1;2;21;hibernating
16143;4;12;4555;5;5;5;55;champions
16144;248;1;175;2;1;1;21;hibernating
16145;10;19;6805;5;5;5;55;champions
16146;158;4;946;3;4;3;34;loyal_customers
16147;135;5;2399;3;4;4;34;loyal_customers
16148;297;2;387;2;2;2;22;hibernating
16149;6;3;422;5;3;2;53;potential_loyalists
16150;44;10;4002;4;5;5;45;loyal_customers
16152;270;1;1829;2;1;4;21;hibernating
16153;51;11;5133;4;5;5;45;loyal_customers
16155;383;5;797;2;4;3;24;at_Risk
16156;10;20;6188;5;5;5;55;champions
16157;17;3;657;5;3;3;53;potential_loyalists
16158;523;9;628;1;5;3;15;cant_loose
16159;283;4;1233;2;4;4;24;at_Risk
16160;66;2;1025;3;2;3;32;about_to_sleep
16161;3;43;12580;5;5;5;55;champions
16162;253;1;37;2;1;1;21;hibernating
16163;233;6;2408;2;4;4;24;at_Risk
16164;18;3;822;5;3;3;53;potential_loyalists
16165;506;1;80;1;1;1;11;hibernating
16166;429;2;436;1;2;2;12;hibernating
16167;415;5;1386;1;4;4;14;at_Risk
16168;12;66;10361;5;5;5;55;champions
16169;9;4;1823;5;4;4;54;champions
16170;52;20;6869;4;5;5;45;loyal_customers
16171;60;1;73;4;1;1;41;promising
16172;96;8;1885;3;5;4;35;loyal_customers
16173;17;6;1418;5;4;4;54;champions
16174;127;7;2247;3;4;4;34;loyal_customers
16175;95;7;1836;3;4;4;34;loyal_customers
16176;422;4;2053;1;4;4;14;at_Risk
16177;51;8;2247;4;5;4;45;loyal_customers
16178;139;2;613;3;2;3;32;about_to_sleep
16179;62;1;216;3;1;1;31;about_to_sleep
16180;101;13;16250;3;5;5;35;loyal_customers
16181;74;1;306;3;1;2;31;about_to_sleep
16182;73;9;9972;3;5;5;35;loyal_customers
16183;68;4;1078;3;4;3;34;loyal_customers
16184;65;6;1159;3;4;3;34;loyal_customers
16185;18;3;645;5;3;3;53;potential_loyalists
16186;24;26;8718;4;5;5;45;loyal_customers
16187;33;15;6911;4;5;5;45;loyal_customers
16188;46;5;1088;4;4;3;44;loyal_customers
16189;17;2;215;5;2;1;52;potential_loyalists
16190;41;8;2724;4;5;4;45;loyal_customers
16191;4;24;15678;5;5;5;55;champions
16192;737;1;351;1;1;2;11;hibernating
16193;238;2;630;2;2;3;22;hibernating
16194;376;1;309;2;1;2;21;hibernating
16195;724;1;323;1;1;2;11;hibernating
16196;490;1;93;1;1;1;11;hibernating
16197;470;9;2017;1;5;4;15;cant_loose
16198;76;2;1030;3;2;3;32;about_to_sleep
16199;393;7;943;2;4;3;24;at_Risk
16200;5;12;5608;5;5;5;55;champions
16201;4;5;2112;5;4;4;54;champions
16202;362;9;2502;2;5;4;25;cant_loose
16203;60;6;944;4;4;3;44;loyal_customers
16204;24;3;919;4;3;3;43;potential_loyalists
16205;32;7;1820;4;4;4;44;loyal_customers
16206;56;13;2590;4;5;4;45;loyal_customers
16207;26;1;394;4;1;2;41;promising
16208;46;10;3440;4;5;5;45;loyal_customers
16209;90;9;4147;3;5;5;35;loyal_customers
16210;3;35;33751;5;5;5;55;champions
16211;90;3;1091;3;3;3;33;need_attention
16212;20;4;1294;5;4;4;54;champions
16213;80;1;159;3;1;1;31;about_to_sleep
16214;172;4;2038;3;4;4;34;loyal_customers
16215;82;1;242;3;1;1;31;about_to_sleep
16216;268;1;915;2;1;3;21;hibernating
16217;236;2;304;2;2;2;22;hibernating
16218;31;13;3969;4;5;5;45;loyal_customers
16219;502;1;41;1;1;1;11;hibernating
16221;38;9;2020;4;5;4;45;loyal_customers
16222;319;2;1272;2;2;4;22;hibernating
16223;376;2;1087;2;2;3;22;hibernating
16224;58;5;1617;4;4;4;44;loyal_customers
16225;46;15;2859;4;5;4;45;loyal_customers
16226;204;5;672;2;4;3;24;at_Risk
16227;226;3;1027;2;3;3;23;at_Risk
16228;386;3;886;2;3;3;23;at_Risk
16229;88;6;2868;3;4;4;34;loyal_customers
16230;191;2;542;2;2;2;22;hibernating
16231;380;4;1074;2;4;3;24;at_Risk
16232;45;7;2713;4;4;4;44;loyal_customers
16233;72;9;1818;3;5;4;35;loyal_customers
16234;477;3;333;1;3;2;13;at_Risk
16235;42;9;2054;4;5;4;45;loyal_customers
16236;79;1;432;3;1;2;31;about_to_sleep
16237;438;1;137;1;1;1;11;hibernating
16238;424;1;64;1;1;1;11;hibernating
16239;58;6;1492;4;4;4;44;loyal_customers
16240;25;2;3719;4;2;5;42;potential_loyalists
16241;11;16;3993;5;5;5;55;champions
16242;9;14;7405;5;5;5;55;champions
16243;35;2;409;4;2;2;42;potential_loyalists
16244;213;2;1523;2;2;4;22;hibernating
16245;25;3;1414;4;3;4;43;potential_loyalists
16246;461;2;821;1;2;3;12;hibernating
16247;171;1;115;3;1;1;31;about_to_sleep
16248;63;1;153;3;1;1;31;about_to_sleep
16249;54;5;1800;4;4;4;44;loyal_customers
16250;262;3;565;2;3;2;23;at_Risk
16251;513;1;128;1;1;1;11;hibernating
16252;384;1;295;2;1;2;21;hibernating
16253;68;7;7272;3;4;5;34;loyal_customers
16254;379;3;967;2;3;3;23;at_Risk
16255;18;15;4530;5;5;5;55;champions
16256;268;3;1629;2;3;4;23;at_Risk
16257;178;1;47;3;1;1;31;about_to_sleep
16258;46;15;11943;4;5;5;45;loyal_customers
16259;411;3;341;2;3;2;23;at_Risk
16260;52;1;1035;4;1;3;41;promising
16261;18;6;1041;5;4;3;54;champions
16262;379;1;755;2;1;3;21;hibernating
16263;424;1;348;1;1;2;11;hibernating
16264;439;2;824;1;2;3;12;hibernating
16265;10;12;6935;5;5;5;55;champions
16266;75;14;1758;3;5;4;35;loyal_customers
16267;592;1;187;1;1;1;11;hibernating
16268;72;2;668;3;2;3;32;about_to_sleep
16269;439;1;718;1;1;3;11;hibernating
16270;354;1;1141;2;1;3;21;hibernating
16271;4;10;3398;5;5;5;55;champions
16272;118;1;412;3;1;2;31;about_to_sleep
16273;649;2;318;1;2;2;12;hibernating
16274;374;1;352;2;1;2;21;hibernating
16275;198;3;2151;2;3;4;23;at_Risk
16276;178;3;2629;3;3;4;33;need_attention
16277;735;1;189;1;1;1;11;hibernating
16278;101;3;1118;3;3;3;33;need_attention
16279;22;9;5698;4;5;5;45;loyal_customers
16280;726;1;238;1;1;1;11;hibernating
16281;73;3;3424;3;3;5;33;need_attention
16282;341;3;1308;2;3;4;23;at_Risk
16283;7;8;4350;5;5;5;55;champions
16284;32;3;1018;4;3;3;43;potential_loyalists
16285;647;1;177;1;1;1;11;hibernating
16286;478;2;329;1;2;2;12;hibernating
16287;171;5;1007;3;4;3;34;loyal_customers
16288;471;1;130;1;1;1;11;hibernating
16289;463;1;136;1;1;1;11;hibernating
16290;466;4;1958;1;4;4;14;at_Risk
16291;683;1;118;1;1;1;11;hibernating
16292;123;5;1254;3;4;4;34;loyal_customers
16293;23;15;4279;4;5;5;45;loyal_customers
16294;478;1;126;1;1;1;11;hibernating
16295;11;4;1329;5;4;4;54;champions
16296;627;4;1314;1;4;4;14;at_Risk
16297;270;1;302;2;1;2;21;hibernating
16298;24;7;1086;4;4;3;44;loyal_customers
16299;478;1;194;1;1;1;11;hibernating
16300;431;3;1367;1;3;4;13;at_Risk
16301;738;1;107;1;1;1;11;hibernating
16302;128;1;233;3;1;1;31;about_to_sleep
16303;27;7;7928;4;4;5;44;loyal_customers
16304;696;1;382;1;1;2;11;hibernating
16305;140;1;361;3;1;2;31;about_to_sleep
16306;215;7;1125;2;4;3;24;at_Risk
16307;430;3;1195;1;3;3;13;at_Risk
16308;39;7;5120;4;4;5;44;loyal_customers
16309;107;2;707;3;2;3;32;about_to_sleep
16310;415;2;460;1;2;2;12;hibernating
16311;19;2;616;5;2;3;52;potential_loyalists
16312;433;1;171;1;1;1;11;hibernating
16313;4;2;274;5;2;1;52;potential_loyalists
16314;391;3;1491;2;3;4;23;at_Risk
16315;332;2;403;2;2;2;22;hibernating
16316;65;13;5745;3;5;5;35;loyal_customers
16317;121;5;2193;3;4;4;34;loyal_customers
16318;36;1;328;4;1;2;41;promising
16319;219;1;404;2;1;2;21;hibernating
16320;173;6;5629;3;4;5;34;loyal_customers
16321;73;7;605;3;4;2;34;loyal_customers
16322;2;2;327;5;2;2;52;potential_loyalists
16323;197;2;354;2;2;2;22;hibernating
16324;129;3;409;3;3;2;33;need_attention
16325;48;12;3598;4;5;5;45;loyal_customers
16326;7;24;4721;5;5;5;55;champions
16327;15;16;10160;5;5;5;55;champions
16328;564;1;311;1;1;2;11;hibernating
16329;429;4;1665;1;4;4;14;at_Risk
16330;19;7;625;5;4;3;54;champions
16331;433;6;2038;1;4;4;14;at_Risk
16332;29;11;2000;4;5;4;45;loyal_customers
16333;9;22;26627;5;5;5;55;champions
16334;493;1;264;1;1;1;11;hibernating
16335;553;7;2754;1;4;4;14;at_Risk
16336;422;4;3518;1;4;5;14;at_Risk
16337;38;1;151;4;1;1;41;promising
16338;158;1;215;3;1;1;31;about_to_sleep
16339;285;1;94;2;1;1;21;hibernating
16340;108;3;1496;3;3;4;33;need_attention
16341;26;7;3851;4;4;5;44;loyal_customers
16342;76;4;322;3;4;2;34;loyal_customers
16343;17;3;614;5;3;3;53;potential_loyalists
16344;159;4;842;3;4;3;34;loyal_customers
16345;45;2;1179;4;2;3;42;potential_loyalists
16346;386;1;225;2;1;1;21;hibernating
16347;12;11;3443;5;5;5;55;champions
16348;33;8;1744;4;5;4;45;loyal_customers
16349;292;1;54;2;1;1;21;hibernating
16350;22;9;2254;4;5;4;45;loyal_customers
16351;334;13;3330;2;5;5;25;cant_loose
16352;19;2;494;5;2;2;52;potential_loyalists
16353;5;38;9795;5;5;5;55;champions
16354;64;5;1119;3;4;3;34;loyal_customers
16355;376;1;416;2;1;2;21;hibernating
16356;199;6;416;2;4;2;24;at_Risk
16357;34;4;868;4;4;3;44;loyal_customers
16358;2;5;2920;5;4;5;54;champions
16359;8;16;2698;5;5;4;55;champions
16360;6;6;3450;5;4;5;54;champions
16361;11;4;891;5;4;3;54;champions
16362;33;6;922;4;4;3;44;loyal_customers
16363;54;1;109;4;1;1;41;promising
16364;13;2;706;5;2;3;52;potential_loyalists
16365;19;15;3167;5;5;5;55;champions
16366;20;4;1548;5;4;4;54;champions
16367;38;3;1350;4;3;4;43;potential_loyalists
16368;3;3;621;5;3;3;53;potential_loyalists
16369;19;7;2657;5;4;4;54;champions
16370;83;4;1302;3;4;4;34;loyal_customers
16371;450;1;157;1;1;1;11;hibernating
16372;34;5;1290;4;4;4;44;loyal_customers
16373;383;2;309;2;2;2;22;hibernating
16374;67;5;1723;3;4;4;34;loyal_customers
16375;471;2;104;1;2;1;12;hibernating
16376;10;2;975;5;2;3;52;potential_loyalists
16377;268;2;1308;2;2;4;22;hibernating
16378;248;3;363;2;3;2;23;at_Risk
16379;5;4;2157;5;4;4;54;champions
16380;62;1;1743;3;1;4;31;about_to_sleep
16381;397;2;248;2;2;1;22;hibernating
16382;409;2;353;2;2;2;22;hibernating
16383;76;7;2897;3;4;5;34;loyal_customers
16384;91;4;1359;3;4;4;34;loyal_customers
16385;61;5;881;3;4;3;34;loyal_customers
16386;30;3;1068;4;3;3;43;potential_loyalists
16387;324;5;882;2;4;3;24;at_Risk
16388;655;1;186;1;1;1;11;hibernating
16389;54;4;1382;4;4;4;44;loyal_customers
16390;538;3;468;1;3;2;13;at_Risk
16391;402;4;1052;2;4;3;24;at_Risk
16392;271;3;757;2;3;3;23;at_Risk
16393;3;23;5298;5;5;5;55;champions
16394;58;5;1555;4;4;4;44;loyal_customers
16395;62;14;3518;3;5;5;35;loyal_customers
16396;477;1;138;1;1;1;11;hibernating
16397;629;1;123;1;1;1;11;hibernating
16398;155;2;1706;3;2;4;32;about_to_sleep
16399;20;3;630;5;3;3;53;potential_loyalists
16400;96;9;3060;3;5;5;35;loyal_customers
16401;2;23;6849;5;5;5;55;champions
16402;266;2;293;2;2;2;22;hibernating
16403;313;1;178;2;1;1;21;hibernating
16404;71;1;443;3;1;2;31;about_to_sleep
16405;303;2;167;2;2;1;22;hibernating
16406;20;3;528;5;3;2;53;potential_loyalists
16407;14;14;2762;5;5;4;55;champions
16408;592;1;232;1;1;1;11;hibernating
16409;37;12;5653;4;5;5;45;loyal_customers
16410;735;1;130;1;1;1;11;hibernating
16411;20;4;756;5;4;3;54;champions
16412;55;5;593;4;4;2;44;loyal_customers
16413;58;2;522;4;2;2;42;potential_loyalists
16414;23;5;551;4;4;2;44;loyal_customers
16415;45;3;697;4;3;3;43;potential_loyalists
16416;28;9;2958;4;5;5;45;loyal_customers
16417;494;1;36;1;1;1;11;hibernating
16418;46;5;1029;4;4;3;44;loyal_customers
16419;114;8;1464;3;5;4;35;loyal_customers
16420;397;1;75;2;1;1;21;hibernating
16421;377;3;526;2;3;2;23;at_Risk
16422;18;109;61921;5;5;5;55;champions
16423;26;1;346;4;1;2;41;promising
16424;192;2;443;2;2;2;22;hibernating
16425;303;1;303;2;1;2;21;hibernating
16426;3;10;1864;5;5;4;55;champions
16427;264;2;241;2;2;1;22;hibernating
16428;415;3;638;1;3;3;13;at_Risk
16429;107;1;285;3;1;1;31;about_to_sleep
16430;58;7;1118;4;4;3;44;loyal_customers
16431;214;3;623;2;3;3;23;at_Risk
16432;65;1;287;3;1;2;31;about_to_sleep
16433;29;2;385;4;2;2;42;potential_loyalists
16434;30;12;2674;4;5;4;45;loyal_customers
16435;513;3;1003;1;3;3;13;at_Risk
16436;669;3;319;1;3;2;13;at_Risk
16437;382;2;301;2;2;2;22;hibernating
16438;7;5;798;5;4;3;54;champions
16439;723;1;311;1;1;2;11;hibernating
16440;9;6;3857;5;4;5;54;champions
16441;68;5;1019;3;4;3;34;loyal_customers
16442;3;5;892;5;4;3;54;champions
16443;522;1;162;1;1;1;11;hibernating
16444;47;17;3626;4;5;5;45;loyal_customers
16445;35;4;583;4;4;2;44;loyal_customers
16446;2;2;168473;5;2;5;52;potential_loyalists
16447;137;3;727;3;3;3;33;need_attention
16448;199;2;361;2;2;2;22;hibernating
16449;199;2;708;2;2;3;22;hibernating
16450;151;3;1506;3;3;4;33;need_attention
16451;89;3;1013;3;3;3;33;need_attention
16452;632;2;332;1;2;2;12;hibernating
16453;532;2;252;1;2;1;12;hibernating
16454;46;4;31;4;4;1;44;loyal_customers
16455;65;11;3996;3;5;5;35;loyal_customers
16456;100;13;6001;3;5;5;35;loyal_customers
16457;219;1;208;2;1;1;21;hibernating
16458;4;30;5691;5;5;5;55;champions
16459;731;1;72;1;1;1;11;hibernating
16460;29;3;811;4;3;3;43;potential_loyalists
16461;179;3;1546;3;3;4;33;need_attention
16462;75;3;136;3;3;1;33;need_attention
16463;22;4;1422;4;4;4;44;loyal_customers
16464;21;3;1299;4;3;4;43;potential_loyalists
16465;422;2;746;1;2;3;12;hibernating
16466;35;15;3767;4;5;5;45;loyal_customers
16467;510;7;2869;1;4;4;14;at_Risk
16468;75;3;788;3;3;3;33;need_attention
16469;25;5;804;4;4;3;44;loyal_customers
16470;53;11;2417;4;5;4;45;loyal_customers
16471;276;4;1190;2;4;3;24;at_Risk
16472;435;2;790;1;2;3;12;hibernating
16473;166;4;471;3;4;2;34;loyal_customers
16474;8;7;1811;5;4;4;54;champions
16475;89;4;544;3;4;2;34;loyal_customers
16476;433;1;350;1;1;2;11;hibernating
16477;65;11;4094;3;5;5;35;loyal_customers
16478;26;3;331;4;3;2;43;potential_loyalists
16479;11;2;301;5;2;2;52;potential_loyalists
16480;77;1;769;3;1;3;31;about_to_sleep
16481;683;1;453;1;1;2;11;hibernating
16482;17;1;221;5;1;1;51;new_customers
16483;193;1;139;2;1;1;21;hibernating
16484;175;2;404;3;2;2;32;about_to_sleep
16485;78;5;2287;3;4;4;34;loyal_customers
16486;539;1;134;1;1;1;11;hibernating
16487;578;2;209;1;2;1;12;hibernating
16488;34;3;499;4;3;2;43;potential_loyalists
16489;381;2;304;2;2;2;22;hibernating
16490;437;1;205;1;1;1;11;hibernating
16491;48;2;1533;4;2;4;42;potential_loyalists
16492;542;1;386;1;1;2;11;hibernating
16493;81;7;2132;3;4;4;34;loyal_customers
16494;298;1;827;2;1;3;21;hibernating
16495;4;3;648;5;3;3;53;potential_loyalists
16496;10;6;2331;5;4;4;54;champions
16497;51;23;6695;4;5;5;45;loyal_customers
16498;162;2;101;3;2;1;32;about_to_sleep
16499;361;8;2578;2;5;4;25;cant_loose
16500;6;9;844;5;5;3;55;champions
16501;384;1;1191;2;1;3;21;hibernating
16502;621;2;259;1;2;1;12;hibernating
16503;108;11;3614;3;5;5;35;loyal_customers
16504;26;1;466;4;1;2;41;promising
16505;33;1;778;4;1;3;41;promising
16506;21;2;90;4;2;1;42;potential_loyalists
16507;573;1;143;1;1;1;11;hibernating
16508;631;1;241;1;1;1;11;hibernating
16509;298;1;364;2;1;2;21;hibernating
16510;373;6;1778;2;4;4;24;at_Risk
16511;23;6;1760;4;4;4;44;loyal_customers
16513;6;4;875;5;4;3;54;champions
16515;53;10;3179;4;5;5;45;loyal_customers
16516;31;1;102;4;1;1;41;promising
16517;278;1;163;2;1;1;21;hibernating
16518;62;4;959;3;4;3;34;loyal_customers
16519;26;4;439;4;4;2;44;loyal_customers
16520;187;6;2148;3;4;4;34;loyal_customers
16521;416;3;1140;1;3;3;13;at_Risk
16522;437;2;433;1;2;2;12;hibernating
16523;3;28;11916;5;5;5;55;champions
16524;447;2;306;1;2;2;12;hibernating
16525;3;48;24151;5;5;5;55;champions
16526;173;2;717;3;2;3;32;about_to_sleep
16527;82;2;1233;3;2;4;32;about_to_sleep
16528;5;1;244;5;1;1;51;new_customers
16529;191;4;1987;2;4;4;24;at_Risk
16530;669;1;48;1;1;1;11;hibernating
16531;23;11;2298;4;5;4;45;loyal_customers
16532;19;5;8757;5;4;5;54;champions
16533;20;3;1083;5;3;3;53;potential_loyalists
16534;643;1;636;1;1;3;11;hibernating
16535;6;3;972;5;3;3;53;potential_loyalists
16536;111;1;548;3;1;2;31;about_to_sleep
16537;642;1;23;1;1;1;11;hibernating
16538;542;3;395;1;3;2;13;at_Risk
16539;4;10;3290;5;5;5;55;champions
16540;415;1;206;1;1;1;11;hibernating
16541;736;1;424;1;1;2;11;hibernating
16542;55;2;257;4;2;1;42;potential_loyalists
16543;593;1;292;1;1;2;11;hibernating
16544;521;4;377;1;4;2;14;at_Risk
16545;166;2;690;3;2;3;32;about_to_sleep
16546;292;5;5307;2;4;5;24;at_Risk
16547;547;1;104;1;1;1;11;hibernating
16548;600;1;30;1;1;1;11;hibernating
16549;11;34;12782;5;5;5;55;champions
16550;110;18;8814;3;5;5;35;loyal_customers
16551;97;7;2237;3;4;4;34;loyal_customers
16552;244;2;380;2;2;2;22;hibernating
16553;164;33;16584;3;5;5;35;loyal_customers
16554;43;8;2842;4;5;4;45;loyal_customers
16555;36;6;1916;4;4;4;44;loyal_customers
16556;68;17;8013;3;5;5;35;loyal_customers
16557;25;2;282;4;2;1;42;potential_loyalists
16558;2;38;13304;5;5;5;55;champions
16559;398;1;175;2;1;1;21;hibernating
16560;28;8;3048;4;5;5;45;loyal_customers
16561;7;2;511;5;2;2;52;potential_loyalists
16562;478;1;224;1;1;1;11;hibernating
16563;55;6;4413;4;4;5;44;loyal_customers
16564;570;1;88;1;1;1;11;hibernating
16565;365;4;773;2;4;3;24;at_Risk
16566;16;5;615;5;4;3;54;champions
16567;195;2;866;2;2;3;22;hibernating
16568;429;2;1021;1;2;3;12;hibernating
16569;4;5;1455;5;4;4;54;champions
16570;16;20;7434;5;5;5;55;champions
16571;28;10;4249;4;5;5;45;loyal_customers
16572;128;3;1010;3;3;3;33;need_attention
16573;86;2;664;3;2;3;32;about_to_sleep
16574;72;3;1302;3;3;4;33;need_attention
16576;421;2;541;1;2;2;12;hibernating
16577;668;1;380;1;1;2;11;hibernating
16578;627;1;157;1;1;1;11;hibernating
16579;427;1;295;1;1;2;11;hibernating
16581;184;1;106;3;1;1;31;about_to_sleep
16582;114;1;314;3;1;2;31;about_to_sleep
16583;375;2;298;2;2;2;22;hibernating
16584;81;5;3156;3;4;5;34;loyal_customers
16585;595;2;342;1;2;2;12;hibernating
16586;250;3;1463;2;3;4;23;at_Risk
16587;233;1;225;2;1;1;21;hibernating
16588;387;4;1361;2;4;4;24;at_Risk
16589;72;4;612;3;4;3;34;loyal_customers
16590;402;2;606;2;2;2;22;hibernating
16591;70;1;214;3;1;1;31;about_to_sleep
16592;5;28;7808;5;5;5;55;champions
16593;52;8;1071;4;5;3;45;loyal_customers
16594;76;1;181;3;1;1;31;about_to_sleep
16595;62;5;1758;3;4;4;34;loyal_customers
16596;17;4;459;5;4;2;54;champions
16597;5;1;90;5;1;1;51;new_customers
16598;287;1;145;2;1;1;21;hibernating
16599;387;1;173;2;1;1;21;hibernating
16600;5;13;2153;5;5;4;55;champions
16601;42;3;677;4;3;3;43;potential_loyalists
16602;37;2;763;4;2;3;42;potential_loyalists
16603;76;2;482;3;2;2;32;about_to_sleep
16604;564;2;432;1;2;2;12;hibernating
16605;725;1;60;1;1;1;11;hibernating
16606;405;2;358;2;2;2;22;hibernating
16607;19;25;5707;5;5;5;55;champions
16608;455;2;1287;1;2;4;12;hibernating
16609;16;7;5493;5;4;5;54;champions
16610;220;1;76;2;1;1;21;hibernating
16611;187;6;1785;3;4;4;34;loyal_customers
16612;34;9;3245;4;5;5;45;loyal_customers
16613;71;1;619;3;1;3;31;about_to_sleep
16614;184;3;1180;3;3;3;33;need_attention
16615;627;1;292;1;1;2;11;hibernating
16616;16;2;500;5;2;2;52;potential_loyalists
16617;237;1;152;2;1;1;21;hibernating
16618;32;5;2648;4;4;4;44;loyal_customers
16619;265;4;1938;2;4;4;24;at_Risk
16620;5;6;1759;5;4;4;54;champions
16621;53;4;813;4;4;3;44;loyal_customers
16622;545;1;225;1;1;1;11;hibernating
16623;247;4;1015;2;4;3;24;at_Risk
16624;82;2;811;3;2;3;32;about_to_sleep
16625;276;5;1654;2;4;4;24;at_Risk
16626;2;17;4413;5;5;5;55;champions
16627;80;1;323;3;1;2;31;about_to_sleep
16628;31;7;2318;4;4;4;44;loyal_customers
16629;75;2;409;3;2;2;32;about_to_sleep
16630;408;1;107;2;1;1;21;hibernating
16631;483;7;1893;1;4;4;14;at_Risk
16632;487;2;406;1;2;2;12;hibernating
16633;18;6;2883;5;4;4;54;champions
16634;224;6;1650;2;4;4;24;at_Risk
16635;408;1;473;2;1;2;21;hibernating
16636;439;4;3802;1;4;5;14;at_Risk
16637;33;4;1154;4;4;3;44;loyal_customers
16638;24;15;2380;4;5;4;45;loyal_customers
16639;32;4;1748;4;4;4;44;loyal_customers
16640;399;1;179;2;1;1;21;hibernating
16641;107;2;555;3;2;2;32;about_to_sleep
16642;6;3;1077;5;3;3;53;potential_loyalists
16643;247;2;923;2;2;3;22;hibernating
16644;179;2;834;3;2;3;32;about_to_sleep
16645;737;1;160;1;1;1;11;hibernating
16646;450;1;679;1;2;3;12;hibernating
16647;171;4;542;3;4;2;34;loyal_customers
16648;44;3;673;4;3;3;43;potential_loyalists
16649;521;1;307;1;2;2;12;hibernating
16650;73;7;1916;3;4;4;34;loyal_customers
16651;588;1;136;1;2;1;12;hibernating
16652;60;16;17550;4;5;5;45;loyal_customers
16653;17;2;1213;5;2;3;52;potential_loyalists
16654;142;8;1484;3;5;4;35;loyal_customers
16655;19;13;6423;5;5;5;55;champions
16656;23;30;16833;4;5;5;45;loyal_customers
16657;11;4;874;5;4;3;54;champions
16658;369;6;691;2;4;3;24;at_Risk
16659;190;1;39;3;2;1;32;about_to_sleep
16660;17;7;1880;5;4;4;54;champions
16661;541;4;933;1;4;3;14;at_Risk
16662;395;1;151;2;2;1;22;hibernating
16663;730;1;165;1;2;1;12;hibernating
16664;570;1;109;1;2;1;12;hibernating
16665;363;1;135;2;2;1;22;hibernating
16666;20;2;218;5;2;1;52;potential_loyalists
16667;69;2;567;3;2;2;32;about_to_sleep
16668;16;13;862;5;5;3;55;champions
16669;25;3;1349;4;3;4;43;potential_loyalists
16670;18;20;8030;5;5;5;55;champions
16671;29;3;1692;4;3;4;43;potential_loyalists
16672;3;20;8135;5;5;5;55;champions
16673;680;1;171;1;2;1;12;hibernating
16674;56;2;304;4;2;2;42;potential_loyalists
16675;443;2;609;1;2;3;12;hibernating
16676;35;6;2362;4;4;4;44;loyal_customers
16677;412;2;881;1;2;3;12;hibernating
16678;4;12;3110;5;5;5;55;champions
16679;367;3;663;2;3;3;23;at_Risk
16680;44;3;821;4;3;3;43;potential_loyalists
16681;74;7;1922;3;4;4;34;loyal_customers
16682;6;5;1028;5;4;3;54;champions
16683;535;1;320;1;2;2;12;hibernating
16684;5;55;147143;5;5;5;55;champions
16685;62;2;324;3;2;2;32;about_to_sleep
16686;48;16;4881;4;5;5;45;loyal_customers
16687;392;1;158;2;2;1;22;hibernating
16688;2;4;1261;5;4;4;54;champions
16689;77;2;423;3;2;2;32;about_to_sleep
16690;73;4;353;3;4;2;34;loyal_customers
16691;419;2;179;1;2;1;12;hibernating
16692;257;4;1915;2;4;4;24;at_Risk
16693;70;5;1179;3;4;3;34;loyal_customers
16694;724;1;98;1;2;1;12;hibernating
16695;563;2;192;1;2;1;12;hibernating
16696;136;4;658;3;4;3;34;loyal_customers
16697;242;1;113;2;2;1;22;hibernating
16698;228;2;1998;2;2;4;22;hibernating
16699;381;7;995;2;4;3;24;at_Risk
16700;10;25;8831;5;5;5;55;champions
16701;10;26;9917;5;5;5;55;champions
16702;416;4;1111;1;4;3;14;at_Risk
16704;619;2;664;1;2;3;12;hibernating
16705;2;42;43515;5;5;5;55;champions
16706;38;3;531;4;3;2;43;potential_loyalists
16707;401;4;533;2;4;2;24;at_Risk
16708;47;1;657;4;2;3;42;potential_loyalists
16709;86;14;9056;3;5;5;35;loyal_customers
16710;20;22;5921;5;5;5;55;champions
16711;4;9;2868;5;5;4;55;champions
16712;10;13;4233;5;5;5;55;champions
16713;20;32;14116;5;5;5;55;champions
16714;220;4;1497;2;4;4;24;at_Risk
16715;79;2;626;3;2;3;32;about_to_sleep
16716;268;3;2150;2;3;4;23;at_Risk
16717;25;14;6664;4;5;5;45;loyal_customers
16718;370;5;3006;2;4;5;24;at_Risk
16719;16;14;3514;5;5;5;55;champions
16720;27;3;759;4;3;3;43;potential_loyalists
16721;263;1;292;2;2;2;22;hibernating
16722;18;22;8190;5;5;5;55;champions
16723;92;4;1231;3;4;4;34;loyal_customers
16724;406;1;147;2;2;1;22;hibernating
16725;303;14;1688;2;5;4;25;cant_loose
16726;27;7;2064;4;4;4;44;loyal_customers
16727;365;4;1378;2;4;4;24;at_Risk
16728;47;4;1048;4;4;3;44;loyal_customers
16729;39;21;7205;4;5;5;45;loyal_customers
16730;53;3;743;4;3;3;43;potential_loyalists
16731;649;1;170;1;2;1;12;hibernating
16732;33;4;4388;4;4;5;44;loyal_customers
16733;531;1;260;1;2;1;12;hibernating
16734;53;3;647;4;3;3;43;potential_loyalists
16735;80;14;6217;3;5;5;35;loyal_customers
16736;507;5;2957;1;4;5;14;at_Risk
16737;54;2;835;4;2;3;42;potential_loyalists
16738;299;1;1,03,1975;2;2;1;22;hibernating
16739;178;2;786;3;2;3;32;about_to_sleep
16740;396;1;227;2;2;1;22;hibernating
16741;626;1;173;1;2;1;12;hibernating
16742;48;14;2800;4;5;4;45;loyal_customers
16743;30;14;4212;4;5;5;45;loyal_customers
16744;12;7;1292;5;4;4;54;champions
16745;88;17;7181;3;5;5;35;loyal_customers
16746;6;42;18047;5;5;5;55;champions
16747;39;2;836;4;2;3;42;potential_loyalists
16748;19;14;3637;5;5;5;55;champions
16749;592;2;4158;1;2;5;12;hibernating
16750;46;5;624;4;4;3;44;loyal_customers
16751;32;1;1765;4;2;4;42;potential_loyalists
16752;374;1;208;2;2;1;22;hibernating
16753;59;1;224;4;2;1;42;potential_loyalists
16754;373;29;65500;2;5;5;25;cant_loose
16755;115;7;2865;3;4;4;34;loyal_customers
16756;216;7;1312;2;4;4;24;at_Risk
16757;320;2;270;2;2;1;22;hibernating
16758;66;1;369;3;2;2;32;about_to_sleep
16759;9;3;790;5;3;3;53;potential_loyalists
16760;431;1;228;1;2;1;12;hibernating
16761;98;1;317;3;2;2;32;about_to_sleep
16762;21;3;1207;4;3;3;43;potential_loyalists
16763;200;2;965;2;2;3;22;hibernating
16764;5;13;2791;5;5;4;55;champions
16765;295;2;455;2;2;2;22;hibernating
16766;274;2;1146;2;2;3;22;hibernating
16767;32;15;8057;4;5;5;45;loyal_customers
16768;49;9;1699;4;5;4;45;loyal_customers
16769;261;4;1117;2;4;3;24;at_Risk
16770;59;9;1779;4;5;4;45;loyal_customers
16771;34;10;3950;4;5;5;45;loyal_customers
16772;424;3;3698;1;3;5;13;at_Risk
16773;58;3;421;4;3;2;43;potential_loyalists
16774;69;8;1567;3;5;4;35;loyal_customers
16775;11;16;2821;5;5;4;55;champions
16776;61;2;593;3;2;2;32;about_to_sleep
16777;81;5;1292;3;4;4;34;loyal_customers
16778;75;2;246;3;2;1;32;about_to_sleep
16779;3;53;32809;5;5;5;55;champions
16780;101;3;596;3;3;2;33;need_attention
16781;373;2;623;2;2;3;22;hibernating
16782;11;38;9636;5;5;5;55;champions
16783;438;1;392;1;2;2;12;hibernating
16784;21;5;892;4;4;3;44;loyal_customers
16785;411;1;534;2;2;2;22;hibernating
16786;395;1;52;2;2;1;22;hibernating
16787;399;4;1018;2;4;3;24;at_Risk
16788;124;5;1929;3;4;4;34;loyal_customers
16789;9;1;81;5;2;1;52;potential_loyalists
16790;5;6;1546;5;4;4;54;champions
16791;30;15;3958;4;5;5;45;loyal_customers
16792;283;5;623;2;4;3;24;at_Risk
16793;58;1;244;4;2;1;42;potential_loyalists
16794;2;15;2053;5;5;4;55;champions
16795;366;3;2062;2;3;4;23;at_Risk
16796;90;1;306;3;2;2;32;about_to_sleep
16797;394;5;1802;2;4;4;24;at_Risk
16798;555;3;841;1;3;3;13;at_Risk
16799;433;2;453;1;2;2;12;hibernating
16800;12;1;1163;5;2;3;52;potential_loyalists
16801;164;4;1594;3;4;4;34;loyal_customers
16802;680;2;583;1;2;2;12;hibernating
16803;66;1;332;3;2;2;32;about_to_sleep
16804;24;3;537;4;3;2;43;potential_loyalists
16805;175;5;1091;3;4;3;34;loyal_customers
16806;104;4;762;3;4;3;34;loyal_customers
16807;144;6;2124;3;4;4;34;loyal_customers
16808;100;2;288;3;2;2;32;about_to_sleep
16809;24;9;1727;4;5;4;45;loyal_customers
16810;193;2;842;2;2;3;22;hibernating
16811;6;2;547;5;2;2;52;potential_loyalists
16812;362;4;2392;2;4;4;24;at_Risk
16813;9;10;1652;5;5;4;55;champions
16814;15;36;11925;5;5;5;55;champions
16815;455;2;406;1;3;2;13;at_Risk
16816;104;4;417;3;4;2;34;loyal_customers
16817;4;13;2561;5;5;4;55;champions
16818;12;11;3350;5;5;5;55;champions
16819;466;2;183;1;3;1;13;at_Risk
16820;97;1;498;3;2;2;32;about_to_sleep
16821;383;1;113;2;2;1;22;hibernating
16822;687;1;181;1;2;1;12;hibernating
16823;228;7;2243;2;4;4;24;at_Risk
16824;17;3;686;5;3;3;53;potential_loyalists
16825;40;5;1827;4;4;4;44;loyal_customers
16826;52;1;342;4;2;2;42;potential_loyalists
16827;394;5;392;2;4;2;24;at_Risk
16828;94;2;129;3;3;1;33;need_attention
16829;158;2;513;3;3;2;33;need_attention
16830;40;4;1208;4;4;3;44;loyal_customers
16831;566;1;92;1;2;1;12;hibernating
16832;185;5;418;3;4;2;34;loyal_customers
16833;2;6;2409;5;4;4;54;champions
16834;229;2;899;2;3;3;23;at_Risk
16835;129;6;1457;3;4;4;34;loyal_customers
16836;41;4;782;4;4;3;44;loyal_customers
16837;32;11;3171;4;5;5;45;loyal_customers
16838;198;4;1160;2;4;3;24;at_Risk
16839;10;44;21758;5;5;5;55;champions
16840;604;2;140;1;3;1;13;at_Risk
16841;38;12;4006;4;5;5;45;loyal_customers
16842;102;3;1264;3;3;4;33;need_attention
16843;44;35;19571;4;5;5;45;loyal_customers
16844;564;2;614;1;3;3;13;at_Risk
16845;619;1;254;1;2;1;12;hibernating
16846;51;3;842;4;3;3;43;potential_loyalists
16847;44;2;615;4;3;3;43;potential_loyalists
16848;54;4;1412;4;4;4;44;loyal_customers
16849;188;1;125;3;2;1;32;about_to_sleep
16850;335;1;332;2;2;2;22;hibernating
16851;5;3;342;5;3;2;53;potential_loyalists
16852;11;2;145;5;3;1;53;potential_loyalists
16854;418;2;1409;1;3;4;13;at_Risk
16855;25;2;328;4;3;2;43;potential_loyalists
16856;16;3;358;5;3;2;53;potential_loyalists
16857;444;1;353;1;2;2;12;hibernating
16858;370;10;4293;2;5;5;25;cant_loose
16859;146;7;1932;3;4;4;34;loyal_customers
16860;454;3;1611;1;3;4;13;at_Risk
16861;61;5;947;3;4;3;34;loyal_customers
16862;548;4;662;1;4;3;14;at_Risk
16863;32;3;834;4;3;3;43;potential_loyalists
16864;435;2;409;1;3;2;13;at_Risk
16865;403;1;131;2;2;1;22;hibernating
16866;142;3;208;3;3;1;33;need_attention
16867;691;1;77;1;2;1;12;hibernating
16868;395;3;385;2;3;2;23;at_Risk
16869;24;4;817;4;4;3;44;loyal_customers
16870;470;1;450;1;2;2;12;hibernating
16871;23;6;2812;4;4;4;44;loyal_customers
16872;78;6;1213;3;4;3;34;loyal_customers
16873;6;12;14617;5;5;5;55;champions
16874;380;1;210;2;2;1;22;hibernating
16875;68;11;4235;3;5;5;35;loyal_customers
16876;405;1;136;2;2;1;22;hibernating
16877;13;6;847;5;4;3;54;champions
16878;85;1;13,03,2026;3;2;1;32;about_to_sleep
16880;32;8;1813;4;5;4;45;loyal_customers
16881;68;1;432;3;2;2;32;about_to_sleep
16882;68;3;705;3;3;3;33;need_attention
16883;188;19;2246;3;5;4;35;loyal_customers
16884;39;4;1071;4;4;3;44;loyal_customers
16885;16;4;685;5;4;3;54;champions
16886;457;1;134;1;2;1;12;hibernating
16887;36;3;658;4;3;3;43;potential_loyalists
16888;402;3;434;2;3;2;23;at_Risk
16889;196;6;2527;2;4;4;24;at_Risk
16890;478;3;285;1;3;2;13;at_Risk
16891;3;11;1728;5;5;4;55;champions
16892;2;7;755;5;4;3;54;champions
16893;368;2;250;2;3;1;23;at_Risk
16894;503;3;1307;1;3;4;13;at_Risk
16895;66;5;1103;3;4;3;34;loyal_customers
16896;556;1;104;1;2;1;12;hibernating
16897;300;2;290;2;3;2;23;at_Risk
16898;27;5;885;4;4;3;44;loyal_customers
16899;9;8;1696;5;5;4;55;champions
16900;18;3;887;5;3;3;53;potential_loyalists
16901;730;1;204;1;2;1;12;hibernating
16902;117;1;1707;3;2;4;32;about_to_sleep
16903;30;3;1042;4;3;3;43;potential_loyalists
16904;5;21;4675;5;5;5;55;champions
16905;6;17;4707;5;5;5;55;champions
16906;83;7;1411;3;4;4;34;loyal_customers
16907;30;9;1471;4;5;4;45;loyal_customers
16908;723;1;253;1;2;1;12;hibernating
16909;73;1;379;3;2;2;32;about_to_sleep
16910;5;8;1509;5;5;4;55;champions
16911;637;2;255;1;3;1;13;at_Risk
16912;30;15;4461;4;5;5;45;loyal_customers
16913;291;3;424;2;3;2;23;at_Risk
16914;37;1;184;4;2;1;42;potential_loyalists
16915;10;11;1543;5;5;4;55;champions
16916;25;4;902;4;4;3;44;loyal_customers
16917;278;2;1852;2;3;4;23;at_Risk
16918;51;16;3207;4;5;5;45;loyal_customers
16919;157;24;4910;3;5;5;35;loyal_customers
16920;412;1;355;1;2;2;12;hibernating
16921;62;3;409;3;3;2;33;need_attention
16922;574;1;611;1;2;3;12;hibernating
16923;13;32;13157;5;5;5;55;champions
16924;22;3;830;4;3;3;43;potential_loyalists
16925;541;1;126;1;2;1;12;hibernating
16926;372;5;1170;2;4;3;24;at_Risk
16927;117;3;543;3;3;2;33;need_attention
16928;81;29;3898;3;5;5;35;loyal_customers
16929;5;7;1295;5;4;4;54;champions
16930;27;3;379;4;3;2;43;potential_loyalists
16931;6;23;5032;5;5;5;55;champions
16932;54;3;413;4;3;2;43;potential_loyalists
16933;2;9;3099;5;5;5;55;champions
16934;56;6;2083;4;4;4;44;loyal_customers
16935;383;3;531;2;3;2;23;at_Risk
16936;27;2;548;4;3;2;43;potential_loyalists
16937;500;1;196;1;2;1;12;hibernating
16938;10;9;6995;5;5;5;55;champions
16939;490;3;434;1;3;2;13;at_Risk
16940;53;8;6428;4;5;5;45;loyal_customers
16941;613;1;33;1;2;1;12;hibernating
16942;14;9;1905;5;5;4;55;champions
16943;213;5;1299;2;4;4;24;at_Risk
16944;611;1;101;1;2;1;12;hibernating
16945;23;33;8548;4;5;5;45;loyal_customers
16946;384;5;1222;2;4;4;24;at_Risk
16947;237;5;955;2;4;3;24;at_Risk
16948;140;7;869;3;4;3;34;loyal_customers
16949;5;6;1286;5;4;4;54;champions
16950;58;10;3542;4;5;5;45;loyal_customers
16951;136;3;1278;3;3;4;33;need_attention
16952;110;5;796;3;4;3;34;loyal_customers
16953;31;1;20,08,2026;4;2;1;42;potential_loyalists
16954;2;20;6082;5;5;5;55;champions
16955;186;6;1120;3;4;3;34;loyal_customers
16956;19;1;309;5;2;2;52;potential_loyalists
16957;240;2;417;2;3;2;23;at_Risk
16958;436;1;778;1;2;3;12;hibernating
16959;88;1;117;3;2;1;32;about_to_sleep
16960;40;8;1991;4;5;4;45;loyal_customers
16961;117;3;795;3;3;3;33;need_attention
16962;411;1;251;2;2;1;22;hibernating
16963;188;1;111;3;2;1;32;about_to_sleep
16964;734;2;208;1;3;1;13;at_Risk
16965;228;1;201;2;2;1;22;hibernating
16966;9;7;2155;5;4;4;54;champions
16967;190;1;319;3;2;2;32;about_to_sleep
16968;5;2;439;5;3;2;53;potential_loyalists
16969;40;3;650;4;3;3;43;potential_loyalists
16970;627;1;71;1;2;1;12;hibernating
16971;39;1;357;4;2;2;42;potential_loyalists
16972;384;2;749;2;3;3;23;at_Risk
16973;387;1;127;2;2;1;22;hibernating
16974;524;2;366;1;3;2;13;at_Risk
16975;424;3;926;1;3;3;13;at_Risk
16976;268;1;252;2;2;1;22;hibernating
16977;396;4;496;2;4;2;24;at_Risk
16978;79;3;769;3;3;3;33;need_attention
16979;5;9;2860;5;5;4;55;champions
16980;256;3;1423;2;3;4;23;at_Risk
16982;62;1;384;3;2;2;32;about_to_sleep
16983;14;11;3491;5;5;5;55;champions
16984;89;9;10351;3;5;5;35;loyal_customers
16985;18;23;10923;5;5;5;55;champions
16986;31;11;4889;4;5;5;45;loyal_customers
16987;4;11;2521;5;5;4;55;champions
16988;6;2;383;5;3;2;53;potential_loyalists
16989;8;6;1133;5;4;3;54;champions
16990;220;2;344;2;3;2;23;at_Risk
16991;422;1;1041;1;2;3;12;hibernating
16992;12;13;5477;5;5;5;55;champions
16993;465;2;1951;1;3;4;13;at_Risk
16996;31;9;2124;4;5;4;45;loyal_customers
16997;289;3;702;2;3;3;23;at_Risk
16998;151;5;402;3;4;2;34;loyal_customers
16999;24;2;485;4;3;2;43;potential_loyalists
17000;397;2;406;2;3;2;23;at_Risk
17001;2;19;6641;5;5;5;55;champions
17002;87;7;2572;3;4;4;34;loyal_customers
17003;403;4;828;2;4;3;24;at_Risk
17004;47;4;2324;4;4;4;44;loyal_customers
17005;472;2;622;1;3;3;13;at_Risk
17006;6;8;1635;5;5;4;55;champions
17007;52;7;1120;4;4;3;44;loyal_customers
17008;430;1;81;1;2;1;12;hibernating
17009;552;1;242;1;2;1;12;hibernating
17010;19;1;195;5;2;1;52;potential_loyalists
17011;31;3;672;4;3;3;43;potential_loyalists
17012;726;1;361;1;2;2;12;hibernating
17014;9;3;583;5;3;2;53;potential_loyalists
17015;30;3;1839;4;3;4;43;potential_loyalists
17016;578;1;552;1;2;2;12;hibernating
17017;4;29;12577;5;5;5;55;champions
17018;42;6;2288;4;4;4;44;loyal_customers
17019;12;11;3602;5;5;5;55;champions
17020;543;2;936;1;3;3;13;at_Risk
17021;443;6;1182;1;4;3;14;at_Risk
17022;32;2;260;4;3;1;43;potential_loyalists
17023;418;3;800;1;3;3;13;at_Risk
17024;46;3;96;4;3;1;43;potential_loyalists
17025;62;5;1350;3;4;4;34;loyal_customers
17026;186;3;176;3;3;1;33;need_attention
17027;80;9;1311;3;5;4;35;loyal_customers
17028;582;3;1594;1;3;4;13;at_Risk
17029;112;7;2137;3;4;4;34;loyal_customers
17030;65;1;147;3;2;1;32;about_to_sleep
17031;13;6;2774;5;4;4;54;champions
17032;549;8;2984;1;5;5;15;cant_loose
17033;87;4;1333;3;4;4;34;loyal_customers
17034;17;5;1276;5;4;4;54;champions
17035;247;4;614;2;4;3;24;at_Risk
17036;384;1;177;2;2;1;22;hibernating
17037;89;1;1267;3;2;4;32;about_to_sleep
17038;31;2;743;4;3;3;43;potential_loyalists
17039;605;1;1955;1;2;4;12;hibernating
17040;139;2;463;3;3;2;33;need_attention
17041;28;6;1655;4;4;4;44;loyal_customers
17042;4;5;1037;5;4;3;54;champions
17043;33;8;2594;4;5;4;45;loyal_customers
17044;26;12;11962;4;5;5;45;loyal_customers
17045;114;5;828;3;4;3;34;loyal_customers
17046;158;5;1906;3;4;4;34;loyal_customers
17047;86;6;2289;3;4;4;34;loyal_customers
17048;119;7;2072;3;4;4;34;loyal_customers
17049;4;19;9943;5;5;5;55;champions
17050;97;11;4649;3;5;5;35;loyal_customers
17051;195;4;706;2;4;3;24;at_Risk
17052;29;1;399;4;2;2;42;potential_loyalists
17053;132;1;498;3;2;2;32;about_to_sleep
17054;29;5;1356;4;4;4;44;loyal_customers
17055;447;1;233;1;2;1;12;hibernating
17056;739;1;129;1;2;1;12;hibernating
17057;597;1;295;1;2;2;12;hibernating
17058;83;3;1180;3;3;3;33;need_attention
17059;31;9;4865;4;5;5;45;loyal_customers
17060;267;1;234;2;2;1;22;hibernating
17061;75;11;5232;3;5;5;35;loyal_customers
17062;315;6;890;2;4;3;24;at_Risk
17063;22;13;3639;4;5;5;45;loyal_customers
17064;60;3;855;4;3;3;43;potential_loyalists
17065;639;2;195;1;3;1;13;at_Risk
17066;727;1;228;1;2;1;12;hibernating
17067;726;3;455;1;3;2;13;at_Risk
17068;13;47;8988;5;5;5;55;champions
17069;29;14;5517;4;5;5;45;loyal_customers
17070;115;2;437;3;3;2;33;need_attention
17071;29;13;3794;4;5;5;45;loyal_customers
17072;626;1;273;1;2;1;12;hibernating
17073;19;4;1446;5;4;4;54;champions
17074;564;1;203;1;2;1;12;hibernating
17075;19;10;2237;5;5;4;55;champions
17076;37;6;1243;4;4;4;44;loyal_customers
17077;579;1;306;1;2;2;12;hibernating
17078;37;2;378;4;3;2;43;potential_loyalists
17079;79;1;119;3;2;1;32;about_to_sleep
17080;23;7;958;4;4;3;44;loyal_customers
17081;26;6;949;4;4;3;44;loyal_customers
17082;34;6;4732;4;4;5;44;loyal_customers
17083;110;9;4050;3;5;5;35;loyal_customers
17084;36;3;5001;4;3;5;43;potential_loyalists
17085;124;28;7848;3;5;5;35;loyal_customers
17086;8;6;2050;5;4;4;54;champions
17087;739;1;222;1;2;1;12;hibernating
17088;29;4;1991;4;4;4;44;loyal_customers
17089;387;1;128;2;2;1;22;hibernating
17090;5;13;3080;5;5;5;55;champions
17091;4;19;7496;5;5;5;55;champions
17092;51;11;5511;4;5;5;45;loyal_customers
17093;594;1;236;1;2;1;12;hibernating
17094;323;2;402;2;3;2;23;at_Risk
17095;24;7;2572;4;4;4;44;loyal_customers
17096;16;11;3698;5;5;5;55;champions
17097;3;9;1143;5;5;3;55;champions
17098;383;3;591;2;3;2;23;at_Risk
17099;534;1;582;1;2;2;12;hibernating
17100;19;2;972;5;3;3;53;potential_loyalists
17101;11;7;2507;5;4;4;54;champions
17102;263;1;25,05,2026;2;2;1;22;hibernating
17103;723;1;424;1;2;2;12;hibernating
17104;425;1;474;1;2;2;12;hibernating
17105;160;2;666;3;3;3;33;need_attention
17106;390;1;482;2;2;2;22;hibernating
17107;34;10;16053;4;5;5;45;loyal_customers
17108;665;1;175;1;2;1;12;hibernating
17109;30;8;1292;4;5;4;45;loyal_customers
17110;166;3;500;3;3;2;33;need_attention
17111;48;2;460;4;3;2;43;potential_loyalists
17112;504;1;198;1;2;1;12;hibernating
17113;575;6;2306;1;4;4;14;at_Risk
17114;7;8;801;5;5;3;55;champions
17115;9;7;2761;5;4;4;54;champions
17116;649;1;390;1;2;2;12;hibernating
17117;289;1;116;2;2;1;22;hibernating
17118;319;1;157;2;2;1;22;hibernating
17119;4;2;607;5;3;3;53;potential_loyalists
17120;234;1;307;2;2;2;22;hibernating
17121;404;1;315;2;2;2;22;hibernating
17122;120;4;571;3;4;2;34;loyal_customers
17123;163;3;977;3;3;3;33;need_attention
17124;186;1;294;3;2;2;32;about_to_sleep
17125;51;1;231;4;2;1;42;potential_loyalists
17126;153;9;2016;3;5;4;35;loyal_customers
17127;430;5;1155;1;4;3;14;at_Risk
17128;336;1;157;2;2;1;22;hibernating
17129;521;1;32;1;2;1;12;hibernating
17131;6;5;2463;5;4;4;54;champions
17132;453;2;1221;1;3;4;13;at_Risk
17133;17;12;14622;5;5;5;55;champions
17134;108;3;625;3;3;3;33;need_attention
17135;17;10;1722;5;5;4;55;champions
17136;663;1;232;1;2;1;12;hibernating
17137;417;6;1100;1;4;3;14;at_Risk
17138;277;7;4417;2;4;5;24;at_Risk
17139;17;25;19567;5;5;5;55;champions
17140;248;1;454;2;2;2;22;hibernating
17141;419;4;728;1;4;3;14;at_Risk
17142;240;4;1275;2;4;4;24;at_Risk
17143;418;2;881;1;3;3;13;at_Risk
17144;2;2;985;5;3;3;53;potential_loyalists
17145;514;4;3121;1;4;5;14;at_Risk
17146;107;13;5853;3;5;5;35;loyal_customers
17147;24;9;3200;4;5;5;45;loyal_customers
17148;53;1;125;4;2;1;42;potential_loyalists
17149;452;1;143;1;2;1;12;hibernating
17150;378;6;1358;2;4;4;24;at_Risk
17151;736;1;232;1;2;1;12;hibernating
17152;196;4;2017;2;4;4;24;at_Risk
17153;25;1;214;4;2;1;42;potential_loyalists
17154;76;1;329;3;2;2;32;about_to_sleep
17155;19;7;892;5;4;3;54;champions
17156;493;1;592;1;2;2;12;hibernating
17157;9;19;5152;5;5;5;55;champions
17158;33;5;1980;4;4;4;44;loyal_customers
17159;23;5;2100;4;4;4;44;loyal_customers
17160;32;17;10209;4;5;5;45;loyal_customers
17161;445;1;856;1;2;3;12;hibernating
17162;30;10;1715;4;5;4;45;loyal_customers
17163;23;4;700;4;4;3;44;loyal_customers
17164;34;7;2467;4;4;4;44;loyal_customers
17165;285;6;1794;2;4;4;24;at_Risk
17166;40;2;206;4;3;1;43;potential_loyalists
17167;381;3;867;2;3;3;23;at_Risk
17168;500;1;400;1;2;2;12;hibernating
17169;59;3;1157;4;3;3;43;potential_loyalists
17170;375;2;179;2;3;1;23;at_Risk
17171;290;2;385;2;3;2;23;at_Risk
17172;80;3;957;3;3;3;33;need_attention
17173;6;8;3767;5;5;5;55;champions
17174;219;1;60;2;2;1;22;hibernating
17175;45;4;1444;4;4;4;44;loyal_customers
17176;203;3;902;2;3;3;23;at_Risk
17177;506;1;120;1;2;1;12;hibernating
17178;732;1;433;1;2;2;12;hibernating
17179;179;6;1507;3;4;4;34;loyal_customers
17180;57;11;2237;4;5;4;45;loyal_customers
17181;58;3;310;4;3;2;43;potential_loyalists
17182;424;2;321;1;3;2;13;at_Risk
17183;9;6;3347;5;4;5;54;champions
17184;570;2;198;1;3;1;13;at_Risk
17185;593;3;229;1;3;1;13;at_Risk
17186;48;2;144;4;3;1;43;potential_loyalists
17187;228;2;468;2;3;2;23;at_Risk
17188;12;13;4593;5;5;5;55;champions
17189;107;5;954;3;4;3;34;loyal_customers
17190;60;7;1727;4;4;4;44;loyal_customers
17191;29;15;4310;4;5;5;45;loyal_customers
17192;537;1;75;1;2;1;12;hibernating
17193;37;9;2310;4;5;4;45;loyal_customers
17194;275;3;813;2;3;3;23;at_Risk
17195;656;1;563;1;2;2;12;hibernating
17196;429;1;328;1;2;2;12;hibernating
17197;31;1;1013;4;2;3;42;potential_loyalists
17198;25;3;692;4;3;3;43;potential_loyalists
17199;583;1;135;1;2;1;12;hibernating
17200;388;4;357;2;4;2;24;at_Risk
17201;55;4;1143;4;4;3;44;loyal_customers
17202;422;1;161;1;2;1;12;hibernating
17203;37;10;5564;4;5;5;45;loyal_customers
17204;176;9;5505;3;5;5;35;loyal_customers
17205;55;3;999;4;3;3;43;potential_loyalists
17206;54;1;204;4;2;1;42;potential_loyalists
17207;653;1;293;1;2;2;12;hibernating
17208;397;1;111;2;2;1;22;hibernating
17209;650;3;596;1;3;2;13;at_Risk
17210;394;1;252;2;2;1;22;hibernating
17211;28;13;3773;4;5;5;45;loyal_customers
17212;254;3;794;2;3;3;23;at_Risk
17213;41;13;4869;4;5;5;45;loyal_customers
17214;61;6;1059;3;4;3;34;loyal_customers
17215;465;1;186;1;2;1;12;hibernating
17216;555;1;64;1;2;1;12;hibernating
17217;235;2;210;2;3;1;23;at_Risk
17218;5;18;3891;5;5;5;55;champions
17219;33;2;259;4;3;1;43;potential_loyalists
17220;25;21;4457;4;5;5;45;loyal_customers
17221;8;5;977;5;4;3;54;champions
17222;66;6;1580;3;4;4;34;loyal_customers
17223;311;3;558;2;3;2;23;at_Risk
17224;502;1;101;1;2;1;12;hibernating
17225;583;1;131;1;2;1;12;hibernating
17226;310;3;895;2;3;3;23;at_Risk
17227;20;12;1879;5;5;4;55;champions
17228;17;13;2820;5;5;4;55;champions
17229;97;2;319;3;3;2;33;need_attention
17230;265;18;9388;2;5;5;25;cant_loose
17231;13;25;7065;5;5;5;55;champions
17232;4;2;418;5;3;2;53;potential_loyalists
17233;36;3;561;4;3;2;43;potential_loyalists
17234;184;1;150;3;2;1;32;about_to_sleep
17235;26;8;1563;4;5;4;45;loyal_customers
17236;14;12;1929;5;5;4;55;champions
17237;12;4;994;5;4;3;54;champions
17238;4;32;7332;5;5;5;55;champions
17239;314;4;1189;2;4;3;24;at_Risk
17240;597;1;131;1;2;1;12;hibernating
17241;386;12;2737;2;5;4;25;cant_loose
17242;109;5;2889;3;4;4;34;loyal_customers
17243;2;69;20204;5;5;5;55;champions
17244;54;5;1826;4;4;4;44;loyal_customers
17245;206;2;372;2;3;2;23;at_Risk
17246;548;2;39;1;3;1;13;at_Risk
17247;16;1;280;5;2;1;52;potential_loyalists
17248;121;2;501;3;3;2;33;need_attention
17249;430;1;68;1;2;1;12;hibernating
17250;5;2;382;5;3;2;53;potential_loyalists
17251;364;3;799;2;3;3;23;at_Risk
17252;118;2;349;3;3;2;33;need_attention
17253;19;1;178;5;2;1;52;potential_loyalists
17254;6;3;469;5;3;2;53;potential_loyalists
17255;42;4;782;4;4;3;44;loyal_customers
17256;108;5;499;3;4;2;34;loyal_customers
17257;437;2;190;1;3;1;13;at_Risk
17258;398;2;417;2;3;2;23;at_Risk
17259;149;6;1452;3;4;4;34;loyal_customers
17260;412;1;121;1;2;1;12;hibernating
17261;511;1;222;1;2;1;12;hibernating
17262;53;11;2489;4;5;4;45;loyal_customers
17263;209;1;63;2;2;1;22;hibernating
17264;425;1;268;1;2;1;12;hibernating
17265;140;2;550;3;3;2;33;need_attention
17266;3;5;502;5;4;2;54;champions
17267;128;2;317;3;3;2;33;need_attention
17268;109;11;1734;3;5;4;35;loyal_customers
17269;387;1;492;2;2;2;22;hibernating
17270;470;2;601;1;3;2;13;at_Risk
17271;737;1;204;1;2;1;12;hibernating
17272;43;4;2149;4;4;4;44;loyal_customers
17273;425;1;141;1;2;1;12;hibernating
17274;36;2;573;4;3;2;43;potential_loyalists
17275;384;1;114;2;2;1;22;hibernating
17276;403;1;502;2;2;2;22;hibernating
17277;229;2;1065;2;3;3;23;at_Risk
17278;242;2;271;2;3;1;23;at_Risk
17279;59;1;188;4;2;1;42;potential_loyalists
17280;439;1;119;1;2;1;12;hibernating
17281;375;6;798;2;4;3;24;at_Risk
17282;131;5;2309;3;4;4;34;loyal_customers
17283;380;1;188;2;2;1;22;hibernating
17284;61;8;2788;3;5;4;35;loyal_customers
17285;629;2;408;1;3;2;13;at_Risk
17286;23;3;389;4;3;2;43;potential_loyalists
17287;27;21;3827;4;5;5;45;loyal_customers
17288;10;11;2468;5;5;4;55;champions
17289;33;9;2042;4;5;4;45;loyal_customers
17290;5;8;1488;5;5;4;55;champions
17291;309;1;551;2;2;2;22;hibernating
17292;473;2;272;1;3;1;13;at_Risk
17293;9;17;3751;5;5;5;55;champions
17294;670;2;468;1;3;2;13;at_Risk
17295;30;3;547;4;3;2;43;potential_loyalists
17296;731;1;338;1;2;2;12;hibernating
17297;18;1;128;5;2;1;52;potential_loyalists
17298;102;5;954;3;4;3;34;loyal_customers
17299;13;6;993;5;4;3;54;champions
17300;392;2;394;2;3;2;23;at_Risk
17301;22;2;294;4;3;2;43;potential_loyalists
17302;16;5;1136;5;4;3;54;champions
17303;362;1;250;2;2;1;22;hibernating
17304;535;1;112;1;2;1;12;hibernating
17305;650;1;2135;1;2;4;12;hibernating
17306;12;21;9782;5;5;5;55;champions
17307;396;11;4000;2;5;5;25;cant_loose
17308;394;2;4512;2;3;5;23;at_Risk
17309;96;3;320;3;3;2;33;need_attention
17310;388;2;1025;2;3;3;23;at_Risk
17311;79;6;3567;3;4;5;34;loyal_customers
17312;140;3;644;3;3;3;33;need_attention
17313;32;1;2329;4;2;4;42;potential_loyalists
17314;26;17;4904;4;5;5;45;loyal_customers
17315;3;43;9600;5;5;5;55;champions
17316;421;1;124;1;2;1;12;hibernating
17317;47;3;2600;4;3;4;43;potential_loyalists
17318;726;1;157;1;2;1;12;hibernating
17319;670;1;29,01,2026;1;2;1;12;hibernating
17320;101;6;2445;3;4;4;34;loyal_customers
17321;9;6;1665;5;4;4;54;champions
17322;377;5;923;2;4;3;24;at_Risk
17323;16;12;1551;5;5;4;55;champions
17324;19;12;2171;5;5;4;55;champions
17325;281;3;610;2;3;3;23;at_Risk
17326;409;2;312;2;3;2;23;at_Risk
17327;411;2;152;2;3;1;23;at_Risk
17328;674;1;105;1;2;1;12;hibernating
17329;15;5;999;5;4;3;54;champions
17330;24;4;424;4;4;2;44;loyal_customers
17331;125;1;175;3;2;1;32;about_to_sleep
17332;529;5;838;1;4;3;14;at_Risk
17333;87;1;494;3;2;2;32;about_to_sleep
17334;303;3;635;2;3;3;23;at_Risk
17335;385;2;497;2;3;2;23;at_Risk
17336;473;1;81;1;2;1;12;hibernating
17337;152;4;1981;3;4;4;34;loyal_customers
17338;18;17;11889;5;5;5;55;champions
17339;95;3;302;3;3;2;33;need_attention
17340;31;18;19618;4;5;5;45;loyal_customers
17341;158;5;1272;3;4;4;34;loyal_customers
17342;381;4;1228;2;4;4;24;at_Risk
17343;356;6;1260;2;4;4;24;at_Risk
17344;47;2;457;4;3;2;43;potential_loyalists
17345;16;10;1587;5;5;4;55;champions
17346;5;26;4999;5;5;5;55;champions
17347;87;1;229;3;2;1;32;about_to_sleep
17348;16;9;2442;5;5;4;55;champions
17349;180;5;772;3;4;3;34;loyal_customers
17350;9;7;1894;5;4;4;54;champions
17351;37;12;1988;4;5;4;45;loyal_customers
17352;697;1;36;1;2;1;12;hibernating
17353;130;4;3242;3;4;5;34;loyal_customers
17354;52;4;3134;4;4;5;44;loyal_customers
17355;387;1;273;2;2;1;22;hibernating
17356;313;5;946;2;4;3;24;at_Risk
17357;25;2;384;4;3;2;43;potential_loyalists
17358;304;5;861;2;4;3;24;at_Risk
17359;12;2;284;5;3;1;53;potential_loyalists
17360;18;6;1201;5;4;3;54;champions
17361;50;5;872;4;4;3;44;loyal_customers
17362;240;7;1024;2;4;3;24;at_Risk
17363;396;3;920;2;3;3;23;at_Risk
17364;2;28;11973;5;5;5;55;champions
17365;14;15;8184;5;5;5;55;champions
17366;433;2;1077;1;3;3;13;at_Risk
17367;239;1;168;2;2;1;22;hibernating
17368;24;14;2758;4;5;4;45;loyal_customers
17369;457;1;979;1;2;3;12;hibernating
17370;74;4;446;3;4;2;34;loyal_customers
17371;18;6;655;5;4;3;54;champions
17372;42;28;4347;4;5;5;45;loyal_customers
17373;41;7;1168;4;4;3;44;loyal_customers
17374;220;3;727;2;3;3;23;at_Risk
17375;200;4;661;2;4;3;24;at_Risk
17376;72;4;454;3;4;2;34;loyal_customers
17377;25;78;17644;4;5;5;45;loyal_customers
17378;375;1;1,10,1995;2;2;1;22;hibernating
17379;12;1;390;5;2;2;52;potential_loyalists
17380;435;3;645;1;3;3;13;at_Risk
17381;10;38;36399;5;5;5;55;champions
17382;66;8;902;3;5;3;35;loyal_customers
17383;5;2;304;5;3;2;53;potential_loyalists
17384;20;3;508;5;3;2;53;potential_loyalists
17385;16;1;256;5;2;1;52;potential_loyalists
17386;9;7;2813;5;4;4;54;champions
17387;21;2;747;4;3;3;43;potential_loyalists
17388;79;11;2675;3;5;4;35;loyal_customers
17389;2;61;57215;5;5;5;55;champions
17390;422;1;149;1;2;1;12;hibernating
17391;165;2;509;3;3;2;33;need_attention
17392;308;3;586;2;3;2;23;at_Risk
17393;412;2;381;1;3;2;13;at_Risk
17394;220;1;204;2;2;1;22;hibernating
17395;509;1;98;1;2;1;12;hibernating
17396;40;14;8410;4;5;5;45;loyal_customers
17397;23;3;1198;4;3;3;43;potential_loyalists
17398;116;3;653;3;3;3;33;need_attention
17400;127;8;4623;3;5;5;35;loyal_customers
17401;542;1;115;1;2;1;12;hibernating
17402;6;23;4636;5;5;5;55;champions
17403;37;2;383;4;3;2;43;potential_loyalists
17404;5;23;47781;5;5;5;55;champions
17405;2;3;1031;5;3;3;53;potential_loyalists
17406;334;13;4187;2;5;5;25;cant_loose
17407;413;1;553;1;2;2;12;hibernating
17408;164;3;316;3;3;2;33;need_attention
17409;186;10;7794;3;5;5;35;loyal_customers
17410;17;5;1215;5;4;3;54;champions
17411;13;5;1425;5;4;4;54;champions
17412;4;16;4220;5;5;5;55;champions
17413;406;2;560;2;3;2;23;at_Risk
17414;45;6;2250;4;4;4;44;loyal_customers
17415;81;1;508;3;2;2;32;about_to_sleep
17416;31;22;17298;4;5;5;45;loyal_customers
17417;550;1;164;1;2;1;12;hibernating
17418;43;3;670;4;3;3;43;potential_loyalists
17419;12;18;6126;5;5;5;55;champions
17420;51;6;954;4;4;3;44;loyal_customers
17421;387;3;1059;2;3;3;23;at_Risk
17422;17;11;3595;5;5;5;55;champions
17423;47;3;1119;4;3;3;43;potential_loyalists
17425;20;2;759;5;3;3;53;potential_loyalists
17426;9;13;8078;5;5;5;55;champions
17427;73;1;101;3;2;1;32;about_to_sleep
17428;2;45;31467;5;5;5;55;champions
17429;129;5;1357;3;4;4;34;loyal_customers
17430;34;4;623;4;4;3;44;loyal_customers
17431;314;1;403;2;2;2;22;hibernating
17432;19;9;1729;5;5;4;55;champions
17433;89;2;570;3;3;2;33;need_attention
17434;3;7;2374;5;4;4;54;champions
17435;412;1;331;1;2;2;12;hibernating
17436;3;5;534;5;4;2;54;champions
17437;531;1;370;1;2;2;12;hibernating
17438;255;5;1423;2;4;4;24;at_Risk
17439;657;1;326;1;2;2;12;hibernating
17440;158;4;324;3;4;2;34;loyal_customers
17441;733;1;293;1;2;2;12;hibernating
17442;38;15;4620;4;5;5;45;loyal_customers
17443;221;1;534;2;2;2;22;hibernating
17444;153;2;2389;3;3;4;33;need_attention
17446;178;2;121;3;3;1;33;need_attention
17447;41;2;542;4;3;2;43;potential_loyalists
17448;498;46;14524;1;5;5;15;cant_loose
17449;3;13;4868;5;5;5;55;champions
17450;9;51;244784;5;5;5;55;champions
17451;2;7;1721;5;4;4;54;champions
17453;19;2;487;5;3;2;53;potential_loyalists
17454;193;10;1548;2;5;4;25;cant_loose
17455;205;1;132;2;2;1;22;hibernating
17456;366;2;976;2;3;3;23;at_Risk
17457;128;14;5985;3;5;5;35;loyal_customers
17458;16;2;530;5;3;2;53;potential_loyalists
17459;44;2;657;4;3;3;43;potential_loyalists
17460;95;16;2158;3;5;4;35;loyal_customers
17461;24;3;736;4;3;3;43;potential_loyalists
17462;61;2;676;3;3;3;33;need_attention
17463;17;7;2535;5;4;4;54;champions
17464;159;3;907;3;3;3;33;need_attention
17465;427;7;2543;1;4;4;14;at_Risk
17466;11;2;763;5;3;3;53;potential_loyalists
17467;396;1;103;2;2;1;22;hibernating
17468;11;3;195;5;3;1;53;potential_loyalists
17469;17;17;5051;5;5;5;55;champions
17470;46;11;2626;4;5;4;45;loyal_customers
17471;476;1;322;1;2;2;12;hibernating
17472;192;4;922;2;4;3;24;at_Risk
17473;410;2;607;2;3;3;23;at_Risk
17474;601;1;1047;1;2;3;12;hibernating
17475;80;1;194;3;2;1;32;about_to_sleep
17476;397;2;490;2;3;2;23;at_Risk
17477;614;2;1144;1;3;3;13;at_Risk
17478;409;2;1273;2;3;4;23;at_Risk
17479;634;1;389;1;2;2;12;hibernating
17480;79;2;882;3;3;3;33;need_attention
17481;5;4;1256;5;4;4;54;champions
17482;488;2;776;1;3;3;13;at_Risk
17483;66;4;592;3;4;2;34;loyal_customers
17484;577;2;210;1;3;1;13;at_Risk
17486;262;1;397;2;2;2;22;hibernating
17487;729;1;161;1;2;1;12;hibernating
17488;642;1;337;1;2;2;12;hibernating
17489;60;2;377;4;3;2;43;potential_loyalists
17490;2;9;2751;5;5;4;55;champions
17491;2;17;5654;5;5;5;55;champions
17492;249;3;1122;2;3;3;23;at_Risk
17493;386;1;101;2;2;1;22;hibernating
17494;503;1;55;1;2;1;12;hibernating
17495;9;3;807;5;3;3;53;potential_loyalists
17496;360;4;1413;2;4;4;24;at_Risk
17497;391;2;287;2;3;2;23;at_Risk
17498;77;1;272;3;2;1;32;about_to_sleep
17499;291;2;1341;2;3;4;23;at_Risk
17500;18;3;1138;5;3;3;53;potential_loyalists
17501;222;2;289;2;3;2;23;at_Risk
17502;10;4;689;5;4;3;54;champions
17503;4;2;559;5;3;2;53;potential_loyalists
17504;207;18;9490;2;5;5;25;cant_loose
17505;163;5;2435;3;4;4;34;loyal_customers
17506;77;1;302;3;2;2;32;about_to_sleep
17507;263;2;606;2;3;2;23;at_Risk
17508;282;8;4579;2;5;5;25;cant_loose
17509;59;8;6084;4;5;5;45;loyal_customers
17510;26;2;515;4;3;2;43;potential_loyalists
17511;4;60;172133;5;5;5;55;champions
17512;30;18;5468;4;5;5;45;loyal_customers
17513;73;3;1159;3;3;3;33;need_attention
17514;129;2;522;3;3;2;33;need_attention
17515;32;9;1603;4;5;4;45;loyal_customers
17516;16;6;948;5;4;3;54;champions
17517;310;1;154;2;2;1;22;hibernating
17518;427;2;329;1;3;2;13;at_Risk
17519;18;15;4774;5;5;5;55;champions
17520;55;1;547;4;2;2;42;potential_loyalists
17521;31;5;1278;4;4;4;44;loyal_customers
17522;3;5;1071;5;4;3;54;champions
17523;12;4;653;5;4;3;54;champions
17524;362;3;539;2;3;2;23;at_Risk
17525;361;3;1162;2;3;3;23;at_Risk
17526;6;12;3939;5;5;5;55;champions
17527;55;4;939;4;4;3;44;loyal_customers
17528;2;8;3629;5;5;5;55;champions
17529;611;2;1240;1;3;4;13;at_Risk
17530;2;12;2792;5;5;4;55;champions
17531;191;3;1267;2;3;4;23;at_Risk
17532;387;1;65;2;2;1;22;hibernating
17533;436;1;35;1;2;1;12;hibernating
17534;55;5;1669;4;4;4;44;loyal_customers
17535;281;1;164;2;2;1;22;hibernating
17536;178;3;365;3;3;2;33;need_attention
17537;31;2;888;4;3;3;43;potential_loyalists
17538;27;1;98;4;2;1;42;potential_loyalists
17539;619;4;1177;1;4;3;14;at_Risk
17540;26;6;1591;4;4;4;44;loyal_customers
17541;511;1;120;1;2;1;12;hibernating
17542;271;3;341;2;3;2;23;at_Risk
17543;551;1;120;1;2;1;12;hibernating
17544;391;3;945;2;3;3;23;at_Risk
17545;44;6;1410;4;4;4;44;loyal_customers
17547;377;2;728;2;3;3;23;at_Risk
17548;235;4;731;2;4;3;24;at_Risk
17549;25;2;149;4;3;1;43;potential_loyalists
17550;198;9;2507;2;5;4;25;cant_loose
17551;360;1;290;2;2;2;22;hibernating
17552;61;12;2787;3;5;4;35;loyal_customers
17553;131;4;3758;3;4;5;34;loyal_customers
17554;2;5;1952;5;4;4;54;champions
17555;21;5;1046;4;4;3;44;loyal_customers
17556;207;2;301;2;3;2;23;at_Risk
17557;15;4;575;5;4;2;54;champions
17558;394;1;259;2;2;1;22;hibernating
17559;514;1;168;1;2;1;12;hibernating
17560;96;8;1896;3;5;4;35;loyal_customers
17561;20;4;703;5;4;3;54;champions
17562;15;7;1122;5;4;3;54;champions
17563;579;2;392;1;3;2;13;at_Risk
17564;25;3;454;4;3;2;43;potential_loyalists
17565;588;1;132;1;2;1;12;hibernating
17566;9;2;870;5;3;3;53;potential_loyalists
17567;8;9;4838;5;5;5;55;champions
17568;634;1;374;1;2;2;12;hibernating
17569;333;1;344;2;2;2;22;hibernating
17570;383;1;100;2;2;1;22;hibernating
17571;51;5;1631;4;4;4;44;loyal_customers
17572;72;10;652;3;5;3;35;loyal_customers
17573;30;3;381;4;3;2;43;potential_loyalists
17574;244;1;186;2;2;1;22;hibernating
17575;668;1;172;1;2;1;12;hibernating
17576;9;41;8712;5;5;5;55;champions
17577;646;2;349;1;3;2;13;at_Risk
17578;219;7;1047;2;4;3;24;at_Risk
17579;6;4;753;5;4;3;54;champions
17580;254;5;541;2;4;2;24;at_Risk
17581;2;43;17951;5;5;5;55;champions
17582;237;5;1447;2;4;4;24;at_Risk
17583;561;1;136;1;2;1;12;hibernating
17584;8;6;5309;5;4;5;54;champions
17585;110;7;2065;3;4;4;34;loyal_customers
17586;620;1;167;1;2;1;12;hibernating
17587;629;1;177;1;2;1;12;hibernating
17588;101;7;2940;3;4;5;34;loyal_customers
17589;61;18;13838;3;5;5;35;loyal_customers
17590;3;3;1468;5;3;4;53;potential_loyalists
17591;74;8;2339;3;5;4;35;loyal_customers
17592;740;1;148;1;2;1;12;hibernating
17593;5;11;8092;5;5;5;55;champions
17594;86;4;2498;3;4;4;34;loyal_customers
17595;13;2;387;5;3;2;53;potential_loyalists
17596;24;13;4491;4;5;5;45;loyal_customers
17597;215;5;3484;2;4;5;24;at_Risk
17598;382;1;410;2;2;2;22;hibernating
17599;479;1;52;1;2;1;12;hibernating
17600;19;1;162;5;2;1;52;potential_loyalists
17601;240;2;413;2;3;2;23;at_Risk
17602;3;14;7354;5;5;5;55;champions
17603;79;4;1788;3;4;4;34;loyal_customers
17604;218;6;942;2;4;3;24;at_Risk
17605;591;1;161;1;2;1;12;hibernating
17606;738;1;87;1;2;1;12;hibernating
17607;377;1;334;2;2;2;22;hibernating
17608;34;4;488;4;4;2;44;loyal_customers
17609;42;11;1888;4;5;4;45;loyal_customers
17610;541;5;1512;1;4;4;14;at_Risk
17611;8;28;8338;5;5;5;55;champions
17612;54;18;5395;4;5;5;45;loyal_customers
17613;24;14;4545;4;5;5;45;loyal_customers
17614;58;1;386;4;2;2;42;potential_loyalists
17615;131;6;722;3;4;3;34;loyal_customers
17616;175;4;734;3;4;3;34;loyal_customers
17617;560;1;385;1;2;2;12;hibernating
17618;7;11;4002;5;5;5;55;champions
17619;313;1;214;2;2;1;22;hibernating
17620;61;1;81;3;2;1;32;about_to_sleep
17621;22;6;3175;4;4;5;44;loyal_customers
17622;599;2;1130;1;3;3;13;at_Risk
17623;34;7;2366;4;4;4;44;loyal_customers
17624;16;4;1569;5;4;4;54;champions
17625;19;8;5979;5;5;5;55;champions
17626;604;1;254;1;2;1;12;hibernating
17627;480;1;296;1;2;2;12;hibernating
17628;82;1;76;3;2;1;32;about_to_sleep
17629;7;10;2456;5;5;4;55;champions
17630;171;2;504;3;3;2;33;need_attention
17631;3;7;998;5;4;3;54;champions
17633;32;7;2057;4;4;4;44;loyal_customers
17634;37;9;2359;4;5;4;45;loyal_customers
17635;425;3;1266;1;3;4;13;at_Risk
17636;20;1;286;5;2;2;52;potential_loyalists
17637;32;2;547;4;3;2;43;potential_loyalists
17638;648;2;842;1;3;3;13;at_Risk
17639;277;6;615;2;4;3;24;at_Risk
17640;88;6;3169;3;4;5;34;loyal_customers
17642;121;5;1824;3;4;4;34;loyal_customers
17643;374;2;440;2;3;2;23;at_Risk
17644;2;20;6029;5;5;5;55;champions
17646;220;12;3899;2;5;5;25;cant_loose
17647;66;3;332;3;3;2;33;need_attention
17648;62;5;2216;3;4;4;34;loyal_customers
17649;139;3;1579;3;3;4;33;need_attention
17650;22;1;166;4;2;1;42;potential_loyalists
17651;13;16;5704;5;5;5;55;champions
17652;26;12;4868;4;5;5;45;loyal_customers
17653;38;4;1208;4;4;3;44;loyal_customers
17654;278;1;118;2;2;1;22;hibernating
17655;12;9;2976;5;5;5;55;champions
17656;74;5;1675;3;4;4;34;loyal_customers
17657;431;1;126;1;2;1;12;hibernating
17658;27;2;595;4;3;2;43;potential_loyalists
17659;18;14;3587;5;5;5;55;champions
17660;142;2;342;3;3;2;33;need_attention
17662;663;2;413;1;3;2;13;at_Risk
17663;27;17;5176;4;5;5;45;loyal_customers
17664;20;4;1166;5;4;3;54;champions
17665;494;1;563;1;2;2;12;hibernating
17666;5;5;2048;5;4;4;54;champions
17667;67;9;3951;3;5;5;35;loyal_customers
17668;2;2;348;5;3;2;53;potential_loyalists
17669;44;10;6142;4;5;5;45;loyal_customers
17670;229;1;206;2;2;1;22;hibernating
17671;17;5;2009;5;4;4;54;champions
17672;51;7;5779;4;4;5;44;loyal_customers
17673;3;13;4174;5;5;5;55;champions
17674;75;2;551;3;3;2;33;need_attention
17675;2;70;37642;5;5;5;55;champions
17676;5;10;2449;5;5;4;55;champions
17677;3;54;35058;5;5;5;55;champions
17678;265;2;600;2;3;2;23;at_Risk
17679;54;7;3578;4;4;5;44;loyal_customers
17680;25;3;497;4;3;2;43;potential_loyalists
17681;598;5;731;1;4;3;14;at_Risk
17682;11;11;4065;5;5;5;55;champions
17683;387;3;819;2;3;3;23;at_Risk
17684;45;1;239;4;2;1;42;potential_loyalists
17685;18;12;5455;5;5;5;55;champions
17686;8;9;8297;5;5;5;55;champions
17687;422;1;433;1;2;2;12;hibernating
17688;395;1;304;2;2;2;22;hibernating
17689;389;2;317;2;3;2;23;at_Risk
17690;31;20;6964;4;5;5;45;loyal_customers
17691;359;4;638;2;4;3;24;at_Risk
17692;128;12;2976;3;5;5;35;loyal_customers
17693;138;1;200;3;2;1;32;about_to_sleep
17694;143;3;1696;3;3;4;33;need_attention
17695;133;5;1746;3;4;4;34;loyal_customers
17696;39;27;7680;4;5;5;45;loyal_customers
17697;237;1;339;2;2;2;22;hibernating
17698;262;1;155;2;2;1;22;hibernating
17699;478;2;442;1;3;2;13;at_Risk
17700;18;14;6680;5;5;5;55;champions
17701;254;1;418;2;2;2;22;hibernating
17702;31;6;3144;4;4;5;44;loyal_customers
17703;36;4;1095;4;4;3;44;loyal_customers
17704;170;2;885;3;3;3;33;need_attention
17705;4;11;2084;5;5;4;55;champions
17706;5;31;20272;5;5;5;55;champions
17707;186;8;609;3;5;3;35;loyal_customers
17708;189;4;884;3;4;3;34;loyal_customers
17709;171;5;671;3;4;3;34;loyal_customers
17710;425;1;294;1;2;2;12;hibernating
17711;12;2;385;5;3;2;53;potential_loyalists
17712;46;1;523;4;2;2;42;potential_loyalists
17713;383;4;1198;2;4;3;24;at_Risk
17714;322;5;1410;2;4;4;24;at_Risk
17715;202;2;490;2;3;2;23;at_Risk
17716;24;24;15957;4;5;5;45;loyal_customers
17717;422;1;377;1;2;2;12;hibernating
17718;233;2;439;2;3;2;23;at_Risk
17719;39;15;5396;4;5;5;45;loyal_customers
17720;27;10;2667;4;5;4;45;loyal_customers
17721;660;1;307;1;2;2;12;hibernating
17722;97;5;3520;3;4;5;34;loyal_customers
17723;128;7;3378;3;4;5;34;loyal_customers
17724;72;3;1033;3;3;3;33;need_attention
17725;17;11;3439;5;5;5;55;champions
17726;396;7;1092;2;4;3;24;at_Risk
17727;16;1;1060;5;2;3;52;potential_loyalists
17728;5;5;4239;5;4;5;54;champions
17729;597;1;439;1;2;2;12;hibernating
17730;4;20;7774;5;5;5;55;champions
17731;80;6;1709;3;4;4;34;loyal_customers
17732;374;8;2166;2;5;4;25;cant_loose
17733;40;2;692;4;3;3;43;potential_loyalists
17734;55;6;1442;4;4;4;44;loyal_customers
17735;3;26;16790;5;5;5;55;champions
17736;10;3;377;5;3;2;53;potential_loyalists
17737;10;2;168;5;3;1;53;potential_loyalists
17738;20;13;4184;5;5;5;55;champions
17739;13;18;7731;5;5;5;55;champions
17740;390;6;427;2;4;2;24;at_Risk
17741;408;2;101;2;3;1;23;at_Risk
17742;114;11;2098;3;5;4;35;loyal_customers
17743;449;1;229;1;2;1;12;hibernating
17744;5;7;2649;5;4;4;54;champions
17745;479;2;600;1;3;2;13;at_Risk
17746;241;4;904;2;4;3;24;at_Risk
17747;114;1;71;3;2;1;32;about_to_sleep
17748;528;1;358;1;2;2;12;hibernating
17749;179;3;1026;3;3;3;33;need_attention
17750;6;9;1710;5;5;4;55;champions
17751;422;1;158;1;2;1;12;hibernating
17752;360;1;81;2;2;1;22;hibernating
17753;465;4;382;1;4;2;14;at_Risk
17754;2;13;4451;5;5;5;55;champions
17756;377;3;729;2;3;3;23;at_Risk
17757;2;56;9074;5;5;5;55;champions
17758;20;12;4964;5;5;5;55;champions
17759;18;5;1262;5;4;4;54;champions
17760;23;6;746;4;4;3;44;loyal_customers
17761;34;1;713;4;2;3;42;potential_loyalists
17762;457;1;130;1;2;1;12;hibernating
17763;264;4;86;2;4;1;24;at_Risk
17764;52;5;1514;4;4;4;44;loyal_customers
17765;160;4;524;3;4;2;34;loyal_customers
17766;382;2;300;2;3;2;23;at_Risk
17767;16;2;413;5;3;2;53;potential_loyalists
17768;9;7;3293;5;4;5;54;champions
17769;14;17;7053;5;5;5;55;champions
17770;200;5;1143;2;4;3;24;at_Risk
17771;58;4;387;4;4;2;44;loyal_customers
17772;12;3;361;5;3;2;53;potential_loyalists
17773;515;2;575;1;3;2;13;at_Risk
17774;98;9;3274;3;5;5;35;loyal_customers
17775;256;1;56;2;2;1;22;hibernating
17776;388;2;331;2;3;2;23;at_Risk
17777;26;3;648;4;3;3;43;potential_loyalists
17778;663;1;198;1;2;1;12;hibernating
17779;22;3;650;4;3;3;43;potential_loyalists
17780;668;3;347;1;3;2;13;at_Risk
17781;160;2;188;3;3;1;33;need_attention
17782;384;2;679;2;3;3;23;at_Risk
17783;73;3;377;3;3;2;33;need_attention
17784;551;1;113;1;2;1;12;hibernating
17785;54;3;403;4;3;2;43;potential_loyalists
17786;86;2;267;3;3;1;33;need_attention
17787;154;4;1818;3;4;4;34;loyal_customers
17788;75;2;1118;3;3;3;33;need_attention
17789;282;2;397;2;3;2;23;at_Risk
17790;28;20;2779;4;5;4;45;loyal_customers
17791;31;1;106;4;2;1;42;potential_loyalists
17792;468;2;368;1;3;2;13;at_Risk
17793;26;1;300;4;2;2;42;potential_loyalists
17794;688;2;147;1;3;1;13;at_Risk
17795;181;2;343;3;3;2;33;need_attention
17796;41;7;1236;4;4;4;44;loyal_customers
17797;23;8;1972;4;5;4;45;loyal_customers
17798;583;1;178;1;2;1;12;hibernating
17799;23;20;6247;4;5;5;45;loyal_customers
17800;38;9;1187;4;5;3;45;loyal_customers
17801;452;3;770;1;3;3;13;at_Risk
17802;83;10;4946;3;5;5;35;loyal_customers
17803;393;1;185;2;2;1;22;hibernating
17804;377;3;384;2;3;2;23;at_Risk
17805;75;2;927;3;3;3;33;need_attention
17806;12;1;546;5;2;2;52;potential_loyalists
17807;396;3;438;2;3;2;23;at_Risk
17808;550;4;263;1;4;1;14;at_Risk
17809;17;20;10086;5;5;5;55;champions
17810;670;2;373;1;3;2;13;at_Risk
17811;5;47;9520;5;5;5;55;champions
17812;14;7;912;5;4;3;54;champions
17813;15;5;1698;5;4;4;54;champions
17814;376;2;1609;2;3;4;23;at_Risk
17815;394;1;592;2;2;2;22;hibernating
17816;38;6;96;4;4;1;44;loyal_customers
17817;5;6;788;5;4;3;54;champions
17818;739;1;125;1;2;1;12;hibernating
17819;73;12;6021;3;5;5;35;loyal_customers
17820;375;1;181;2;2;1;22;hibernating
17821;407;1;335;2;2;2;22;hibernating
17822;421;5;2163;1;4;4;14;at_Risk
17823;422;2;449;1;3;2;13;at_Risk
17824;52;1;298;4;2;2;42;potential_loyalists
17825;600;4;702;1;4;3;14;at_Risk
17826;375;1;133;2;2;1;22;hibernating
17827;6;6;2376;5;4;4;54;champions
17828;24;4;1820;4;4;4;44;loyal_customers
17829;300;5;4757;2;4;5;24;at_Risk
17830;3;3;399;5;3;2;53;potential_loyalists
17831;34;1;35;4;2;1;42;potential_loyalists
17832;51;1;155;4;2;1;42;potential_loyalists
17833;724;1;338;1;2;2;12;hibernating
17834;416;2;690;1;3;3;13;at_Risk
17835;4;3;342;5;3;2;53;potential_loyalists
17836;48;1;110;4;2;1;42;potential_loyalists
17837;43;8;1541;4;5;4;45;loyal_customers
17838;28;13;5605;4;5;5;45;loyal_customers
17839;43;1;318;4;2;2;42;potential_loyalists
17840;445;1;176;1;2;1;12;hibernating
17841;3;211;68545;5;5;5;55;champions
17842;603;1;431;1;2;2;12;hibernating
17843;304;2;320;2;3;2;23;at_Risk
17844;108;1;52;3;2;1;32;about_to_sleep
17845;556;4;596;1;4;2;14;at_Risk
17847;517;2;130;1;3;1;13;at_Risk
17848;82;30;3559;3;5;5;35;loyal_customers
17849;219;8;1064;2;5;3;25;cant_loose
17850;373;155;51209;2;5;5;25;cant_loose
17851;423;6;1552;1;4;4;14;at_Risk
17852;13;5;658;5;4;3;54;champions
17853;408;3;1596;2;3;4;23;at_Risk
17854;186;6;1069;3;4;3;34;loyal_customers
17855;374;1;209;2;2;1;22;hibernating
17856;3;4;1418;5;4;4;54;champions
17857;5;24;27347;5;5;5;55;champions
17858;7;30;12519;5;5;5;55;champions
17859;306;1;142;2;2;1;22;hibernating
17860;370;4;717;2;4;3;24;at_Risk
17861;4;18;5088;5;5;5;55;champions
17862;325;4;1255;2;4;4;24;at_Risk
17863;60;12;5360;4;5;5;45;loyal_customers
17864;14;5;877;5;4;3;54;champions
17865;32;46;26312;4;5;5;45;loyal_customers
17866;144;3;1135;3;3;3;33;need_attention
17867;31;15;1582;4;5;4;45;loyal_customers
17868;387;1;227;2;2;1;22;hibernating
17869;108;7;814;3;4;3;34;loyal_customers
17870;3;13;2753;5;5;4;55;champions
17871;206;5;1069;2;4;3;24;at_Risk
17872;383;1;236;2;2;1;22;hibernating
17873;81;18;6265;3;5;5;35;loyal_customers
17874;186;6;683;3;4;3;34;loyal_customers
17875;689;1;167;1;2;1;12;hibernating
17876;401;3;3424;2;3;5;23;at_Risk
17877;171;1;238;3;2;1;32;about_to_sleep
17878;45;3;1379;4;3;4;43;potential_loyalists
17879;175;1;179;3;2;1;32;about_to_sleep
17880;366;3;825;2;3;3;23;at_Risk
17881;305;1;133;2;2;1;22;hibernating
17882;380;2;292;2;3;2;23;at_Risk
17883;4;7;988;5;4;3;54;champions
17884;5;20;2698;5;5;4;55;champions
17885;13;1;156;5;2;1;52;potential_loyalists
17886;33;6;1573;4;4;4;44;loyal_customers
17887;130;1;111;3;2;1;32;about_to_sleep
17888;22;25;1807;4;5;4;45;loyal_customers
17889;213;7;746;2;4;3;24;at_Risk
17890;324;2;587;2;3;2;23;at_Risk
17891;163;1;204;3;2;1;32;about_to_sleep
17892;57;3;244;4;3;1;43;potential_loyalists
17893;226;1;107;2;2;1;22;hibernating
17894;73;18;2305;3;5;4;35;loyal_customers
17895;45;1;95;4;2;1;42;potential_loyalists
17896;24;1;256;4;2;1;42;potential_loyalists
17897;174;9;2100;3;5;4;35;loyal_customers
17898;86;4;299;3;4;2;34;loyal_customers
17899;160;1;155;3;2;1;32;about_to_sleep
17900;191;2;112;2;3;1;23;at_Risk
17901;30;3;260;4;3;1;43;potential_loyalists
17902;548;1;216;1;2;1;12;hibernating
17903;395;1;381;2;2;2;22;hibernating
17904;22;1;181;4;2;1;42;potential_loyalists
17905;72;13;2179;3;5;4;35;loyal_customers
17906;248;1;73;2;2;1;22;hibernating
17907;642;1;292;1;2;2;12;hibernating
17908;375;5;1142;2;4;3;24;at_Risk
17909;738;1;110;1;2;1;12;hibernating
17910;727;1;262;1;2;1;12;hibernating
17911;10;1;366;5;2;2;52;potential_loyalists
17912;311;6;375;2;4;2;24;at_Risk
17913;60;14;3429;4;5;5;45;loyal_customers
17914;5;1;329;5;2;2;52;potential_loyalists
17915;552;1;226;1;2;1;12;hibernating
17916;630;2;44;1;3;1;13;at_Risk
17917;46;3;335;4;3;2;43;potential_loyalists
17918;502;3;396;1;3;2;13;at_Risk
17919;89;2;1840;3;3;4;33;need_attention
17920;5;54;23582;5;5;5;55;champions
17921;65;10;2394;3;5;4;35;loyal_customers
17922;544;1;170;1;2;1;12;hibernating
17923;283;3;497;2;3;2;23;at_Risk
17924;13;8;3258;5;5;5;55;champions
17925;374;1;244;2;2;1;22;hibernating
17926;134;5;1035;3;4;3;34;loyal_customers
17927;723;1;294;1;2;2;12;hibernating
17928;46;3;341;4;3;2;43;potential_loyalists
17929;12;12;3082;5;5;5;55;champions
17930;37;13;4275;4;5;5;45;loyal_customers
17931;135;14;3402;3;5;5;35;loyal_customers
17932;30;3;1332;4;3;4;43;potential_loyalists
17933;633;1;115;1;2;1;12;hibernating
17934;53;3;1049;4;3;3;43;potential_loyalists
17935;139;7;686;3;4;3;34;loyal_customers
17936;6;1;380;5;2;2;52;potential_loyalists
17937;10;7;4301;5;4;5;54;champions
17938;421;1;144;1;2;1;12;hibernating
17939;161;1;99;3;2;1;32;about_to_sleep
17940;50;15;28439;4;5;5;45;loyal_customers
17941;132;4;1433;3;4;4;34;loyal_customers
17942;9;1;78;5;2;1;52;potential_loyalists
17944;424;1;75;1;2;1;12;hibernating
17945;698;3;360;1;3;2;13;at_Risk
17946;234;2;150;2;3;1;23;at_Risk
17947;38;1;177;4;2;1;42;potential_loyalists
17948;148;1;359;3;2;2;32;about_to_sleep
17949;2;117;108328;5;5;5;55;champions
17950;73;7;1166;3;4;3;34;loyal_customers
17951;41;4;1341;4;4;4;44;loyal_customers
17952;379;4;788;2;4;3;24;at_Risk
17953;541;1;159;1;2;1;12;hibernating
17954;6;19;3804;5;5;5;55;champions
17955;200;6;950;2;4;3;24;at_Risk
17956;250;1;1,12,1975;2;2;1;22;hibernating
17957;67;1;112;3;2;1;32;about_to_sleep
17958;118;2;974;3;3;3;33;need_attention
17959;593;1;141;1;2;1;12;hibernating
17960;172;3;135;3;3;1;33;need_attention
17961;22;100;2867;4;5;4;45;loyal_customers
17962;143;4;667;3;4;3;34;loyal_customers
17963;472;4;643;1;4;3;14;at_Risk
17964;33;2;463;4;3;2;43;potential_loyalists
17965;39;29;7007;4;5;5;45;loyal_customers
17966;39;10;1964;4;5;4;45;loyal_customers
17967;373;2;223;2;3;1;23;at_Risk
17968;375;4;590;2;4;2;24;at_Risk
17969;167;20;2354;3;5;4;35;loyal_customers
17970;212;1;563;2;2;2;22;hibernating
17971;549;1;162;1;2;1;12;hibernating
17972;243;1;135;2;2;1;22;hibernating
17973;53;1;337;4;2;2;42;potential_loyalists
17974;26;6;1739;4;4;4;44;loyal_customers
17975;16;24;6696;5;5;5;55;champions
17976;373;1;322;2;2;2;22;hibernating
17977;30;2;1511;4;3;4;43;potential_loyalists
17978;366;4;1160;2;4;3;24;at_Risk
17979;37;4;732;4;4;3;44;loyal_customers
17980;167;4;1013;3;4;3;34;loyal_customers
17981;412;1;239;1;2;1;12;hibernating
17982;682;1;138;1;2;1;12;hibernating
17983;396;1;172;2;2;1;22;hibernating
17984;146;5;1152;3;4;3;34;loyal_customers
17985;23;1;631;4;2;3;42;potential_loyalists
17986;57;1;20,08,2026;4;2;1;42;potential_loyalists
17987;186;5;965;3;4;3;34;loyal_customers
17988;13;14;490;5;5;2;55;champions
17989;380;1;207;2;2;1;22;hibernating
17990;238;6;1528;2;4;4;24;at_Risk
17991;226;3;300;2;3;2;23;at_Risk
17992;390;1;253;2;2;1;22;hibernating
17993;618;1;226;1;2;1;12;hibernating
17994;123;11;2270;3;5;4;35;loyal_customers
17995;283;3;495;2;3;2;23;at_Risk
17996;381;3;482;2;3;2;23;at_Risk
17997;75;8;1962;3;5;4;35;loyal_customers
17998;381;3;639;2;3;3;23;at_Risk
17999;38;3;528;4;3;2;43;potential_loyalists
18000;565;1;124;1;2;1;12;hibernating
18001;13;6;924;5;4;3;54;champions
18002;377;4;244;2;4;1;24;at_Risk
18003;377;1;354;2;2;2;22;hibernating
18004;363;1;158;2;2;1;22;hibernating
18005;5;2;226;5;3;1;53;potential_loyalists
18006;24;4;970;4;4;3;44;loyal_customers
18007;394;1;215;2;2;1;22;hibernating
18008;71;23;19759;3;5;5;35;loyal_customers
18009;236;8;2144;2;5;4;25;cant_loose
18010;258;1;175;2;2;1;22;hibernating
18011;374;2;411;2;3;2;23;at_Risk
18012;724;1;115;1;2;1;12;hibernating
18013;156;2;187;3;3;1;33;need_attention
18014;29;1;162;4;2;1;42;potential_loyalists
18015;5;1;120;5;2;1;52;potential_loyalists
18016;33;7;1955;4;4;4;44;loyal_customers
18017;82;4;688;3;4;3;34;loyal_customers
18018;109;4;298;3;4;2;34;loyal_customers
18019;53;1;38;4;2;1;42;potential_loyalists
18020;545;1;190;1;2;1;12;hibernating
18021;511;2;216;1;3;1;13;at_Risk
18022;37;5;1507;4;4;4;44;loyal_customers
18024;154;2;390;3;3;2;33;need_attention
18025;381;6;1178;2;4;3;24;at_Risk
18026;502;2;2074;1;3;4;13;at_Risk
18027;100;1;115;3;2;1;32;about_to_sleep
18028;584;1;192;1;2;1;12;hibernating
18029;643;1;434;1;2;2;12;hibernating
18030;5;2;231;5;3;1;53;potential_loyalists
18031;380;1;451;2;2;2;22;hibernating
18032;335;1;74;2;2;1;22;hibernating
18033;66;1;94;3;2;1;32;about_to_sleep
18034;23;3;754;4;3;3;43;potential_loyalists
18035;37;5;1260;4;4;4;44;loyal_customers
18036;33;11;1545;4;5;4;45;loyal_customers
18037;155;15;167;3;5;1;35;loyal_customers
18038;557;1;141;1;2;1;12;hibernating
18039;375;4;548;2;4;2;24;at_Risk
18040;20;2;357;5;3;2;53;potential_loyalists
18041;13;38;8019;5;5;5;55;champions
18042;55;2;281;4;3;1;43;potential_loyalists
18043;26;3;529;4;3;2;43;potential_loyalists
18044;5;18;3506;5;5;5;55;champions
18045;46;1;178;4;2;1;42;potential_loyalists
18046;651;1;190;1;2;1;12;hibernating
18047;382;2;326;2;3;2;23;at_Risk
18048;204;3;395;2;3;2;23;at_Risk
18049;438;2;501;1;3;2;13;at_Risk
18050;360;2;412;2;3;2;23;at_Risk
18051;635;7;2282;1;4;4;14;at_Risk
18052;566;1;10877;1;2;5;12;hibernating
18053;72;3;571;3;3;2;33;need_attention
18054;394;1;177;2;2;1;22;hibernating
18055;8;14;10143;5;5;5;55;champions
18056;289;2;555;2;3;2;23;at_Risk
18057;394;3;1188;2;3;3;23;at_Risk
18058;11;3;774;5;3;3;53;potential_loyalists
18059;24;3;306;4;3;2;43;potential_loyalists
18060;409;2;1185;2;3;3;23;at_Risk
18061;23;28;6084;4;5;5;45;loyal_customers
18062;174;6;1633;3;4;4;34;loyal_customers
18063;392;2;187;2;3;1;23;at_Risk
18064;134;11;4482;3;5;5;35;loyal_customers
18065;7;29;5867;5;5;5;55;champions
18066;76;3;1440;3;3;4;33;need_attention
18067;41;1;396;4;2;2;42;potential_loyalists
18068;290;1;102;2;2;1;22;hibernating
18069;27;11;4465;4;5;5;45;loyal_customers
18070;670;1;314;1;2;2;12;hibernating
18071;259;6;1170;2;4;3;24;at_Risk
18072;187;1;247;3;2;1;32;about_to_sleep
18073;115;12;3860;3;5;5;35;loyal_customers
18074;375;2;1019;2;3;3;23;at_Risk
18075;24;20;5783;4;5;5;45;loyal_customers
18076;381;1;151;2;2;1;22;hibernating
18077;9;18;4079;5;5;5;55;champions
18078;218;4;726;2;4;3;24;at_Risk
18079;46;5;4204;4;4;5;44;loyal_customers
18080;20;2;1232;5;3;4;53;potential_loyalists
18081;37;3;343;4;3;2;43;potential_loyalists
18082;27;1;681;4;2;3;42;potential_loyalists
18083;399;1;464;2;2;2;22;hibernating
18084;17;3;795;5;3;3;53;potential_loyalists
18085;331;4;1342;2;4;4;24;at_Risk
18086;275;1;101;2;2;1;22;hibernating
18087;292;16;13909;2;5;5;25;cant_loose
18088;62;1;166;3;2;1;32;about_to_sleep
18089;448;1;428;1;2;2;12;hibernating
18090;423;1;322;1;2;2;12;hibernating
18091;594;1;361;1;2;2;12;hibernating
18092;3;18;14694;5;5;5;55;champions
18093;94;8;4453;3;5;5;35;loyal_customers
18094;83;13;6392;3;5;5;35;loyal_customers
18095;314;5;2303;2;4;4;24;at_Risk
18096;13;6;1658;5;4;4;54;champions
18097;9;11;4628;5;5;5;55;champions
18098;397;1;528;2;2;2;22;hibernating
18099;128;1;168;3;2;1;32;about_to_sleep
18100;551;1;452;1;2;2;12;hibernating
18101;12;5;622;5;4;3;54;champions
18102;2;145;580987;5;5;5;55;champions
18103;550;1;106;1;2;1;12;hibernating
18104;38;1;755;4;2;3;42;potential_loyalists
18105;39;1;113;4;2;1;42;potential_loyalists
18106;331;6;1441;2;4;4;24;at_Risk
18107;443;1;166;1;2;1;12;hibernating
18108;255;3;849;2;3;3;23;at_Risk
18109;3;38;9556;5;5;5;55;champions
18110;21;2;392;4;3;2;43;potential_loyalists
18111;590;1;406;1;2;2;12;hibernating
18112;13;4;773;5;4;3;54;champions
18113;370;1;76;2;2;1;22;hibernating
18114;291;1;220;2;2;1;22;hibernating
18115;699;1;9,07,2026;1;2;1;12;hibernating
18116;69;13;2134;3;5;4;35;loyal_customers
18117;27;1;316;4;2;2;42;potential_loyalists
18118;12;29;6221;5;5;5;55;champions
18119;369;1;181;2;2;1;22;hibernating
18120;215;1;111;2;2;1;22;hibernating
18121;150;2;653;3;3;3;33;need_attention
18122;9;6;1793;5;4;4;54;champions
18123;25;3;667;4;3;3;43;potential_loyalists
18124;473;1;103;1;2;1;12;hibernating
18125;31;4;1132;4;4;3;44;loyal_customers
18126;62;1;201;3;2;1;32;about_to_sleep
18127;20;4;556;5;4;2;54;champions
18128;538;1;399;1;2;2;12;hibernating
18129;244;1;113;2;2;1;22;hibernating
18130;16;3;1059;5;3;3;53;potential_loyalists
18131;633;1;223;1;2;1;12;hibernating
18132;505;1;220;1;2;1;12;hibernating
18133;213;1;932;2;2;3;22;hibernating
18134;599;2;445;1;3;2;13;at_Risk
18135;30;10;1250;4;5;4;45;loyal_customers
18136;64;5;1631;3;4;4;34;loyal_customers
18137;552;2;146;1;3;1;13;at_Risk
18138;296;1;153;2;2;1;22;hibernating
18139;19;6;8438;5;4;5;54;champions
18140;475;1;536;1;2;2;12;hibernating
18141;403;2;882;2;3;3;23;at_Risk
18142;158;2;1020;3;3;3;33;need_attention
18143;118;2;1000;3;3;3;33;need_attention
18144;9;19;4893;5;5;5;55;champions
18145;14;11;5610;5;5;5;55;champions
18146;142;2;160;3;3;1;33;need_attention
18147;47;2;179;4;3;1;43;potential_loyalists
18148;648;1;113;1;2;1;12;hibernating
18149;52;7;1554;4;4;4;44;loyal_customers
18150;33;3;567;4;3;2;43;potential_loyalists
18151;136;6;1879;3;4;4;34;loyal_customers
18152;647;1;427;1;2;2;12;hibernating
18153;660;1;246;1;2;1;12;hibernating
18154;4;5;933;5;4;3;54;champions
18155;76;3;372;3;3;2;33;need_attention
18156;14;2;676;5;3;3;53;potential_loyalists
18157;572;1;214;1;2;1;12;hibernating
18158;10;2;453;5;3;2;53;potential_loyalists
18159;302;1;530;2;2;2;22;hibernating
18160;58;3;1004;4;3;3;43;potential_loyalists
18161;16;6;1803;5;4;4;54;champions
18162;733;1;372;1;2;2;12;hibernating
18163;585;1;729;1;2;3;12;hibernating
18164;38;1;400;4;2;2;42;potential_loyalists
18165;178;1;302;3;2;2;32;about_to_sleep
18166;625;1;176;1;2;1;12;hibernating
18167;24;3;1385;4;3;4;43;potential_loyalists
18168;177;16;3436;3;5;5;35;loyal_customers
18169;62;1;203;3;2;1;32;about_to_sleep
18170;34;9;2878;4;5;4;45;loyal_customers
18171;60;9;2437;4;5;4;45;loyal_customers
18172;16;52;17467;5;5;5;55;champions
18173;88;5;2696;3;4;4;34;loyal_customers
18174;8;2;163;5;3;1;53;potential_loyalists
18175;677;1;176;1;2;1;12;hibernating
18176;359;1;476;2;2;2;22;hibernating
18177;32;9;2216;4;5;4;45;loyal_customers
18178;130;11;6104;3;5;5;35;loyal_customers
18179;10;8;2548;5;5;4;55;champions
18180;6;6;1844;5;4;4;54;champions
18181;25;5;1188;4;4;3;44;loyal_customers
18182;464;1;291;1;2;2;12;hibernating
18183;228;2;632;2;3;3;23;at_Risk
18184;16;1;50;5;2;1;52;potential_loyalists
18185;250;1;304;2;2;2;22;hibernating
18186;724;1;330;1;2;2;12;hibernating
18187;633;1;725;1;2;3;12;hibernating
18188;16;6;3281;5;4;5;54;champions
18189;79;3;1404;3;3;4;33;need_attention
18190;193;5;746;2;4;3;24;at_Risk
18191;263;2;529;2;3;2;23;at_Risk
18192;73;1;958;3;2;3;32;about_to_sleep
18193;166;3;1207;3;3;3;33;need_attention
18194;83;6;4162;3;4;5;34;loyal_customers
18195;388;1;101;2;2;1;22;hibernating
18196;96;4;1457;3;4;4;34;loyal_customers
18197;577;1;230;1;2;1;12;hibernating
18198;5;17;5426;5;5;5;55;champions
18199;685;1;345;1;2;2;12;hibernating
18200;107;1;150;3;2;1;32;about_to_sleep
18201;724;1;448;1;2;2;12;hibernating
18202;201;3;1397;2;3;4;23;at_Risk
18203;158;4;493;3;4;2;34;loyal_customers
18204;72;3;1975;3;3;4;33;need_attention
18205;37;2;517;4;3;2;43;potential_loyalists
18206;554;1;315;1;2;2;12;hibernating
18207;500;1;544;1;2;2;12;hibernating
18208;567;1;360;1;2;2;12;hibernating
18209;30;1;139;4;2;1;42;potential_loyalists
18210;3;7;2769;5;4;4;54;champions
18211;27;5;600;4;4;2;44;loyal_customers
18212;327;2;514;2;3;2;23;at_Risk
18213;238;1;232;2;2;1;22;hibernating
18214;532;4;1780;1;4;4;14;at_Risk
18215;90;5;2232;3;4;4;34;loyal_customers
18216;32;1;482;4;2;2;42;potential_loyalists
18217;30;4;945;4;4;3;44;loyal_customers
18218;212;4;1122;2;4;3;24;at_Risk
18219;4;17;3353;5;5;5;55;champions
18220;228;6;1922;2;4;4;24;at_Risk
18221;23;6;1425;4;4;4;44;loyal_customers
18222;94;1;443;3;2;2;32;about_to_sleep
18223;6;26;14001;5;5;5;55;champions
18224;265;1;159;2;2;1;22;hibernating
18225;4;26;13015;5;5;5;55;champions
18226;45;26;11879;4;5;5;45;loyal_customers
18227;219;2;389;2;3;2;23;at_Risk
18228;58;2;780;4;3;3;43;potential_loyalists
18229;13;28;10151;5;5;5;55;champions
18230;10;9;4291;5;5;5;55;champions
18231;193;28;6854;2;5;5;25;cant_loose
18232;83;4;593;3;4;2;34;loyal_customers
18233;327;1;440;2;2;2;22;hibernating
18234;553;1;180;1;2;1;12;hibernating
18235;73;3;1796;3;3;4;33;need_attention
18236;31;12;1795;4;5;4;45;loyal_customers
18237;4;5;987;5;4;3;54;champions
18238;516;1;271;1;2;1;12;hibernating
18239;220;6;1712;2;4;4;24;at_Risk
18240;47;1;423;4;2;2;42;potential_loyalists
18241;11;21;2987;5;5;5;55;champions
18242;73;8;3605;3;5;5;35;loyal_customers
18243;415;1;516;1;2;2;12;hibernating
18244;432;2;569;1;3;2;13;at_Risk
18245;8;20;6325;5;5;5;55;champions
18246;25;3;759;4;3;3;43;potential_loyalists
18247;416;3;840;1;3;3;13;at_Risk
18248;124;2;804;3;3;3;33;need_attention
18249;18;1;95;5;2;1;52;potential_loyalists
18250;311;1;349;2;2;2;22;hibernating
18251;88;9;26279;3;5;5;35;loyal_customers
18252;52;7;1534;4;4;4;44;loyal_customers
18253;644;1;318;1;2;2;12;hibernating
18254;582;1;268;1;2;1;12;hibernating
18255;90;2;303;3;3;2;33;need_attention
18256;389;1;111;2;2;1;22;hibernating
18257;40;12;4600;4;5;5;45;loyal_customers
18258;465;6;2060;1;4;4;14;at_Risk
18259;26;7;3942;4;4;5;44;loyal_customers
18260;174;23;9947;3;5;5;35;loyal_customers
18261;44;2;324;4;3;2;43;potential_loyalists
18262;141;3;578;3;3;2;33;need_attention
18263;27;3;1213;4;3;3;43;potential_loyalists
18264;500;1;603;1;2;2;12;hibernating
18265;73;2;802;3;3;3;33;need_attention
18266;435;1;251;1;2;1;12;hibernating
18267;674;1;269;1;2;1;12;hibernating
18268;135;6;1490;3;4;4;34;loyal_customers
18269;367;1;169;2;2;1;22;hibernating
18270;39;3;445;4;3;2;43;potential_loyalists
18271;611;2;681;1;3;3;13;at_Risk
18272;4;9;4386;5;5;5;55;champions
18273;3;4;357;5;4;2;54;champions
18274;31;1;176;4;2;1;42;potential_loyalists
18275;579;2;742;1;3;3;13;at_Risk
18276;45;6;1657;4;4;4;44;loyal_customers
18277;59;5;1180;4;4;3;44;loyal_customers
18278;75;2;414;3;3;2;33;need_attention
18279;520;1;231;1;2;1;12;hibernating
18280;279;2;488;2;3;2;23;at_Risk
18281;182;2;201;3;3;1;33;need_attention
18282;9;2;178;5;3;1;53;potential_loyalists
18283;5;22;2665;5;5;4;55;champions
18284;433;1;462;1;2;2;12;hibernating
18285;662;1;427;1;2;2;12;hibernating
18286;478;2;1296;1;3;4;13;at_Risk
18287;44;7;4183;4;4;5;44;loyal_customers
