index,Customer_ID,frequency,recency,T,monetary_value,expected_purchases_3_months,cltv,cltv_segment,expected_purchases_1_month,expected_purchases_6_months,expected_average_profit,purchase_risk
0,12346,10.0,400.0,725.0,55.4,0.26779289087725816,14.803141989203173,Medium,,,,True
1,12347,7.0,402.0,404.0,68.74428571428571,1.4811879740348493,102.21367943376399,VIP,,,,False
2,12348,4.0,363.0,438.0,44.6775,0.8072978977021728,37.088111082340724,High,,,,True
3,12349,4.0,717.0,735.0,370.11,0.5171326022244882,193.76915508736425,VIP,,,,True
4,12352,8.0,356.0,392.0,281.65625,1.6987528313337794,476.7864514744116,VIP,,,,False
5,12353,1.0,204.0,408.0,24.299999999999997,0.2658574525042454,8.126518920364223,Low,,,,True
6,12355,1.0,353.0,567.0,54.65,0.20681251882849,13.300379827884491,Medium,,,,True
7,12356,5.0,402.0,424.0,72.882,1.0371753981506424,76.56773392104725,High,,,,False
8,12357,1.0,355.0,388.0,438.67,0.3100479339233593,152.32279260440544,VIP,,,,True
9,12358,4.0,730.0,731.0,79.375,0.5211832711420441,42.2119337278011,High,,,,True
10,12359,12.0,727.0,734.0,216.07166666666663,1.430881230349306,306.49274472273964,VIP,,,,False
11,12360,7.0,603.0,655.0,103.07571428571428,0.9463192379540423,97.70017128635706,VIP,,,,True
12,12361,3.0,395.0,682.0,27.916666666666668,0.37095196282877263,10.971762683367988,Low,,,,True
13,12362,13.0,735.0,738.0,83.33,1.5380609832794816,127.17589280386109,VIP,,,,False
14,12363,1.0,133.0,242.0,16.67,0.42898687990862483,9.473859646027158,Low,,,,True
15,12364,3.0,105.0,112.0,30.98333333333333,1.9095124672565835,62.459843863619845,High,,,,False
16,12369,2.0,228.0,641.0,120.555,0.22390455442610124,28.4980002987716,Medium,,,,True
17,12370,5.0,617.0,668.0,111.73600000000002,0.6840291190484792,77.18297196171241,High,,,,True
18,12371,3.0,601.0,645.0,161.70000000000002,0.4525615489442312,75.177310882325,High,,,,True
19,12372,2.0,225.0,296.0,46.07,0.6294913861324246,31.265500652493987,Medium,,,,True
20,12373,2.0,362.0,673.0,71.60000000000001,0.2718876204477457,20.736272988024524,Medium,,,,True
21,12374,2.0,563.0,588.0,111.6,0.35484868885272947,41.853309647154404,High,,,,True
22,12375,2.0,96.0,98.0,26.24,1.5023630773494183,43.57886684507241,High,,,,False
23,12376,1.0,28.0,417.0,40.85,0.12060563224547707,5.9058620378517555,Low,,,,True
24,12377,3.0,274.0,589.0,105.21,0.36502430047182216,39.59138856831285,High,,,,True
25,12378,1.0,433.0,562.0,656.44,0.21693702065301673,159.10324515136284,VIP,,,,True
26,12379,4.0,453.0,534.0,44.1775,0.6784759374870647,30.82697964401016,Medium,,,,True
27,12380,9.0,641.0,662.0,123.48222222222223,1.1948116015199166,146.9867877489451,VIP,,,,False
28,12381,5.0,115.0,119.0,34.344,2.873956718901442,100.95861663324814,VIP,,,,False
29,12383,5.0,168.0,352.0,52.065999999999995,0.7485311181778911,39.61371776640985,High,,,,True
30,12384,2.0,93.0,121.0,59.07,1.271483147651292,80.37929389820104,High,,,,False
31,12386,1.0,29.0,366.0,2.1,0.15364505222483857,0.9040520555501945,Low,,,,True
32,12388,7.0,567.0,582.0,48.712857142857146,1.0643032657008236,52.184464365510294,High,,,,False
33,12389,2.0,253.0,655.0,57.23,0.23271291895918458,14.26409074262337,Medium,,,,True
34,12391,5.0,641.0,662.0,159.93800000000002,0.694472396160921,111.97377439824885,VIP,,,,True
35,12393,6.0,356.0,428.0,39.233333333333334,1.1811668745798427,46.973357610636654,High,,,,False
36,12394,1.0,154.0,217.0,27.69,0.48953950159933074,16.809514355871084,Medium,,,,True
37,12395,16.0,587.0,602.0,46.625625,2.2612863375943673,104.5783963557549,VIP,,,,False
38,12397,1.0,100.0,135.0,189.51,0.7093910725655591,152.00059182369387,VIP,,,,True
39,12399,6.0,525.0,644.0,32.38666666666666,0.8086715031518251,26.62223588248017,Medium,,,,True
40,12402,6.0,347.0,670.0,34.69166666666667,0.42690573627564954,15.038213174461266,Medium,,,,True
41,12403,1.0,472.0,521.0,53.400000000000006,0.2380327260546998,14.977413470009566,Medium,,,,True
42,12406,6.0,675.0,697.0,68.335,0.7814460871930005,53.81946388174577,High,,,,True
43,12407,4.0,215.0,264.0,53.97,1.2475503187343098,69.02676553668883,High,,,,False
44,12408,11.0,466.0,498.0,45.096363636363634,1.8627049949273593,83.78255528829307,VIP,,,,False
45,12409,7.0,487.0,565.0,86.2,1.0673858361186237,92.2372069989038,VIP,,,,False
46,12410,2.0,201.0,502.0,88.485,0.3101873867232697,29.114882649930856,Medium,,,,True
47,12412,7.0,465.0,539.0,37.870000000000005,1.114619622026646,42.59973721111702,High,,,,False
48,12413,4.0,336.0,402.0,52.5725,0.8728757706656569,47.06287686750454,High,,,,True
49,12414,3.0,246.0,463.0,51.419999999999995,0.5093251681158381,27.282076466075594,Medium,,,,True
50,12415,24.0,503.0,527.0,121.05958333333332,3.7668472331733076,449.76597243258817,VIP,,,,False
51,12417,26.0,730.0,733.0,77.42538461538462,3.0324322480298616,231.59319197660545,VIP,,,,False
52,12418,4.0,518.0,630.0,66.7425,0.5789507241852035,39.50246816287902,High,,,,True
53,12419,1.0,28.0,413.0,67.6,0.12272427378439639,9.659691971076544,Low,,,,True
54,12421,6.0,490.0,505.0,46.248333333333335,1.0499120268505298,49.118994842658424,High,,,,False
55,12422,13.0,626.0,721.0,218.33615384615385,1.5088979861305032,326.30667100478536,VIP,,,,False
56,12423,10.0,465.0,465.0,42.414,1.8276310503845081,77.48355925435622,High,,,,False
57,12424,5.0,570.0,732.0,42.480000000000004,0.6013130526574211,26.034056495786054,Medium,,,,True
58,12425,2.0,370.0,448.0,50.86,0.44436029206857536,24.28789806643418,Medium,,,,True
59,12426,2.0,468.0,662.0,70.495,0.30150402099191187,22.647917490293455,Medium,,,,True
60,12427,4.0,360.0,371.0,27.98,0.9589894417483983,27.88050553134627,Medium,,,,True
61,12428,9.0,258.0,283.0,60.57222222222222,2.513141871709832,152.11359994179907,VIP,,,,False
62,12429,6.0,537.0,546.0,70.01833333333333,0.9798311777199655,69.13253422015924,High,,,,True
63,12431,28.0,658.0,693.0,46.30428571428571,3.3966648550233574,155.22579984592662,VIP,,,,False
64,12432,2.0,130.0,172.0,395.89,0.9785489860186624,405.3062451078535,VIP,,,,True
65,12433,8.0,476.0,476.0,156.9975,1.450473246861547,227.17540858965583,VIP,,,,False
66,12434,4.0,297.0,381.0,49.5325,0.9003530368196367,45.77936268445201,High,,,,True
67,12435,5.0,658.0,737.0,83.112,0.6205828750721295,52.18733546440692,High,,,,True
68,12437,39.0,736.0,737.0,49.041282051282046,4.495576919955057,217.15691416153115,VIP,,,,False
69,12438,1.0,126.0,140.0,213.07,0.7058642737496439,169.73592293603622,VIP,,,,True
70,12439,1.0,43.0,725.0,9.24,0.05007364922672929,0.6921379697429467,Low,,,,True
71,12440,2.0,260.0,717.0,47.115,0.2027329192335998,10.28974470806832,Low,,,,True
72,12444,4.0,150.0,171.0,161.4425,1.7896874298879037,293.3450999955894,VIP,,,,False
73,12445,2.0,398.0,420.0,18.1,0.4799153310059049,9.849259806804643,Low,,,,True
74,12449,5.0,416.0,438.0,144.738,1.0079066385637911,147.12937858136553,VIP,,,,False
75,12450,6.0,318.0,474.0,11.731666666666667,0.9561719381359556,11.727102861135599,Medium,,,,True
76,12451,8.0,519.0,529.0,123.95375,1.315882915445288,162.82747603225735,VIP,,,,False
77,12454,6.0,629.0,682.0,92.57833333333333,0.7914537415619902,73.69751221506888,High,,,,True
78,12455,9.0,648.0,721.0,48.86888888888889,1.0874232157075743,53.17402088988938,High,,,,False
79,12456,3.0,210.0,254.0,96.60333333333334,1.0097665930074893,100.65527058233144,VIP,,,,False
80,12457,10.0,377.0,435.0,38.077000000000005,1.881072852237409,71.65565824026966,High,,,,False
81,12458,3.0,416.0,487.0,88.18666666666667,0.5769385488856444,52.552764920229436,High,,,,True
82,12461,1.0,60.0,154.0,40.0,0.5847523061337968,28.083132308574726,Medium,,,,True
83,12462,3.0,301.0,303.0,49.49666666666666,0.8925883099399462,46.0602899485841,High,,,,True
84,12463,5.0,195.0,241.0,41.378,1.6348203477356655,68.9739671569066,High,,,,False
85,12464,6.0,299.0,309.0,46.449999999999996,1.6158917987067007,75.92505594985084,High,,,,False
86,12465,2.0,162.0,169.0,31.85,1.0213566850252893,35.596007127359385,High,,,,False
87,12467,1.0,37.0,423.0,14.559999999999999,0.13123270234960782,2.5902317787942666,Low,,,,True
88,12468,9.0,546.0,689.0,50.35111111111111,1.067124336795073,53.752774862793714,High,,,,False
89,12469,1.0,14.0,536.0,215.2,0.058648238275558165,14.240855429187974,Medium,,,,True
90,12471,90.0,735.0,737.0,55.70766666666666,10.290144676100326,563.0762382078295,VIP,,,,False
91,12472,36.0,700.0,730.0,63.900000000000006,4.151047779454858,261.2601626178177,VIP,,,,False
92,12473,4.0,162.0,191.0,582.9849999999999,1.6344789235429034,963.9853710249204,VIP,,,,False
93,12474,45.0,649.0,666.0,50.047333333333334,5.660451490791607,278.85237195795906,VIP,,,,False
94,12475,1.0,356.0,409.0,105.88,0.2940641542675816,35.66186330944986,High,,,,True
95,12476,25.0,500.0,501.0,90.94879999999999,4.1378998411138594,371.2217683580469,VIP,,,,False
96,12477,11.0,601.0,623.0,182.68727272727273,1.5271552738828538,276.9237642156826,VIP,,,,False
97,12479,2.0,8.0,11.0,4.35,3.5225410881443033,21.828433699044304,Medium,,,,False
98,12480,7.0,479.0,507.0,102.47857142857143,1.2013293348954939,123.31356741087144,VIP,,,,False
99,12481,15.0,585.0,607.0,94.762,2.1046439281610536,197.51951813886748,VIP,,,,False
100,12482,6.0,204.0,653.0,623.9616666666667,0.05055295696549938,31.572172925145352,Medium,,,,True
101,12483,21.0,660.0,677.0,45.24619047619048,2.6417626276289994,118.24128804411671,VIP,,,,False
102,12484,15.0,704.0,736.0,99.69266666666665,1.7585293655434133,173.6039862372229,VIP,,,,False
103,12488,2.0,66.0,75.0,53.04,1.7563087840653158,99.99564939724029,VIP,,,,False
104,12490,21.0,733.0,738.0,60.08714285714285,2.4451318549978023,145.21682748512825,VIP,,,,False
105,12492,2.0,340.0,403.0,33.474999999999994,0.4898858244293418,17.902115809161817,Medium,,,,True
106,12493,2.0,32.0,197.0,25.35,0.5006571387976215,14.057585179840732,Medium,,,,True
107,12494,14.0,567.0,576.0,29.967142857142854,2.072929517765392,61.885925954611835,High,,,,False
108,12495,1.0,6.0,640.0,17.0,0.03337366394533233,0.7492493415069914,Low,,,,True
109,12497,3.0,601.0,682.0,35.64333333333334,0.42618484643153626,15.966184370259104,Medium,,,,True
110,12498,1.0,36.0,57.0,34.35,1.207272536231104,50.39881490366995,High,,,,False
111,12500,20.0,650.0,673.0,35.0115,2.528712180200197,87.70921763921393,VIP,,,,False
112,12501,1.0,21.0,336.0,27.83,0.160416391826611,5.533135203939614,Low,,,,True
113,12502,4.0,214.0,309.0,194.85999999999999,1.0422717084124482,206.01930237127607,VIP,,,,False
114,12503,1.0,247.0,584.0,1126.0,0.18190484645109345,228.3784822420635,VIP,,,,True
115,12504,4.0,578.0,596.0,40.8625,0.6271782393650577,26.39578357022171,Medium,,,,True
116,12505,2.0,107.0,408.0,11.45,0.2834342642274981,3.85293296063075,Low,,,,True
117,12507,3.0,450.0,584.0,35.45666666666667,0.47858053432919445,17.837989869203685,Medium,,,,True
118,12508,1.0,3.0,29.0,34.26,1.559801091172297,64.96179171072362,High,,,,False
119,12510,9.0,593.0,735.0,365.20000000000005,1.0174256206956598,369.47296808425625,VIP,,,,False
120,12511,1.0,14.0,428.0,17.0,0.09222629390818374,2.0705370226336184,Low,,,,True
121,12513,1.0,28.0,112.0,4.25,0.7050368151649921,5.834223675593895,Low,,,,True
122,12514,1.0,374.0,641.0,168.14,0.18194442322722576,34.65925975155059,High,,,,True
123,12516,3.0,522.0,599.0,38.45666666666667,0.4795032807421273,19.340499708591274,Medium,,,,True
124,12517,3.0,162.0,190.0,124.90666666666665,1.282423734058997,164.88217585042355,VIP,,,,False
125,12518,4.0,110.0,110.0,75.16,2.492546481045762,191.28047361338443,VIP,,,,False
126,12519,2.0,413.0,476.0,29.595000000000002,0.42410974598483747,13.783715560954203,Medium,,,,True
127,12520,5.0,194.0,273.0,67.724,1.411632443163027,96.90197120111581,VIP,,,,False
128,12522,1.0,12.0,51.0,27.87,1.2038549264179925,41.58188945844313,High,,,,False
129,12523,29.0,736.0,737.0,41.03241379310345,3.359021695484957,136.0383153842827,VIP,,,,False
130,12524,16.0,660.0,669.0,46.13625,2.0552777514070137,94.05739590630544,VIP,,,,False
131,12525,6.0,244.0,735.0,42.76833333333334,0.05667155128808744,2.4540588877840195,Low,,,,True
132,12526,2.0,94.0,94.0,81.67,1.5456419672868242,134.1132413331385,VIP,,,,False
133,12527,4.0,448.0,529.0,15.307500000000001,0.6840684570288804,11.129987499771426,Low,,,,True
134,12528,7.0,303.0,312.0,55.18142857142857,1.8481198283441804,102.53984876367213,VIP,,,,False
135,12529,1.0,6.0,528.0,4.7,0.05078062590566571,0.4455872181569829,Low,,,,True
136,12530,10.0,583.0,642.0,51.487,1.3403155779843416,68.88745763910802,High,,,,False
137,12531,2.0,672.0,686.0,40.73,0.3087433406773438,13.61628541914272,Medium,,,,True
138,12533,4.0,120.0,738.0,39.897499999999994,0.015417160427541312,0.6338221288219859,Low,,,,True
139,12535,1.0,95.0,186.0,80.95,0.526234209666265,49.233092548944384,High,,,,True
140,12536,2.0,52.0,59.0,6253.205,2.008586753582062,13092.170709822649,VIP,,,,False
141,12538,1.0,349.0,378.0,76.51,0.3175834270863285,28.143438560280575,Medium,,,,True
142,12539,5.0,694.0,716.0,587.71,0.6458844734918192,381.5646471650805,VIP,,,,True
143,12540,32.0,713.0,732.0,93.860625,3.708170510750324,342.84337278736746,VIP,,,,False
144,12541,2.0,251.0,280.0,66.69,0.6764311592174933,48.13081421159347,High,,,,True
145,12542,3.0,156.0,640.0,20.66,0.12403774708615782,2.7500770657731173,Low,,,,True
146,12544,1.0,7.0,36.0,4.25,1.4332278834831982,11.860871413530642,Medium,,,,False
147,12545,1.0,184.0,259.0,85.94,0.42321143445689485,41.9419434016004,High,,,,True
148,12546,2.0,31.0,77.0,46.120000000000005,1.5796509306080422,78.54631340144994,High,,,,False
149,12547,2.0,303.0,500.0,31.8,0.3746249360425638,13.03614357738391,Medium,,,,True
150,12549,4.0,122.0,697.0,11.18,0.021812924027590396,0.26394643543122454,Low,,,,True
151,12552,1.0,1.0,39.0,40.0,1.334736100409943,64.1070516015476,High,,,,False
152,12553,15.0,415.0,423.0,47.518,2.9240757799433825,137.91622251138799,VIP,,,,False
153,12556,1.0,101.0,151.0,141.4,0.6448568844696247,103.67594666107706,VIP,,,,True
154,12557,7.0,706.0,722.0,15.434285714285712,0.8728194324889891,13.830550329932361,Medium,,,,True
155,12558,1.0,6.0,7.0,13.75,2.282338469944381,43.001019719913565,High,,,,False
156,12559,1.0,9.0,319.0,14.85,0.14533512421440825,2.915476708312827,Low,,,,True
157,12560,3.0,138.0,143.0,42.470000000000006,1.6127207375884962,71.65849740897615,High,,,,False
158,12562,8.0,427.0,435.0,76.86749999999999,1.5687236506724147,120.61340492987927,VIP,,,,False
159,12565,1.0,7.0,288.0,2.95,0.16758089270340223,1.1444407389032532,Low,,,,True
160,12566,1.0,14.0,86.0,4.95,0.8290316497428686,7.505694733805709,Low,,,,True
161,12567,14.0,644.0,666.0,136.57785714285714,1.8091890672341957,244.71304913653614,VIP,,,,False
162,12569,26.0,250.0,252.0,39.29076923076923,7.790140539267071,302.392112370817,VIP,,,,False
163,12571,1.0,82.0,121.0,23.8,0.75933618563273,22.790101281561757,Medium,,,,True
164,12572,2.0,43.0,51.0,63.730000000000004,2.15744880068848,146.8716934566674,VIP,,,,False
165,12573,4.0,238.0,465.0,59.09,0.581626815267016,35.18898149559172,High,,,,True
166,12575,1.0,69.0,526.0,52.59,0.12035772059958276,7.464711227423288,Low,,,,True
167,12576,10.0,491.0,526.0,29.032999999999998,1.618999933105312,47.145624507355386,High,,,,False
168,12577,4.0,701.0,736.0,124.0775,0.514893925396032,64.95484532532593,High,,,,True
169,12578,6.0,422.0,443.0,76.20666666666666,1.1779555333384415,90.40205038798813,VIP,,,,False
170,12579,1.0,5.0,78.0,1.95,0.8479850637683102,4.848567512393823,Low,,,,True
171,12580,1.0,330.0,576.0,62.58,0.20011925054276578,14.634354507587261,Medium,,,,True
172,12582,3.0,339.0,577.0,71.18333333333334,0.4380297328420924,32.298149699156625,Medium,,,,True
173,12583,30.0,731.0,733.0,44.85633333333333,3.489773984017569,154.43606591587945,VIP,,,,False
174,12584,14.0,277.0,280.0,56.92214285714285,3.910618853124356,220.97579403871924,VIP,,,,False
175,12585,3.0,117.0,351.0,51.839999999999996,0.44355351645065144,23.94939032481029,Medium,,,,True
176,12586,4.0,706.0,723.0,103.3675,0.5251771832546943,55.26453236332951,High,,,,True
177,12588,3.0,558.0,597.0,86.29,0.48612677949775546,43.33952198581813,High,,,,True
178,12589,5.0,661.0,689.0,538.624,0.6684396733840134,361.9440929925036,VIP,,,,True
179,12590,3.0,416.0,606.0,241.20333333333338,0.44714709489881144,110.55968658431111,VIP,,,,True
180,12591,2.0,91.0,408.0,74.3,0.24624899275554826,19.473961055597258,Medium,,,,True
181,12592,2.0,427.0,519.0,29.799999999999997,0.38892600753572004,12.723271568651164,Medium,,,,True
182,12593,2.0,110.0,218.0,8.55,0.7410138246811759,7.834216383321481,Low,,,,True
183,12594,14.0,609.0,646.0,41.56714285714286,1.8515307462807828,76.51130404630555,High,,,,False
184,12596,1.0,191.0,242.0,55.57,0.45453796455045903,29.697908894518783,Medium,,,,True
185,12597,4.0,249.0,268.0,179.94,1.2589956031618608,229.88247655201425,VIP,,,,False
186,12598,12.0,639.0,648.0,41.4375,1.6051691120529588,66.2794949275962,High,,,,False
187,12599,12.0,548.0,577.0,26.308333333333334,1.7753037693575169,46.7113457835449,High,,,,False
188,12600,23.0,704.0,732.0,34.65695652173913,2.676867092075284,91.7857017736615,VIP,,,,False
189,12601,6.0,215.0,404.0,31.635,0.7963392463948243,25.618007100200906,Medium,,,,True
190,12604,1.0,182.0,261.0,8.16,0.4192919712682959,5.292345143066743,Low,,,,True
191,12605,4.0,93.0,458.0,32.065,0.07702743745498364,2.5572632369079864,Low,,,,True
192,12607,1.0,2.0,60.0,217.93,1.0204324317357032,250.90648781870468,VIP,,,,False
193,12609,8.0,641.0,719.0,80.315,0.975047839118071,78.31160694791622,High,,,,True
194,12610,6.0,104.0,126.0,47.031666666666666,3.189988462950921,151.7492193449425,VIP,,,,False
195,12612,1.0,17.0,74.0,9.9,0.9511491876120599,13.84670261230304,Medium,,,,True
196,12613,10.0,694.0,725.0,86.35,1.2109824341173203,104.12442221797826,VIP,,,,False
197,12615,9.0,736.0,738.0,98.24333333333334,1.0842478184529811,106.19994870113602,VIP,,,,False
198,12616,6.0,303.0,388.0,25.150000000000002,1.2614861738115717,32.400274980355334,Medium,,,,False
199,12619,12.0,544.0,560.0,85.88083333333333,1.8313401839379302,156.20538374927003,VIP,,,,False
200,12620,2.0,190.0,204.0,60.405,0.8799858876150742,56.852468013147615,High,,,,True
201,12621,40.0,667.0,668.0,57.987,5.049285364669165,288.28899581298475,VIP,,,,False
202,12623,6.0,420.0,696.0,64.825,0.5767288496599741,37.69580191559542,High,,,,True
203,12624,1.0,71.0,177.0,75.87,0.5246651559906494,46.12288682037935,High,,,,True
204,12625,4.0,385.0,596.0,81.9575,0.5548232895361283,46.38425395584806,High,,,,True
205,12626,12.0,303.0,326.0,56.333333333333336,2.935916103421215,164.53225019001383,VIP,,,,False
206,12627,6.0,130.0,140.0,90.03166666666668,3.0109105118456196,272.71629724904255,VIP,,,,False
207,12628,3.0,60.0,64.0,32.699999999999996,2.692055183778863,92.77682594959674,VIP,,,,False
208,12629,1.0,38.0,423.0,91.06,0.13269579062735531,13.905796268313045,Medium,,,,True
209,12630,1.0,34.0,43.0,133.97,1.4092116778523287,214.9385826307037,VIP,,,,False
210,12631,5.0,636.0,693.0,93.912,0.6604347728377432,62.70070363986332,High,,,,True
211,12632,2.0,44.0,564.0,31.645,0.04756070635593425,1.647322785313534,Low,,,,True
212,12633,9.0,467.0,525.0,67.63,1.4520966339147432,98.07046706457481,VIP,,,,False
213,12634,1.0,13.0,548.0,130.0,0.05486209533876721,8.124463183346752,Low,,,,True
214,12635,3.0,367.0,456.0,122.64333333333333,0.6052265647851472,76.41329480412341,High,,,,True
215,12637,11.0,476.0,543.0,132.95636363636365,1.6890071324740508,223.03274266026477,VIP,,,,False
216,12638,1.0,606.0,639.0,99.84,0.19869080604676737,22.761039130601855,Medium,,,,True
217,12639,2.0,389.0,627.0,107.08500000000001,0.30595526196352874,34.64705037654439,High,,,,True
218,12640,2.0,58.0,81.0,54.715,1.6443880740094885,96.49321552494591,VIP,,,,False
219,12642,2.0,82.0,107.0,53.735,1.3835642427038002,79.77364289911905,High,,,,False
220,12643,11.0,483.0,611.0,32.22818181818182,1.4054663799276703,45.292770211051035,High,,,,False
221,12644,5.0,565.0,694.0,56.157999999999994,0.6416535946301822,36.593215382865154,High,,,,True
222,12645,9.0,635.0,668.0,40.81777777777778,1.1815255586314615,48.32574403291801,High,,,,False
223,12646,1.0,45.0,49.0,42.71,1.3380304667867786,68.2965920225072,High,,,,False
224,12647,37.0,673.0,695.0,65.59324324324324,4.479857170709896,289.379884065744,VIP,,,,False
225,12648,4.0,547.0,701.0,52.6475,0.5169640917870302,27.91185279405618,Medium,,,,True
226,12649,8.0,589.0,696.0,35.815,0.9881712708275266,35.60905626383876,High,,,,True
227,12651,4.0,131.0,465.0,14.1625,0.18308168909923309,2.76702952708244,Low,,,,True
228,12652,2.0,112.0,434.0,72.25999999999999,0.26057616574893744,20.053049292231858,Medium,,,,True
229,12653,2.0,378.0,526.0,55.705,0.37416268327731256,22.339826628906955,Medium,,,,True
230,12654,3.0,285.0,295.0,43.126666666666665,0.9102859689649029,41.055526947469815,High,,,,True
231,12656,11.0,545.0,562.0,72.0409090909091,1.6796273627395881,120.39784246734756,VIP,,,,False
232,12657,2.0,67.0,78.0,75.38,1.7123772760696214,137.35832704564575,VIP,,,,False
233,12662,20.0,617.0,617.0,62.329499999999996,2.7539124765624274,169.71306703130892,VIP,,,,False
234,12663,2.0,44.0,668.0,13.225,0.027983331698455932,0.4321470934653851,Low,,,,True
235,12664,10.0,718.0,726.0,47.903,1.2150072668517435,58.126727943367094,High,,,,False
236,12665,4.0,345.0,669.0,13.45,0.40779830776827836,5.869719067445226,Low,,,,True
237,12666,1.0,35.0,394.0,8.06,0.14517635046119248,1.8162551593837235,Low,,,,True
238,12668,11.0,670.0,677.0,144.98545454545453,1.4193563420131805,204.34438837697337,VIP,,,,False
239,12669,2.0,106.0,256.0,1183.745,0.6002360563669248,741.3700216395555,VIP,,,,True
240,12670,7.0,656.0,666.0,53.894285714285715,0.9414959641991407,51.0275108517904,High,,,,True
241,12672,2.0,266.0,595.0,25.025,0.2800029266660551,7.7668095947675475,Low,,,,True
242,12673,2.0,396.0,401.0,61.495000000000005,0.5023423531239007,33.02390864496504,Medium,,,,True
243,12674,6.0,196.0,207.0,33.87,2.2417002011533755,77.12780977554665,High,,,,False
244,12675,3.0,25.0,578.0,12.15,0.0062842027309763905,0.08474951172595778,Low,,,,True
245,12676,8.0,459.0,483.0,56.1,1.4222953470621589,79.96259842041579,High,,,,False
246,12677,2.0,177.0,732.0,42.575,0.1330104735947111,6.121757877430484,Low,,,,True
247,12678,19.0,659.0,701.0,92.8378947368421,2.300664685426042,211.08588514640348,VIP,,,,False
248,12679,7.0,231.0,283.0,11.444285714285714,1.9352773550347735,22.966679937105532,Medium,,,,False
249,12680,3.0,113.0,113.0,51.28,1.9088946549180719,101.98470139559532,VIP,,,,False
250,12681,52.0,712.0,726.0,81.31230769230768,6.037276973771209,482.72233010042487,VIP,,,,False
251,12682,48.0,735.0,738.0,73.64166666666667,5.509708883262726,399.11574251307707,VIP,,,,False
252,12683,22.0,722.0,726.0,64.02318181818181,2.598303821748785,164.33669493262687,VIP,,,,False
253,12684,6.0,206.0,213.0,34.81333333333333,2.196737549308343,77.65320387604771,High,,,,False
254,12685,5.0,65.0,93.0,80.774,3.2309227294910494,264.1418651562033,VIP,,,,False
255,12689,1.0,102.0,127.0,112.5,0.7479157362321623,96.21240581671525,VIP,,,,True
256,12691,6.0,392.0,420.0,26.85833333333333,1.2314406190534375,33.732369910024346,Medium,,,,False
257,12693,10.0,402.0,522.0,30.106,1.4678204448208547,44.305779226435945,High,,,,False
258,12694,3.0,351.0,421.0,48.77,0.6544668732715792,33.28666333453344,Medium,,,,True
259,12695,6.0,658.0,665.0,34.205000000000005,0.8183606785810511,28.42934369330412,Medium,,,,True
260,12696,2.0,248.0,682.0,80.695,0.2137849406034735,18.33087498280624,Medium,,,,True
261,12697,4.0,148.0,169.0,31.105,1.8054148330794733,58.19040088640292,High,,,,False
262,12700,3.0,208.0,215.0,195.0566666666667,1.1811089466428986,236.4194177819192,VIP,,,,False
263,12701,5.0,554.0,633.0,69.704,0.7117543455406065,50.27215339571034,High,,,,True
264,12703,5.0,620.0,684.0,31.560000000000002,0.6670549671038789,21.566281724468954,Medium,,,,True
265,12704,6.0,162.0,169.0,95.76166666666667,2.6279892594935106,253.09048571403113,VIP,,,,False
266,12705,18.0,721.0,736.0,90.21555555555555,2.1061945351469396,187.87922429191497,VIP,,,,False
267,12708,28.0,692.0,721.0,45.605000000000004,3.286740120703792,147.93937261329359,VIP,,,,False
268,12709,49.0,727.0,730.0,41.380204081632655,5.680482199955347,231.3629477249617,VIP,,,,False
269,12710,3.0,105.0,201.0,32.660000000000004,1.0796819574709797,37.16263554225114,High,,,,False
270,12711,1.0,65.0,676.0,79.95,0.07366938832740044,6.810030999217547,Low,,,,True
271,12712,27.0,708.0,730.0,51.6037037037037,3.1445318609287987,160.14761170801512,VIP,,,,False
272,12714,11.0,726.0,735.0,148.18363636363637,1.3147880737946565,193.456454058274,VIP,,,,False
273,12716,1.0,130.0,133.0,79.64,0.7383148386637807,68.00074235648303,High,,,,True
274,12717,2.0,439.0,590.0,153.425,0.339340334508724,54.81273412263755,High,,,,True
275,12719,2.0,60.0,65.0,43.25,1.9126825233210705,89.38648599702721,VIP,,,,False
276,12720,33.0,504.0,506.0,38.18363636363636,5.383664398941614,202.76874856881193,VIP,,,,False
277,12721,9.0,440.0,471.0,73.12333333333333,1.6199142407369616,118.24495729137561,VIP,,,,False
278,12722,5.0,65.0,150.0,35.524,1.6799066584832667,61.0028232893467,High,,,,False
279,12723,2.0,62.0,65.0,53.665000000000006,1.9172710332640648,110.40975876813992,VIP,,,,False
280,12724,6.0,530.0,535.0,54.64666666666667,0.9989426504891065,55.12444112129095,High,,,,True
281,12725,3.0,213.0,584.0,153.6,0.27995265177053597,44.19018685200458,High,,,,True
282,12726,10.0,596.0,624.0,36.463,1.390810642256681,50.75249730206033,High,,,,False
283,12727,9.0,644.0,654.0,64.89111111111112,1.2109892285459547,78.4913299695585,High,,,,False
284,12728,4.0,312.0,383.0,53.697500000000005,0.9059417276023924,49.875409107784385,High,,,,True
285,12731,17.0,624.0,647.0,69.06058823529412,2.2396791674044905,153.11286358889032,VIP,,,,False
286,12733,4.0,455.0,689.0,81.3925,0.4900254429227608,40.68717616040826,High,,,,True
287,12734,2.0,40.0,392.0,30.67,0.12374912864406405,4.160534379390426,Low,,,,True
288,12735,1.0,22.0,337.0,138.35,0.16178760974274803,25.461422093236763,Medium,,,,True
289,12739,3.0,316.0,394.0,140.10666666666665,0.688918870297252,99.2591091042724,VIP,,,,True
290,12741,1.0,4.0,533.0,170.0,0.04737564701403452,9.12278566044337,Low,,,,True
291,12742,1.0,26.0,625.0,1.65,0.05301279254461681,0.2853992119709227,Low,,,,True
292,12744,7.0,540.0,591.0,3618.3771428571426,1.0387480442331851,3748.5580096932904,VIP,,,,False
293,12745,2.0,196.0,682.0,33.989999999999995,0.17377790399357132,6.443586626403609,Low,,,,True
294,12746,2.0,204.0,731.0,31.025000000000002,0.15626855227488992,5.311559490674893,Low,,,,True
295,12747,30.0,730.0,732.0,35.93066666666667,3.4942089864821444,123.93587948445835,VIP,,,,False
296,12748,206.0,735.0,735.0,117.8785922330097,23.538746200477554,2722.1250765216028,VIP,,,,False
297,12749,12.0,518.0,521.0,170.63,1.9612862749855637,331.8650268856258,VIP,,,,False
298,12753,9.0,359.0,362.0,49.38111111111111,2.0617913071955374,101.8711260175362,VIP,,,,False
299,12754,2.0,73.0,308.0,43.465,0.3625405349670814,17.022506812577966,Medium,,,,True
300,12755,12.0,488.0,737.0,20.689166666666665,0.6759012353846642,14.023579316446547,Medium,,,,True
301,12757,9.0,196.0,211.0,748.1477777777778,3.2088115931669767,2386.0836144048744,VIP,,,,False
302,12758,6.0,622.0,738.0,84.21666666666667,0.7201529066051922,61.036010890688175,High,,,,True
303,12759,7.0,683.0,735.0,112.86571428571428,0.8518235318128383,96.25997320059622,VIP,,,,True
304,12761,1.0,7.0,464.0,25.0,0.0680853608139884,2.1341596458472436,Low,,,,True
305,12762,1.0,18.0,25.0,107.42,1.7348574942139725,213.39406817478545,VIP,,,,False
306,12763,1.0,231.0,369.0,2.9,0.30533815963373817,2.0682129083075855,Low,,,,True
307,12765,5.0,169.0,641.0,30.526,0.0481947239496987,1.5081286298385457,Low,,,,True
308,12766,9.0,404.0,407.0,118.22222222222223,1.8608843864650366,219.207267260968,VIP,,,,False
309,12768,1.0,19.0,450.0,30.080000000000002,0.0913850423361803,3.3806611690455504,Low,,,,True
310,12770,6.0,401.0,611.0,16.78833333333333,0.7347744327873731,12.727443503019115,Medium,,,,True
311,12771,1.0,21.0,485.0,4.95,0.08164903557237478,0.7391471440255819,Low,,,,True
312,12775,7.0,392.0,409.0,39.839999999999996,1.4585856297217827,58.61174662104257,High,,,,False
313,12778,8.0,583.0,602.0,36.20625,1.1675813391611436,42.52888145121223,High,,,,False
314,12779,18.0,715.0,736.0,48.278333333333336,2.103313217887344,100.57604363403603,VIP,,,,False
315,12781,3.0,263.0,284.0,19.75333333333333,0.9351925195648187,19.869654453923406,Medium,,,,True
316,12782,13.0,515.0,519.0,63.822307692307696,2.124448599228988,134.661252302456,VIP,,,,False
317,12783,4.0,73.0,75.0,397.34749999999997,3.1645790704379713,1272.9810097596985,VIP,,,,False
318,12784,2.0,520.0,529.0,80.565,0.3919533739715609,33.55498934157344,Medium,,,,True
319,12785,4.0,729.0,731.0,55.269999999999996,0.5211039950638722,29.515907853886485,Medium,,,,True
320,12787,3.0,404.0,413.0,26.653333333333336,0.6813776686252124,19.275099493823333,Medium,,,,True
321,12788,3.0,65.0,528.0,24.416666666666668,0.041735458342406447,1.0853494737889684,Low,,,,True
322,12789,2.0,628.0,693.0,57.4,0.302773863393534,18.612065422053107,Medium,,,,True
323,12790,2.0,218.0,410.0,49.835,0.4300959251717089,23.04895498679578,Medium,,,,True
324,12791,4.0,251.0,624.0,127.68,0.2927100313870449,37.991356915224,High,,,,True
325,12792,2.0,426.0,682.0,94.26499999999999,0.28339589570298157,28.30669962245939,Medium,,,,True
326,12793,2.0,67.0,401.0,46.92,0.19161370097787908,9.686633600045894,Low,,,,True
327,12794,1.0,45.0,98.0,53.879999999999995,0.8401175703430795,53.314533005342334,High,,,,True
328,12797,4.0,64.0,424.0,21.617500000000003,0.04155788839789351,0.9410787421724509,Low,,,,True
329,12798,3.0,411.0,421.0,2.793333333333333,0.6697587243868893,2.6367220906938322,Low,,,,True
330,12800,1.0,206.0,676.0,46.89,0.13980477353515366,7.784763388430052,Low,,,,True
331,12801,1.0,23.0,500.0,39.95,0.0794578800741803,3.8113873561920926,Low,,,,True
332,12802,8.0,380.0,563.0,32.37875,0.9776987069687135,31.888821762917974,Medium,,,,True
333,12804,1.0,35.0,500.0,31.59,0.09445294134696612,3.652716909180567,Low,,,,True
334,12805,3.0,293.0,674.0,56.75,0.2981300484901751,17.59094309695654,Medium,,,,True
335,12806,3.0,153.0,588.0,24.613333333333333,0.15848053700811085,4.153154107186906,Low,,,,True
336,12807,2.0,4.0,386.0,71.9,0.039939325935314116,3.0586255997059757,Low,,,,True
337,12808,4.0,426.0,462.0,33.985,0.7846447095977315,27.571647969619498,Medium,,,,True
338,12809,6.0,479.0,647.0,52.04666666666666,0.7694402538257902,40.458942024120624,High,,,,True
339,12810,1.0,142.0,676.0,36.519999999999996,0.11677026535286888,5.15579817034833,Low,,,,True
340,12811,4.0,167.0,427.0,44.55,0.43115668325508055,19.752272576364547,Medium,,,,True
341,12813,2.0,192.0,693.0,39.175,0.16452283930475825,6.989261242482832,Low,,,,True
342,12815,1.0,51.0,198.0,107.82,0.4339493497716056,53.56394781471327,High,,,,True
343,12816,1.0,81.0,176.0,125.65,0.5404253165380976,77.42115182083197,High,,,,True
344,12817,2.0,153.0,434.0,58.489999999999995,0.33094650493213457,20.720063390398415,Medium,,,,True
345,12818,1.0,83.0,261.0,7.2,0.35479761161027124,4.099578965491704,Low,,,,True
346,12820,11.0,731.0,734.0,35.24636363636364,1.3177258221804322,46.4064039492172,High,,,,False
347,12821,1.0,397.0,611.0,14.99,0.19472415526264372,3.9364554830729226,Low,,,,True
348,12822,2.0,17.0,87.0,18.744999999999997,1.2854748106252802,27.247929890462892,Medium,,,,False
349,12823,14.0,605.0,679.0,8.45357142857143,1.7337344000300123,14.881590951866993,Medium,,,,False
350,12825,1.0,120.0,641.0,86.3,0.11619961411127472,11.56194983759806,Medium,,,,True
351,12826,14.0,719.0,721.0,22.670714285714286,1.687991622013159,38.2163368650978,High,,,,False
352,12827,2.0,39.0,44.0,15.75,2.3220563287343063,41.974722894076265,High,,,,False
353,12828,5.0,128.0,130.0,25.728,2.7064204132164136,71.65679471146413,High,,,,False
354,12829,3.0,228.0,550.0,51.333333333333336,0.34908260609955094,18.667677948474477,Medium,,,,True
355,12830,5.0,134.0,171.0,18.502000000000002,2.1357542365491864,41.04938690415113,High,,,,False
356,12831,1.0,201.0,463.0,27.6,0.2280227288777741,7.806624143091729,Low,,,,True
357,12832,1.0,66.0,98.0,21.18,0.8768111434971473,23.76185045107586,Medium,,,,True
358,12835,37.0,318.0,736.0,57.358918918918924,5.422722927837906e-10,3.063689236782185e-08,Low,,,,True
359,12836,13.0,679.0,738.0,132.32538461538462,1.5146989844941656,198.66742491427885,VIP,,,,False
360,12837,1.0,396.0,569.0,80.95,0.21072856044857294,19.714236807690767,Medium,,,,True
361,12838,10.0,559.0,592.0,83.53999999999999,1.4567819741902428,121.19859604455363,VIP,,,,False
362,12839,30.0,730.0,732.0,38.885,3.4942089864821444,134.09619259092605,VIP,,,,False
363,12840,10.0,531.0,674.0,37.126999999999995,1.182857408384253,43.94312709321828,High,,,,False
364,12841,38.0,515.0,519.0,39.793157894736844,6.0427530374849105,236.9737334757353,VIP,,,,False
365,12842,3.0,667.0,737.0,58.49333333333333,0.3982323951724524,24.205897058169214,Medium,,,,True
366,12843,27.0,661.0,726.0,33.047777777777775,3.048002492675914,99.54014318096594,VIP,,,,False
367,12844,3.0,564.0,593.0,84.89999999999999,0.49025909514958427,43.0124455814869,High,,,,True
368,12845,3.0,23.0,290.0,3.4166666666666665,0.09099087057588841,0.4161076195913662,Low,,,,True
369,12847,1.0,365.0,387.0,114.74,0.31191709413156915,40.89972947260476,High,,,,True
370,12849,5.0,560.0,591.0,73.824,0.7686396570514379,57.469952249578455,High,,,,True
371,12851,1.0,381.0,477.0,93.96,0.25320477127499585,27.350789061217785,Medium,,,,True
372,12852,1.0,4.0,294.0,8.850000000000001,0.15268691150203953,2.044358456944851,Low,,,,True
373,12853,11.0,565.0,672.0,51.68545454545454,1.3574273210767978,69.91896635174103,High,,,,False
374,12854,6.0,650.0,728.0,115.08666666666666,0.7401968861065704,85.5862293055578,VIP,,,,True
375,12855,2.0,30.0,402.0,56.795,0.08966520883737644,5.455456772887438,Low,,,,True
376,12856,6.0,56.0,63.0,101.23833333333333,4.990631943679974,507.9924615538215,VIP,,,,False
377,12857,6.0,473.0,683.0,69.69166666666666,0.6962776560554498,48.89848100372753,High,,,,True
378,12858,1.0,299.0,682.0,121.47,0.15875587729938723,22.004183435677003,Medium,,,,True
379,12862,1.0,70.0,495.0,195.22,0.13439280774444903,29.647597448058548,Medium,,,,True
380,12863,6.0,537.0,589.0,20.848333333333333,0.9040869234360429,19.33107322011077,Medium,,,,True
381,12864,1.0,370.0,508.0,1.97,0.2356348432913079,1.352406698747589,Low,,,,True
382,12865,4.0,450.0,476.0,113.625,0.766587082870709,88.61288934116413,VIP,,,,True
383,12866,2.0,219.0,502.0,84.13,0.32563639408873934,29.087286939212774,Medium,,,,True
384,12867,12.0,697.0,723.0,117.35833333333333,1.4456098507649053,168.35767230232557,VIP,,,,False
385,12868,7.0,207.0,392.0,43.957142857142856,0.7799197735926517,34.54243242327038,High,,,,True
386,12870,3.0,258.0,624.0,131.56333333333333,0.3053041778089552,41.325391536304394,High,,,,True
387,12871,2.0,355.0,439.0,11.61,0.4509001984865441,6.204578048299424,Low,,,,True
388,12872,11.0,410.0,736.0,85.66,0.21575473832542277,18.377427947725877,Medium,,,,True
389,12873,2.0,399.0,681.0,43.215,0.27781160995684157,12.971461625091774,Medium,,,,True
390,12874,2.0,169.0,554.0,32.82,0.23001680875854316,8.248529331425107,Low,,,,True
391,12875,4.0,554.0,697.0,0.53,0.5225109667213523,0.7009954654659017,Low,,,,True
392,12876,4.0,533.0,590.0,82.48750000000001,0.6266518196606264,52.72478962686364,High,,,,True
393,12877,19.0,687.0,690.0,25.837894736842106,2.3619307099702938,60.59468820568914,High,,,,False
394,12878,2.0,248.0,266.0,32.245000000000005,0.7094559114268718,25.0171467254414,Medium,,,,True
395,12879,3.0,47.0,91.0,4.973333333333334,2.0071254310382685,12.36838271151791,Medium,,,,False
396,12880,1.0,193.0,574.0,75.15,0.17082208911172247,14.879294009275103,Medium,,,,True
397,12882,1.0,24.0,33.0,56.64,1.569631687803892,104.43402691317023,VIP,,,,False
398,12883,1.0,65.0,89.0,121.25,0.9410460044270588,130.21551836142936,VIP,,,,True
399,12885,2.0,60.0,123.0,54.355,1.1672340774328887,68.05399184620165,High,,,,False
400,12886,2.0,152.0,219.0,70.11,0.7962628324556276,59.49564675372302,High,,,,True
401,12888,3.0,41.0,255.0,5.1466666666666665,0.27738634340114005,1.7582905483389086,Low,,,,True
402,12889,5.0,121.0,502.0,19.880000000000003,0.053310097718758116,1.0983388435252872,Low,,,,True
403,12890,1.0,363.0,387.0,144.91,0.31170892857910965,51.32863542187454,High,,,,True
404,12891,10.0,474.0,659.0,0.422,1.0558216224382286,0.7763906285961832,Low,,,,False
405,12895,2.0,44.0,86.0,8.975,1.517986624863357,16.72178122947565,Medium,,,,False
406,12897,3.0,339.0,543.0,5.966666666666666,0.47724064015335244,3.4244278104789205,Low,,,,True
407,12898,1.0,196.0,659.0,1.06,0.14189266833043718,0.6708116009877199,Low,,,,True
408,12901,28.0,262.0,270.0,6.477857142857142,7.885016825234087,51.173736717825264,High,,,,False
409,12904,1.0,154.0,172.0,121.23,0.6052741372987349,83.73680136567344,VIP,,,,True
410,12905,2.0,106.0,682.0,49.335,0.08238056587291952,4.371805301331555,Low,,,,True
411,12906,1.0,67.0,78.0,45.17,1.0358103020819396,55.702331726372336,High,,,,False
412,12907,2.0,258.0,653.0,65.105,0.2370722282820798,16.476589409124,Medium,,,,True
413,12908,5.0,572.0,630.0,0.6540000000000001,0.7199511798836199,0.934294883571468,Low,,,,True
414,12909,11.0,614.0,653.0,70.93,1.4556803013199293,102.74199569768311,VIP,,,,False
415,12910,10.0,598.0,621.0,22.014,1.3988081650278372,30.99280794277208,Medium,,,,False
416,12912,4.0,38.0,40.0,11.567499999999999,4.348122583830121,54.324299293367375,High,,,,False
417,12913,12.0,734.0,738.0,22.493333333333336,1.4243515645557752,32.096762382256685,Medium,,,,False
418,12915,7.0,441.0,589.0,40.50714285714286,0.9610854556074699,39.25914708279336,High,,,,True
419,12916,6.0,546.0,684.0,110.495,0.7584946676572658,84.21908268789474,VIP,,,,True
420,12917,4.0,602.0,730.0,41.975,0.5052697692509319,21.832815958400726,Medium,,,,True
421,12919,7.0,161.0,169.0,16.888571428571428,3.027022923184682,52.35863089106596,High,,,,False
422,12920,2.0,708.0,725.0,81.05,0.2931911340787367,25.247927004483156,Medium,,,,True
423,12921,73.0,735.0,738.0,50.989315068493156,8.346361964784984,418.25012707648517,VIP,,,,False
424,12923,2.0,511.0,575.0,69.08,0.3585781361512655,26.40654882807492,Medium,,,,True
425,12924,12.0,642.0,730.0,14.112499999999999,1.3948906004392794,19.858131888410227,Medium,,,,False
426,12925,2.0,588.0,592.0,51.98,0.3541887329736666,19.772454391865494,Medium,,,,True
427,12926,3.0,314.0,725.0,137.37666666666667,0.2755964462388541,38.93917510756611,High,,,,True
428,12928,10.0,514.0,549.0,29.677,1.558151549263662,46.36916423885882,High,,,,False
429,12929,1.0,189.0,311.0,12.75,0.35271192961311154,6.251985215914839,Low,,,,True
430,12930,2.0,93.0,171.0,15.93,0.9240650021164752,16.875825782596753,Medium,,,,True
431,12931,50.0,717.0,738.0,10.4268,5.70204187364379,58.78196773533693,High,,,,False
432,12932,6.0,128.0,667.0,23.01,0.00428572169109169,0.10090138175781499,Low,,,,True
433,12933,6.0,705.0,729.0,133.49333333333334,0.7493893370200578,100.44378463896436,VIP,,,,True
434,12935,15.0,605.0,607.0,40.217999999999996,2.114705570414341,84.48610066429158,VIP,,,,False
435,12936,2.0,61.0,78.0,26.229999999999997,1.6977335937178974,49.2289760380752,High,,,,False
436,12937,8.0,721.0,736.0,59.43125,0.9711205361985281,57.81560309118085,High,,,,True
437,12939,15.0,632.0,696.0,14.672666666666666,1.8237254713764182,26.825228375787955,Medium,,,,False
438,12940,3.0,41.0,87.0,98.68666666666665,2.0315419945353153,206.84013333500602,VIP,,,,False
439,12942,2.0,234.0,365.0,107.245,0.5058662746427659,57.37081957627275,High,,,,True
440,12943,3.0,304.0,605.0,14.583333333333334,0.37899252295299546,6.052335769208131,Low,,,,True
441,12944,1.0,319.0,354.0,49.06,0.3352470209597205,19.476875873167106,Medium,,,,True
442,12945,1.0,368.0,656.0,113.85,0.17640216552334298,22.95553819917816,Medium,,,,True
443,12947,10.0,230.0,373.0,38.864,1.1882896407188421,46.19354828825248,High,,,,False
444,12948,9.0,721.0,737.0,39.138888888888886,1.0831074488798147,42.493790971343984,High,,,,False
445,12949,20.0,706.0,736.0,103.3475,2.3235917767647187,237.1858967873962,VIP,,,,False
446,12950,2.0,22.0,24.0,9.31,2.935394178411113,33.36269897640562,Medium,,,,False
447,12951,19.0,690.0,698.0,29.32526315789474,2.3347657676116174,67.9299996465609,High,,,,False
448,12952,3.0,73.0,78.0,55.473333333333336,2.404052953124568,138.73166134039906,VIP,,,,False
449,12953,1.0,513.0,522.0,113.0,0.2400540855998857,31.012029252843696,Medium,,,,True
450,12955,13.0,266.0,267.0,20.133076923076924,3.7920854644300936,76.45755279396133,High,,,,False
451,12956,3.0,418.0,724.0,38.36,0.349742393577137,14.072089220243697,Medium,,,,True
452,12957,17.0,724.0,728.0,89.50411764705882,2.0171202636197867,178.60764271300195,VIP,,,,False
453,12958,1.0,183.0,583.0,144.0,0.16380842401167012,26.807957492741206,Medium,,,,True
454,12959,1.0,213.0,697.0,30.4,0.13578922573986638,5.071574484842515,Low,,,,True
455,12960,3.0,248.0,661.0,23.33666666666667,0.2541785437438264,6.329819927712143,Low,,,,True
456,12962,1.0,106.0,113.0,12.45,0.8237477326995143,14.327359215291256,Medium,,,,True
457,12963,12.0,511.0,519.0,38.527499999999996,1.9658618420401426,75.50933588433398,High,,,,False
458,12967,4.0,380.0,383.0,47.3975,0.9349984414867806,45.524266562525945,High,,,,True
459,12970,4.0,728.0,735.0,149.9925,0.5180648369810483,78.91774153493574,High,,,,True
460,12971,100.0,721.0,724.0,9.675,11.614789085753435,110.65987913713036,VIP,,,,False
461,12972,4.0,248.0,661.0,36.5275,0.23486504453922027,8.856087146628093,Low,,,,True
462,12974,1.0,368.0,565.0,61.6,0.2094150616223619,15.085969332351636,Medium,,,,True
463,12975,6.0,303.0,733.0,78.71166666666666,0.16559476087628008,13.123200988512686,Medium,,,,True
464,12976,6.0,454.0,665.0,32.565,0.7051186407049906,23.338911823422357,Medium,,,,True
465,12977,2.0,355.0,511.0,129.17,0.3811766795357188,51.93720515693906,High,,,,True
466,12978,4.0,344.0,729.0,69.67,0.3302631496120011,23.510872679462835,Medium,,,,True
467,12980,25.0,582.0,737.0,34.5096,1.3021893263420439,44.4283793127785,High,,,,False
468,12981,1.0,104.0,133.0,15.56,0.7215309695421448,15.044490871816793,Medium,,,,True
469,12982,16.0,367.0,606.0,31.28625,0.16038297183882652,4.9874632457440224,Low,,,,True
470,12985,2.0,28.0,28.0,17.495,2.8000144260314337,55.707636621309206,High,,,,False
471,12986,8.0,285.0,687.0,57.4875,0.07754989744431275,4.46694263653731,Low,,,,True
472,12987,5.0,615.0,688.0,57.803999999999995,0.6617491641139358,38.832975598969526,High,,,,True
473,12989,31.0,726.0,729.0,10.198064516129032,3.6217934592917436,36.71536321828216,High,,,,False
474,12990,6.0,588.0,619.0,8.016666666666667,0.8696385117350789,7.434780094244681,Low,,,,True
475,12991,2.0,366.0,389.0,35.754999999999995,0.5130362983468822,19.966973507211648,Medium,,,,True
476,12993,8.0,636.0,659.0,20.08125,1.0737728366717834,21.882658983431185,Medium,,,,False
477,12994,4.0,264.0,268.0,52.355000000000004,1.2676196120953545,68.06894108972404,High,,,,False
478,12995,1.0,8.0,85.0,2.12,0.8051593194837499,4.7558759154237205,Low,,,,True
479,12997,15.0,700.0,722.0,23.060000000000002,1.7947105142167636,41.272817520197776,High,,,,False
480,12998,3.0,161.0,653.0,17.27,0.1235271116971292,2.311375707553468,Low,,,,True
481,12999,2.0,49.0,245.0,15.125,0.4262298548721133,7.426384314260134,Low,,,,True
482,13000,4.0,619.0,725.0,28.41,0.5125337424078478,15.123111381571253,Medium,,,,True
483,13001,32.0,732.0,736.0,71.93593750000001,3.702882827405971,262.4695592754754,VIP,,,,False
484,13002,2.0,116.0,434.0,17.175,0.2685340417972423,5.252271847477706,Low,,,,True
485,13003,2.0,109.0,214.0,1.25,0.7548382560593908,2.2385496338744995,Low,,,,True
486,13004,44.0,713.0,724.0,44.24431818181818,5.137495767376591,223.8065635718861,VIP,,,,False
487,13005,5.0,284.0,457.0,48.14,0.8144516485904124,39.89123309751487,High,,,,True
488,13008,6.0,400.0,723.0,9.596666666666666,0.46648725849392125,4.725210832273289,Low,,,,True
489,13010,1.0,274.0,648.0,6.73,0.16476837067309008,1.8176795523543365,Low,,,,True
490,13012,13.0,583.0,592.0,39.47846153846154,1.8828299724228508,73.99777813876256,High,,,,False
491,13013,28.0,724.0,725.0,50.79785714285714,3.295310490320736,165.17218096728254,VIP,,,,False
492,13014,17.0,430.0,432.0,39.52470588235294,3.2446830688185577,127.20994100849725,VIP,,,,False
493,13015,11.0,550.0,603.0,151.60545454545453,1.5551720260407906,234.10116745794,VIP,,,,False
494,13016,1.0,50.0,123.0,59.13,0.7015884103209286,48.6183165406654,High,,,,True
495,13018,25.0,632.0,648.0,55.1532,3.2610323623716138,177.571809782953,VIP,,,,False
496,13019,7.0,354.0,733.0,30.912857142857142,0.25381222279143484,7.939521081970431,Low,,,,True
497,13020,4.0,111.0,659.0,11.45,0.021580880432896413,0.267025398426214,Low,,,,True
498,13021,22.0,730.0,734.0,43.06318181818182,2.5719635376568406,109.53574660982522,VIP,,,,False
499,13023,2.0,464.0,528.0,91.05,0.38691622417395044,37.350859940455194,High,,,,True
500,13024,2.0,118.0,582.0,42.715,0.14293160596826202,6.599266208357426,Low,,,,True
501,13026,11.0,725.0,726.0,6.207272727272727,1.3316295980732362,8.574419740803892,Low,,,,False
502,13027,22.0,575.0,688.0,5.629090909090909,2.254488875029879,12.831090745062468,Medium,,,,False
503,13028,2.0,23.0,45.0,10.655,2.2120350240993685,28.24093221337351,Medium,,,,False
504,13029,4.0,493.0,523.0,26.3825,0.7038868943501457,19.327746512843323,Medium,,,,True
505,13030,1.0,357.0,368.0,120.42999999999999,0.32704065142980226,44.9518924569801,High,,,,True
506,13031,4.0,147.0,554.0,170.8475,0.11817072152748388,20.49095692661528,Medium,,,,True
507,13032,6.0,422.0,460.0,98.00999999999999,1.1323889708867354,111.59675257201354,VIP,,,,False
508,13033,1.0,72.0,429.0,29.05,0.17154026186307,6.149452549427867,Low,,,,True
509,13034,2.0,347.0,401.0,43.885000000000005,0.49392304942189963,23.407263358185944,Medium,,,,True
510,13035,3.0,374.0,431.0,18.44666666666667,0.6453955107494664,12.851528326251879,Medium,,,,True
511,13037,13.0,598.0,736.0,62.191538461538464,1.3912424496653104,85.9404208065773,VIP,,,,False
512,13038,2.0,210.0,290.0,21.79,0.6348841471106453,15.470985985249841,Medium,,,,True
513,13039,3.0,138.0,722.0,84.34666666666666,0.060886223218178825,5.307386085125758,Low,,,,True
514,13040,1.0,25.0,33.0,62.71,1.572802249575285,115.26127653686424,VIP,,,,False
515,13041,3.0,139.0,589.0,32.13,0.13048543765749945,4.420523823350335,Low,,,,True
516,13042,3.0,148.0,732.0,129.22666666666666,0.06786324477610027,9.023962423778233,Low,,,,True
517,13043,1.0,20.0,273.0,14.95,0.22229671657677988,4.4841039483424225,Low,,,,True
518,13044,11.0,409.0,700.0,125.04272727272728,0.3427555250545492,42.57235768136208,High,,,,True
519,13045,2.0,387.0,486.0,31.685000000000002,0.4104185572024211,14.23251905071624,Medium,,,,True
520,13046,2.0,426.0,456.0,107.5,0.44526259457589107,50.615573446826275,High,,,,True
521,13047,32.0,692.0,723.0,61.519375000000004,3.730768344807388,226.2065971771602,VIP,,,,False
522,13048,9.0,667.0,681.0,54.50666666666667,1.1657503386361632,63.53315908003579,High,,,,False
523,13049,4.0,337.0,401.0,17.7675,0.8757866886152503,16.42593152933239,Medium,,,,True
524,13050,52.0,715.0,724.0,62.832692307692305,6.062620163209716,374.6643784385843,VIP,,,,False
525,13051,1.0,41.0,619.0,20.2,0.06736096302115976,1.7519392315373716,Low,,,,True
526,13052,5.0,442.0,654.0,142.158,0.6203761146833165,88.95125602894507,VIP,,,,True
527,13055,4.0,365.0,429.0,50.725,0.8268942948015071,43.04025718652115,High,,,,True
528,13057,2.0,101.0,631.0,10.25,0.09568418891127575,1.1810477865333078,Low,,,,True
529,13058,2.0,127.0,151.0,15.375,1.0954439490454397,19.372268517005118,Medium,,,,False
530,13059,10.0,369.0,618.0,51.464,0.5534362338753455,28.4320569753092,Medium,,,,True
531,13064,5.0,579.0,591.0,80.05199999999999,0.771976444777194,62.54706437347325,High,,,,True
532,13065,5.0,174.0,547.0,46.65,0.13128941649545667,6.233994243326141,Low,,,,True
533,13066,1.0,8.0,32.0,109.43,1.5226726620521898,190.69575011754506,VIP,,,,False
534,13067,2.0,364.0,446.0,44.625,0.4452630785286685,21.444485979366927,Medium,,,,True
535,13068,1.0,309.0,319.0,1.79,0.36989316089937785,2.0489809034319326,Low,,,,True
536,13069,31.0,543.0,543.0,57.86870967741935,4.75132624400352,271.0675514926302,VIP,,,,False
537,13070,4.0,545.0,737.0,16.880000000000003,0.484486710221032,8.652305132280224,Low,,,,True
538,13073,1.0,26.0,437.0,36.25,0.10766470815873867,4.721502995519496,Low,,,,True
539,13074,4.0,212.0,723.0,20.6675,0.10712087599143295,2.3229084782771103,Low,,,,True
540,13077,9.0,727.0,728.0,70.62888888888888,1.0982624134903038,77.44469432358633,High,,,,False
541,13078,89.0,737.0,738.0,36.790786516853935,10.165413895924486,367.4921376031582,VIP,,,,False
542,13079,5.0,413.0,417.0,5.0,1.0581842108182462,5.991063955348104,Low,,,,False
543,13080,4.0,430.0,609.0,11.03,0.5685104640197163,6.793115220406564,Low,,,,True
544,13081,38.0,730.0,731.0,131.45236842105263,4.415382916852982,571.1514362323552,VIP,,,,False
545,13082,19.0,591.0,717.0,17.672631578947367,1.9132816405754234,33.67319585834574,Medium,,,,False
546,13083,2.0,421.0,425.0,30.66,0.4773648905050167,16.04432623481301,Medium,,,,True
547,13084,1.0,4.0,491.0,1.7,0.056415000322937704,0.3068538750742986,Low,,,,True
548,13085,6.0,581.0,738.0,183.15,0.7022907675591651,129.00664540021808,VIP,,,,True
549,13089,161.0,735.0,737.0,57.54596273291925,18.357569853753915,1036.7691785166685,VIP,,,,False
550,13090,25.0,486.0,494.0,40.9704,4.183024580958942,169.33993276179515,VIP,,,,False
551,13091,3.0,710.0,731.0,424.5133333333333,0.4051909984735226,175.98984138564154,VIP,,,,True
552,13092,14.0,597.0,667.0,33.94642857142857,1.7665014592866062,59.68755179735717,High,,,,False
553,13093,70.0,468.0,735.0,45.818999999999996,8.702061578224373e-10,3.919380477822541e-08,Low,,,,True
554,13094,15.0,368.0,389.0,2.5540000000000003,3.1289558870569305,8.55474609002709,Low,,,,False
555,13097,24.0,706.0,738.0,190.91625,2.764936481286632,520.4260546822567,VIP,,,,False
556,13098,33.0,316.0,317.0,48.57666666666667,8.124303069989724,389.07403173477877,VIP,,,,False
557,13101,3.0,447.0,681.0,28.343333333333334,0.3943286973451409,11.834894786729455,Medium,,,,True
558,13102,36.0,581.0,582.0,38.38027777777778,5.166018100112782,195.47048979732557,VIP,,,,False
559,13103,2.0,538.0,577.0,31.310000000000002,0.35981628647953195,12.337067543724954,Medium,,,,True
560,13104,8.0,650.0,653.0,7.43,1.0870979376628813,8.46891431101822,Low,,,,False
561,13106,2.0,285.0,413.0,4.25,0.46133168678930747,2.81018417984859,Low,,,,True
562,13107,14.0,687.0,731.0,25.690714285714286,1.6497736151488405,42.2771131081201,High,,,,False
563,13108,1.0,63.0,435.0,17.52,0.1580847883835607,3.6404974490607787,Low,,,,True
564,13109,6.0,549.0,551.0,23.665000000000003,0.973167336547566,23.549472949388402,Medium,,,,True
565,13110,11.0,707.0,738.0,99.37545454545456,1.3040119234606045,128.79664816865704,VIP,,,,False
566,13112,2.0,190.0,731.0,2.7600000000000002,0.14470544181909673,0.6567927837438162,Low,,,,True
567,13113,36.0,621.0,621.0,47.10472222222222,4.86868193025572,225.9991377975663,VIP,,,,False
568,13115,22.0,652.0,660.0,38.12727272727273,2.835879354379037,106.97895761152498,VIP,,,,False
569,13116,1.0,21.0,138.0,15.95,0.5494186713370606,11.694041537867495,Medium,,,,True
570,13117,18.0,602.0,623.0,20.422777777777778,2.4518388628768046,49.84360154401453,High,,,,False
571,13118,7.0,420.0,439.0,89.32285714285715,1.369515774537622,122.6113702924838,VIP,,,,False
572,13122,1.0,146.0,240.0,0.39,0.4398488075815895,1.7518413542856481,Low,,,,True
573,13123,1.0,57.0,529.0,29.880000000000003,0.10792215755590782,3.9684076341071997,Low,,,,True
574,13124,3.0,296.0,385.0,232.7733333333333,0.6968056260303299,166.29672293801764,VIP,,,,True
575,13126,17.0,643.0,647.0,31.812941176470584,2.249821327740231,71.07617243951078,High,,,,False
576,13129,1.0,77.0,529.0,16.9,0.12616109226101213,2.81834586592228,Low,,,,True
577,13131,6.0,645.0,668.0,64.39166666666667,0.8124957430684534,52.75380606373925,High,,,,True
578,13133,2.0,186.0,459.0,18.7,0.3410035132496268,7.211553364118576,Low,,,,True
579,13134,6.0,344.0,416.0,60.94833333333333,1.2094164628595923,74.36151350868289,High,,,,False
580,13135,1.0,295.0,491.0,0.72,0.23423481235407653,1.0188309177947357,Low,,,,True
581,13136,18.0,681.0,731.0,53.34888888888889,2.094021576881764,110.60985877471383,VIP,,,,False
582,13137,16.0,492.0,502.0,170.83125,2.669736966025677,450.97503139778075,VIP,,,,False
583,13138,7.0,374.0,396.0,27.215714285714284,1.4975709463156983,41.32518726389505,High,,,,False
584,13139,7.0,421.0,437.0,86.77285714285713,1.3763927252243662,119.72704310016152,VIP,,,,False
585,13140,4.0,383.0,491.0,65.8725,0.7174870402374254,48.3247293167369,High,,,,True
586,13141,18.0,646.0,730.0,52.142222222222216,2.036021906503768,105.12175439051464,VIP,,,,False
587,13143,1.0,2.0,584.0,2.95,0.03683300307413182,0.25153246374585925,Low,,,,True
588,13144,1.0,99.0,431.0,18.65,0.19520257914728906,4.740527324665176,Low,,,,True
589,13145,7.0,560.0,599.0,45.715714285714284,1.0303295182065644,47.43921645198904,High,,,,False
590,13147,3.0,89.0,99.0,4.95,2.0644124612082644,12.672165866099455,Medium,,,,False
591,13148,22.0,703.0,732.0,131.25727272727272,2.5626647222674053,331.90908415872707,VIP,,,,False
592,13149,3.0,275.0,289.0,61.31666666666666,0.9245966531843897,58.86618768855291,High,,,,True
593,13150,2.0,160.0,630.0,25.9,0.16719006313590914,4.7899940202729745,Low,,,,True
594,13151,3.0,424.0,627.0,159.76333333333332,0.43089932391166574,70.72725391841578,High,,,,True
595,13152,8.0,277.0,694.0,54.21125,0.058483910130844266,3.1780616097919703,Low,,,,True
596,13154,4.0,591.0,735.0,217.2875,0.49882812629780837,109.89913206826023,VIP,,,,True
597,13155,5.0,458.0,491.0,55.162,0.9075793096402132,50.85169517475104,High,,,,True
598,13156,2.0,291.0,676.0,111.8,0.24198009835573275,28.591121559619744,Medium,,,,True
599,13157,8.0,592.0,641.0,56.445,1.0934319135644794,61.84847959672922,High,,,,False
600,13158,4.0,294.0,388.0,39.71,0.8789486044168265,35.96910804780515,High,,,,True
601,13159,4.0,107.0,115.0,54.629999999999995,2.4028870680993353,134.55977659254341,VIP,,,,False
602,13161,1.0,187.0,500.0,38.9,0.20257738591466806,9.480612128860216,Low,,,,True
603,13162,18.0,613.0,735.0,28.628333333333337,1.8598509100405405,52.869124600308794,High,,,,False
604,13163,1.0,46.0,656.0,10.7,0.06383469845714015,0.9859729023370736,Low,,,,True
605,13164,1.0,98.0,667.0,27.79,0.09678828604264965,3.3340680878084488,Low,,,,True
606,13165,2.0,367.0,413.0,16.82,0.4830448523975329,9.269237642997158,Low,,,,True
607,13166,2.0,132.0,414.0,49.65,0.324309663015434,17.317318542591632,Medium,,,,True
608,13167,4.0,372.0,390.0,47.91,0.9160714709337773,45.076992241500605,High,,,,True
609,13168,4.0,506.0,542.0,102.1625,0.680537073349434,70.78523520573866,High,,,,True
610,13169,2.0,499.0,562.0,24.585,0.36610105571333473,9.98719864951009,Low,,,,True
611,13171,4.0,291.0,299.0,32.65,1.154854118598903,39.02360816319543,High,,,,False
612,13173,11.0,725.0,729.0,56.00090909090909,1.3259228763722726,73.96659564120631,High,,,,False
613,13174,10.0,719.0,735.0,302.821,1.1994987439423177,360.7390336853608,VIP,,,,False
614,13175,3.0,181.0,735.0,52.5,0.10491021473086003,5.735089162164064,Low,,,,True
615,13177,1.0,366.0,430.0,59.75,0.2804310070775826,19.62522174323041,Medium,,,,True
616,13178,24.0,697.0,723.0,54.63625,2.8241441058712233,152.38857649617125,VIP,,,,False
617,13183,17.0,628.0,635.0,16.50176470588235,2.287614825528217,37.691524036064095,High,,,,False
618,13184,8.0,276.0,290.0,34.792500000000004,2.220804438683092,77.7701836092287,High,,,,False
619,13186,4.0,89.0,128.0,17.1425,2.1291191896385375,38.590872068399506,High,,,,False
620,13187,1.0,287.0,624.0,139.32,0.17527779719355846,27.77286966224377,Medium,,,,True
621,13189,1.0,97.0,115.0,6.25,0.8056494614463192,8.458440563361473,Low,,,,True
622,13190,2.0,188.0,732.0,43.155,0.1425620143959329,6.647519831031686,Low,,,,True
623,13192,6.0,591.0,686.0,64.98333333333333,0.775660086605941,50.82106500390625,High,,,,True
624,13194,1.0,286.0,421.0,7.95,0.2757010237232945,3.415479628202946,Low,,,,True
625,13196,6.0,606.0,617.0,78.55333333333333,0.8760906933211459,69.29080518042223,High,,,,True
626,13198,11.0,424.0,434.0,65.26181818181819,2.122067693809436,137.85724111037842,VIP,,,,False
627,13199,58.0,731.0,734.0,8.65706896551724,6.678072668685337,57.15364919634442,High,,,,False
628,13200,3.0,107.0,126.0,43.370000000000005,1.7414873629516805,78.98034210707343,High,,,,False
629,13201,3.0,140.0,642.0,58.056666666666665,0.09768965579357006,5.8943894453359,Low,,,,True
630,13202,7.0,352.0,730.0,45.23571428571429,0.25322391322285875,11.537859718563306,Medium,,,,True
631,13203,10.0,713.0,722.0,29.345999999999997,1.2210499681905702,35.93608728248098,High,,,,False
632,13206,11.0,332.0,732.0,86.79090909090908,0.030686252369341648,2.648166927383971,Low,,,,True
633,13207,3.0,597.0,612.0,8.093333333333334,0.47777747610176924,4.465262143830785,Low,,,,True
634,13208,8.0,678.0,736.0,74.2775,0.9614016258082072,71.439745936948,High,,,,True
635,13209,13.0,654.0,684.0,67.8153846153846,1.6406848191151215,110.47801911295332,VIP,,,,False
636,13211,8.0,723.0,733.0,35.09375,0.9756467741835003,34.45747471378067,High,,,,True
637,13212,2.0,52.0,61.0,159.705,1.9682000713652805,330.83622998087276,VIP,,,,False
638,13213,12.0,512.0,568.0,42.41416666666667,1.7768988770866305,75.08899933102882,High,,,,False
639,13214,6.0,229.0,646.0,34.57666666666667,0.0963750670848664,3.383834680391347,Low,,,,True
640,13217,4.0,533.0,655.0,4.0375,0.5570471106594035,2.721149421553827,Low,,,,True
641,13220,4.0,497.0,575.0,23.7925,0.6365578998615805,15.81338812002272,Medium,,,,True
642,13221,1.0,119.0,359.0,155.67,0.26673046281327045,47.113299786448025,High,,,,True
643,13223,5.0,465.0,665.0,3.6379999999999995,0.6244643620664987,2.681431205707437,Low,,,,True
644,13224,1.0,91.0,151.0,143.29,0.6358071147706595,103.55713961897962,VIP,,,,True
645,13225,15.0,719.0,722.0,19.996,1.8013791049804746,35.972177712699846,High,,,,False
646,13226,1.0,120.0,393.0,43.39,0.23817216522781726,12.335557565287559,Medium,,,,True
647,13230,28.0,627.0,631.0,109.54535714285714,3.7449494408419532,404.31031351062467,VIP,,,,False
648,13232,6.0,231.0,243.0,103.96666666666665,1.9707223554783553,205.95974237951526,VIP,,,,False
649,13233,3.0,620.0,694.0,21.023333333333333,0.4202781068405472,9.473932862173456,Low,,,,True
650,13234,1.0,60.0,732.0,60.95,0.05998346911343546,4.27774413112222,Low,,,,True
651,13235,1.0,1.0,212.0,929.9,0.24796776327734943,257.26545468832774,VIP,,,,True
652,13236,2.0,82.0,106.0,22.650000000000002,1.3938833289243722,35.217509662045224,High,,,,False
653,13238,6.0,579.0,590.0,28.23833333333333,0.912700717376614,26.26059253709754,Medium,,,,True
654,13239,5.0,241.0,502.0,39.275999999999996,0.5110411139874906,20.48182741261143,Medium,,,,True
655,13240,6.0,556.0,652.0,78.65833333333333,0.8108758794143979,64.21795729041106,High,,,,True
656,13242,5.0,556.0,668.0,11.648,0.6690794320395305,8.254337227739912,Low,,,,True
657,13243,2.0,428.0,631.0,222.865,0.3119924954430139,72.96920581758872,High,,,,True
658,13245,1.0,382.0,432.0,99.7,0.2807294881079535,32.115701875924735,Medium,,,,True
659,13246,10.0,507.0,525.0,57.834,1.6313185066328475,94.11660855574146,VIP,,,,False
660,13247,3.0,65.0,82.0,7.533333333333334,2.2959773576890345,20.147773075088697,Medium,,,,False
661,13248,1.0,65.0,189.0,11.7,0.48163382391126364,7.975100782162091,Low,,,,True
662,13249,8.0,592.0,684.0,11.505,1.0124590795286768,11.99285292749487,Medium,,,,False
663,13250,2.0,50.0,502.0,5.625,0.07747670171361142,0.5829452222143512,Low,,,,True
664,13252,2.0,231.0,625.0,19.924999999999997,0.23641627360915257,5.301454372288212,Low,,,,True
665,13253,3.0,547.0,703.0,27.11,0.40399821080328274,11.61657168701412,Medium,,,,True
666,13255,3.0,509.0,512.0,22.476666666666663,0.5633238904886616,13.534150756312883,Medium,,,,True
667,13257,2.0,9.0,436.0,10.95,0.03414909509181527,0.4464215727661805,Low,,,,True
668,13258,4.0,389.0,400.0,33.955,0.8980045473629829,31.527950591615543,Medium,,,,True
669,13259,6.0,637.0,698.0,139.73166666666665,0.7731288730483833,108.44916583096008,VIP,,,,True
670,13261,1.0,17.0,285.0,4.95,0.19967340884370577,1.80763007912937,Low,,,,True
671,13262,2.0,337.0,600.0,49.285,0.30819382748323315,16.339357297367606,Medium,,,,True
672,13263,36.0,412.0,413.0,118.45472222222222,7.0331216703531405,820.059370253738,VIP,,,,False
673,13265,4.0,220.0,273.0,41.5925,1.2102625098795712,51.82985975259139,High,,,,False
674,13266,27.0,711.0,722.0,20.525185185185187,3.186288836761785,64.767397696747,High,,,,False
675,13267,39.0,730.0,732.0,38.13384615384616,4.523439093656062,169.98584835961546,VIP,,,,False
676,13268,9.0,250.0,267.0,64.37555555555555,2.651473831852318,170.50520605336482,VIP,,,,False
677,13269,22.0,736.0,737.0,55.69590909090909,2.563421247891791,141.0903393747362,VIP,,,,False
678,13272,1.0,58.0,89.0,52.05,0.9305766997489776,57.161908722215514,High,,,,True
679,13275,1.0,249.0,632.0,30.8,0.16482900301648962,6.22949950280565,Low,,,,True
680,13276,4.0,579.0,642.0,142.45250000000001,0.5796525723827842,83.88455374359314,VIP,,,,True
681,13277,6.0,524.0,539.0,3.9416666666666664,0.9899936976973518,4.429240221229444,Low,,,,True
682,13278,3.0,570.0,610.0,51.61333333333334,0.4765948805298279,25.62268991299671,Medium,,,,True
683,13279,1.0,14.0,78.0,7.2,0.8989064596391491,10.387341129807389,Low,,,,True
684,13280,6.0,522.0,644.0,79.92999999999999,0.8069955617748188,64.93697408514215,High,,,,True
685,13281,2.0,154.0,591.0,29.805,0.1847438824799291,6.044623896936031,Low,,,,True
686,13282,6.0,388.0,406.0,31.011666666666667,1.2732330964568725,40.16582383697073,High,,,,False
687,13283,3.0,581.0,640.0,9.799999999999999,0.4541125196355231,5.035061856449245,Low,,,,True
688,13284,1.0,8.0,330.0,0.42,0.13425733691542632,0.5391937823732832,Low,,,,True
689,13285,5.0,601.0,624.0,91.10999999999999,0.7328670636505613,67.51558560269717,High,,,,True
690,13287,5.0,121.0,704.0,31.082,0.007011891953159631,0.22333300587474453,Low,,,,True
691,13288,5.0,223.0,666.0,13.354,0.1183547763869156,1.6628683402796014,Low,,,,True
692,13290,1.0,8.0,438.0,208.63,0.07821851327516725,18.421629780736342,Medium,,,,True
693,13291,10.0,511.0,666.0,95.94,1.1614638228290206,110.91718593815625,VIP,,,,False
694,13292,5.0,488.0,526.0,33.884,0.8521085867834093,29.537827350997734,Medium,,,,True
695,13293,6.0,346.0,738.0,40.50833333333333,0.27580517870384164,11.319881935127524,Low,,,,True
696,13294,2.0,457.0,646.0,99.6,0.3084916745609525,32.52828403697364,Medium,,,,True
697,13295,8.0,217.0,576.0,17.92625,0.0541875613641345,0.9881061210378035,Low,,,,True
698,13296,5.0,440.0,577.0,17.544,0.7442531160964232,13.58793301613434,Medium,,,,True
699,13297,6.0,535.0,542.0,39.42666666666667,0.9868162367235107,39.43479343386491,High,,,,True
700,13299,4.0,260.0,528.0,49.845,0.48916257230208804,25.026107709905816,Medium,,,,True
701,13300,4.0,410.0,574.0,41.7675,0.6035152309182361,25.951684315344988,Medium,,,,True
702,13301,3.0,189.0,292.0,53.85666666666666,0.8467523608957251,47.463046537155044,High,,,,True
703,13302,1.0,371.0,526.0,12.75,0.2269975072009162,4.02355526610768,Low,,,,True
704,13304,6.0,318.0,669.0,43.215,0.32589909737530703,14.258082131511571,Medium,,,,True
705,13305,15.0,635.0,639.0,37.288000000000004,2.0164561313923204,74.72255667813812,High,,,,False
706,13307,2.0,472.0,592.0,2.3,0.3429607649902531,1.3922648851809862,Low,,,,True
707,13308,4.0,574.0,596.0,45.2325,0.6266349925000598,29.139320525183333,Medium,,,,True
708,13309,5.0,385.0,392.0,34.628,1.1164058735507496,39.53395938118646,High,,,,False
709,13310,7.0,394.0,402.0,40.39857142857143,1.4851629350008222,60.50702972552132,High,,,,False
710,13311,1.0,146.0,150.0,6.24,0.6764805258979221,7.094668496986179,Low,,,,True
711,13313,12.0,715.0,737.0,31.242499999999996,1.4214566208998545,44.34511873942523,High,,,,False
712,13314,3.0,72.0,73.0,45.65,2.5093464831627283,119.6480849538024,VIP,,,,False
713,13316,10.0,602.0,639.0,56.638999999999996,1.3574012784287977,76.70362951515986,High,,,,False
714,13317,23.0,662.0,726.0,61.619565217391305,2.6308775965373985,160.11003156618875,VIP,,,,False
715,13318,2.0,36.0,37.0,10.14,2.516614465681667,30.779174956404944,Medium,,,,False
716,13319,55.0,728.0,733.0,61.815636363636365,6.341534025493409,385.49468744644224,VIP,,,,False
717,13320,7.0,408.0,478.0,34.31285714285714,1.2390754363152692,42.96121821279131,High,,,,False
718,13321,1.0,14.0,86.0,2.51,0.8290316497428686,5.256398770242125,Low,,,,True
719,13323,4.0,81.0,84.0,18.225,2.9550187402916874,56.79376351962792,High,,,,False
720,13324,16.0,531.0,563.0,24.430625,2.3882774107078557,58.097805653375644,High,,,,False
721,13327,20.0,683.0,721.0,43.6685,2.3606844129041193,102.03512494019924,VIP,,,,False
722,13329,11.0,704.0,735.0,26.318181818181817,1.3089286309117745,34.515311202961,High,,,,False
723,13330,5.0,562.0,654.0,38.534,0.6878242657135984,27.05437606370991,Medium,,,,True
724,13333,2.0,247.0,658.0,61.11,0.2269917136611698,14.831098355684684,Medium,,,,True
725,13334,4.0,570.0,652.0,282.1325,0.5682840169239974,162.4288198742367,VIP,,,,True
726,13337,1.0,28.0,546.0,3.6100000000000003,0.07217133821337549,0.5458194565037684,Low,,,,True
727,13338,9.0,549.0,703.0,84.12,1.034479021824618,86.81131730745591,VIP,,,,False
728,13340,8.0,610.0,655.0,102.4975,1.0735618755339107,109.92084501719842,VIP,,,,False
729,13343,1.0,5.0,177.0,22.5,0.34459751638830743,9.844126037315608,Low,,,,True
730,13344,1.0,210.0,277.0,192.7,0.4038917806432632,87.97061749478266,VIP,,,,True
731,13345,1.0,11.0,287.0,11.899999999999999,0.18052412647682325,3.029275289860122,Low,,,,True
732,13346,4.0,134.0,596.0,2.2,0.06382366120719307,0.1933011087813376,Low,,,,True
733,13350,2.0,63.0,79.0,70.1,1.6878507261841929,126.10398803224723,VIP,,,,False
734,13352,1.0,53.0,60.0,4.55,1.2041576742418547,10.366574558278122,Low,,,,False
735,13357,3.0,370.0,627.0,232.5633333333333,0.40589330383667754,96.78022898631144,VIP,,,,True
736,13359,3.0,344.0,403.0,54.21666666666667,0.6831482793081264,38.54302459607953,High,,,,True
737,13360,4.0,272.0,700.0,59.7275,0.23790810090641382,14.546709366516714,Medium,,,,True
738,13361,1.0,145.0,617.0,50.25,0.13608289774859336,8.0859135971104,Low,,,,True
739,13362,9.0,422.0,425.0,95.4488888888889,1.791078381452617,170.46335950713862,VIP,,,,False
740,13363,2.0,392.0,409.0,115.12,0.4919807425659482,59.83280298390228,High,,,,True
741,13364,1.0,5.0,71.0,25.98,0.916412262615655,29.72685266866576,Medium,,,,True
742,13365,3.0,385.0,393.0,137.83666666666664,0.7119540817074527,100.92858496039361,VIP,,,,True
743,13368,4.0,167.0,423.0,37.1275,0.4434165274358461,16.988974994926725,Medium,,,,True
744,13369,1.0,11.0,365.0,14.32,0.11804388552984535,2.298428897461881,Low,,,,True
745,13370,1.0,5.0,371.0,20.8,0.10154416050061765,2.7087726934141725,Low,,,,True
746,13371,3.0,134.0,632.0,60.1,0.09414022692914394,5.876547212166379,Low,,,,True
747,13373,5.0,673.0,733.0,214.68,0.6269089689359254,135.53894347605973,VIP,,,,True
748,13374,1.0,35.0,449.0,21.5,0.11527139603801768,3.1646503527305168,Low,,,,True
749,13375,2.0,363.0,444.0,60.92,0.44718738265464886,29.129990548779652,Medium,,,,True
750,13376,2.0,135.0,234.0,90.35,0.7237886372925504,69.34518611316324,High,,,,True
751,13377,3.0,249.0,645.0,75.19333333333333,0.2711140283496401,21.100096510239663,Medium,,,,True
752,13379,2.0,110.0,136.0,77.16,1.1771636355758353,96.6063199819216,VIP,,,,False
753,13381,13.0,717.0,738.0,82.4276923076923,1.5330206372095885,125.39059628744565,VIP,,,,False
754,13382,4.0,451.0,731.0,37.7025,0.44362820821840104,17.25449493097285,Medium,,,,True
755,13384,12.0,470.0,500.0,61.11000000000001,2.0179449807669982,122.63010253913038,VIP,,,,False
756,13386,1.0,23.0,437.0,27.64,0.1030170942818208,3.531499431761066,Low,,,,True
757,13388,2.0,482.0,603.0,104.78999999999999,0.3373618451392127,37.3969039632853,High,,,,True
758,13389,2.0,221.0,232.0,58.53,0.7957576205947161,49.85573205797607,High,,,,True
759,13393,5.0,149.0,732.0,61.464,0.012876604203718217,0.8029495716886531,Low,,,,True
760,13394,22.0,737.0,738.0,40.09772727272727,2.5601876726526283,101.55102083055021,VIP,,,,False
761,13395,2.0,236.0,421.0,49.67,0.4276538302931439,22.844534363827233,Medium,,,,True
762,13396,3.0,298.0,319.0,43.830000000000005,0.8483314066608967,38.870091443267086,High,,,,True
763,13397,12.0,616.0,688.0,32.81583333333334,1.4852966228172308,48.650576022159875,High,,,,False
764,13398,1.0,256.0,448.0,89.17,0.2518700153025563,25.865269935818702,Medium,,,,True
765,13399,2.0,55.0,519.0,8.775,0.07827812391961166,0.845900590399459,Low,,,,True
766,13400,1.0,8.0,582.0,4.95,0.04319293213189666,0.39101187752950095,Low,,,,True
767,13402,3.0,437.0,564.0,45.65,0.4948113738593469,23.590618131921794,Medium,,,,True
768,13403,2.0,706.0,723.0,12.85,0.29394280837759124,4.424500378294152,Low,,,,True
769,13404,1.0,211.0,212.0,5.78,0.5200332812671498,5.187820036791604,Low,,,,True
770,13405,8.0,650.0,724.0,26.83125,0.9705287561121859,26.29731313325358,Medium,,,,True
771,13406,2.0,204.0,631.0,10.61,0.2105867741603302,2.6783047334251417,Low,,,,True
772,13407,4.0,83.0,661.0,27.42,0.008890311798039952,0.25343181725483854,Low,,,,True
773,13408,98.0,734.0,735.0,26.407448979591834,11.229492288281653,291.4269025165945,VIP,,,,False
774,13410,11.0,723.0,731.0,11.655454545454546,1.3216942682016894,15.646532871320133,Medium,,,,False
775,13413,3.0,48.0,687.0,27.89,0.00791673692674264,0.23394030978660155,Low,,,,True
776,13414,6.0,598.0,731.0,18.46166666666667,0.7195236257140093,13.667298807455833,Medium,,,,True
777,13415,2.0,256.0,728.0,54.4,0.19476503542356863,11.363734488622438,Medium,,,,True
778,13416,2.0,693.0,736.0,51.825,0.2877944271063025,16.019441209166985,Medium,,,,True
779,13417,5.0,665.0,669.0,54.148,0.6899172162165688,37.95327844149929,High,,,,True
780,13418,30.0,717.0,728.0,51.09566666666667,3.506024262292609,176.68561901218092,VIP,,,,False
781,13420,3.0,36.0,170.0,9.383333333333335,0.7156201273495175,7.6306961614334385,Low,,,,True
782,13421,5.0,623.0,663.0,99.63199999999999,0.6906404123231711,69.53514232827173,High,,,,True
783,13422,1.0,13.0,64.0,4.95,1.0392384346949586,9.408993105976851,Low,,,,False
784,13424,1.0,5.0,449.0,4.95,0.06956074901452157,0.6297168084301339,Low,,,,True
785,13425,7.0,471.0,579.0,47.478571428571435,1.0226173716168574,48.881869097077235,High,,,,False
786,13426,21.0,730.0,730.0,32.492380952380955,2.471980464451863,79.55903008188527,High,,,,False
787,13427,5.0,703.0,722.0,16.518,0.641262009709453,11.046903768579217,Low,,,,True
788,13428,1.0,504.0,514.0,133.43,0.24336583296361017,36.96794345770247,High,,,,True
789,13429,3.0,65.0,75.0,21.596666666666664,2.444345115175239,56.53699539787242,High,,,,False
790,13430,3.0,68.0,86.0,19.453333333333333,2.228407771541751,46.6669491360465,High,,,,False
791,13431,7.0,592.0,659.0,59.14142857142857,0.9362525500608345,55.64225738380489,High,,,,True
792,13432,1.0,41.0,612.0,170.28,0.06890513778424716,13.289958396327666,Medium,,,,True
793,13433,4.0,259.0,696.0,26.405,0.21655762312539173,5.951242019270737,Low,,,,True
794,13434,4.0,581.0,655.0,10.1375,0.5673907751413062,6.2681485813992825,Low,,,,True
795,13435,9.0,495.0,500.0,43.18111111111111,1.5482899179478629,66.96240478615915,High,,,,False
796,13437,6.0,176.0,190.0,52.166666666666664,2.3914284716860332,126.04010284205812,VIP,,,,False
797,13439,2.0,271.0,526.0,112.91499999999999,0.33706051846116386,40.21722587267274,High,,,,True
798,13440,2.0,28.0,451.0,41.1,0.06048144041564995,2.6907217089035513,Low,,,,True
799,13441,1.0,340.0,431.0,25.04,0.27676739567489156,8.687704037277504,Low,,,,True
800,13442,2.0,71.0,738.0,73.24,0.03740805579699708,2.9169472649365105,Low,,,,True
801,13443,5.0,229.0,677.0,108.758,0.12019812557340459,13.20322714964228,Medium,,,,True
802,13444,1.0,132.0,506.0,105.17,0.17477488475696337,21.057235705645688,Medium,,,,True
803,13446,17.0,243.0,663.0,30.084705882352942,5.087221772851121e-05,0.001520353937968764,Low,,,,True
804,13447,3.0,12.0,35.0,50.97666666666667,3.355006734479303,178.21847019569148,VIP,,,,False
805,13448,15.0,717.0,733.0,168.15866666666668,1.7721035212302318,294.8345911041692,VIP,,,,False
806,13450,13.0,577.0,603.0,16.423846153846153,1.843177391034811,30.39772938006385,Medium,,,,False
807,13451,10.0,602.0,628.0,184.964,1.3834726862493008,254.30694006800124,VIP,,,,False
808,13452,2.0,213.0,472.0,295.0,0.3515185138379484,108.63556267407296,VIP,,,,True
809,13453,3.0,237.0,402.0,33.33,0.6139877855145534,21.5526209545459,Medium,,,,True
810,13455,10.0,706.0,730.0,51.782,1.205200810936507,62.29555510315576,High,,,,False
811,13456,6.0,190.0,207.0,30.295,2.232436735091811,68.82721756504674,High,,,,False
812,13457,3.0,49.0,737.0,2.4966666666666666,0.006070425071323113,0.022059818720120146,Low,,,,True
813,13458,23.0,381.0,388.0,46.93869565217391,4.778489458839391,221.68405455390916,VIP,,,,False
814,13459,1.0,58.0,682.0,75.52,0.06760281818331021,5.916259542840464,Low,,,,True
815,13460,1.0,20.0,49.0,11.34,1.2693835660269737,20.512606063929752,Medium,,,,False
816,13461,7.0,559.0,597.0,16.768571428571427,1.033765832081909,17.756449623002673,Medium,,,,False
817,13462,5.0,542.0,725.0,32.653999999999996,0.5965248930931013,19.941250423874276,Medium,,,,True
818,13464,5.0,572.0,630.0,112.894,0.7199511798836199,82.07352304703821,VIP,,,,True
819,13465,1.0,140.0,586.0,22.28,0.14467100745184416,4.097213267927093,Low,,,,True
820,13466,5.0,528.0,628.0,27.648000000000003,0.7103252026163844,20.175080716285834,Medium,,,,True
821,13467,1.0,26.0,36.0,95.68,1.5147626133010224,166.5430534994254,VIP,,,,False
822,13468,83.0,735.0,736.0,35.43867469879518,9.508346726676344,331.1738784524552,VIP,,,,False
823,13470,1.0,16.0,115.0,4.949999999999999,0.6415404015583899,5.808121735440418,Low,,,,True
824,13471,3.0,46.0,47.0,142.74666666666667,3.158568135018233,463.6505431555918,VIP,,,,False
825,13472,1.0,92.0,555.0,35.74,0.1277509203499253,5.529873144161197,Low,,,,True
826,13473,7.0,664.0,724.0,39.888571428571424,0.861731737038926,34.66892529236788,High,,,,True
827,13474,2.0,259.0,495.0,79.975,0.35905176526190197,30.517628511303407,Medium,,,,True
828,13475,3.0,107.0,298.0,50.080000000000005,0.5770512228719233,30.12118555431004,Medium,,,,True
829,13476,6.0,466.0,644.0,137.44833333333335,0.7615094587509602,105.08060114581977,VIP,,,,True
830,13477,11.0,646.0,683.0,27.15636363636364,1.3980598389160481,38.02698593096382,High,,,,False
831,13478,5.0,208.0,677.0,89.5,0.08219182529202157,7.439056360194607,Low,,,,True
832,13479,6.0,279.0,477.0,21.426666666666666,0.8002055926022361,17.57283016219872,Medium,,,,True
833,13480,1.0,263.0,679.0,22.28,0.15293750412743215,4.331309514021764,Low,,,,True
834,13481,11.0,690.0,735.0,56.696363636363635,1.3039453890982213,73.63924851227335,High,,,,False
835,13482,1.0,395.0,627.0,26.83,0.188900477748335,6.305444070190999,Low,,,,True
836,13484,3.0,398.0,639.0,59.660000000000004,0.40936627172120826,25.370171690914436,Medium,,,,True
837,13485,12.0,503.0,736.0,47.06583333333333,0.807703227684596,37.8520687633434,High,,,,True
838,13486,2.0,77.0,155.0,83.945,0.9788145629176447,87.24818019226592,VIP,,,,True
839,13487,4.0,677.0,734.0,46.3525,0.5138136217311965,24.474203750172563,Medium,,,,True
840,13488,24.0,666.0,683.0,97.64583333333333,2.984699458594531,287.5244840050017,VIP,,,,False
841,13489,3.0,189.0,294.0,3.633333333333333,0.8398754146283792,4.02653152918073,Low,,,,True
842,13491,26.0,681.0,732.0,33.76653846153847,2.973806376622798,99.25185541809158,VIP,,,,False
843,13492,2.0,78.0,214.0,87.065,0.6725770744483789,62.13673533154032,High,,,,True
844,13493,1.0,12.0,287.0,43.82,0.18342504932330578,9.587888144536759,Low,,,,True
845,13495,12.0,725.0,732.0,24.248333333333335,1.4345148696301169,34.81847251650197,High,,,,False
846,13496,2.0,349.0,359.0,7.539999999999999,0.5524013744363269,5.258660985891956,Low,,,,True
847,13497,5.0,387.0,669.0,30.726,0.520679524455776,16.39785722302246,Medium,,,,True
848,13499,6.0,252.0,269.0,12.534999999999998,1.8084792394262392,23.63380880534685,Medium,,,,False
849,13500,4.0,378.0,401.0,59.565,0.8925744913452961,54.430218251598895,High,,,,True
850,13501,4.0,328.0,570.0,82.9325,0.5335730874704087,45.13331114440591,High,,,,True
851,13502,5.0,532.0,548.0,8.922,0.8261580118829015,7.930884537952128,Low,,,,True
852,13503,6.0,590.0,661.0,49.87833333333333,0.80957320300972,40.813655842769094,High,,,,True
853,13505,7.0,165.0,232.0,80.81714285714285,2.145232779056182,173.86932848333566,VIP,,,,False
854,13506,7.0,148.0,460.0,23.020000000000003,0.058904260978351025,1.3789859789388599,Low,,,,True
855,13507,3.0,142.0,145.0,85.59666666666665,1.5987081240116037,141.40693476609013,VIP,,,,False
856,13508,1.0,399.0,642.0,62.31,0.18426014849431213,13.41924988055263,Medium,,,,True
857,13509,7.0,499.0,507.0,8.575714285714286,1.2079823553170446,10.879743466067657,Low,,,,False
858,13510,15.0,724.0,725.0,63.09866666666667,1.795002793481187,112.2970861281424,VIP,,,,False
859,13511,1.0,193.0,676.0,5.45,0.13585419512185742,1.3053633771623527,Low,,,,True
860,13512,3.0,323.0,583.0,28.613333333333333,0.41976364111965986,12.713992555330647,Medium,,,,True
861,13513,3.0,529.0,655.0,29.350000000000005,0.43516388321275795,13.507569226824259,Medium,,,,True
862,13514,3.0,609.0,682.0,16.333333333333332,0.4271017539405231,7.583410895172124,Low,,,,True
863,13515,5.0,572.0,644.0,31.522000000000002,0.702627808301107,22.68959965955764,Medium,,,,True
864,13516,3.0,396.0,417.0,43.23333333333334,0.6732203671805602,30.4362995740586,Medium,,,,True
865,13517,4.0,120.0,179.0,53.0475,1.6300712118240814,88.67420957246779,VIP,,,,False
866,13519,2.0,392.0,442.0,31.35,0.45465580597576666,15.60792978743719,Medium,,,,True
867,13520,13.0,664.0,722.0,64.10692307692308,1.5457634358590668,98.41481702595689,VIP,,,,False
868,13521,2.0,9.0,10.0,268.95500000000004,3.5947282181507267,1013.574765170895,VIP,,,,False
869,13523,5.0,369.0,402.0,253.64600000000002,1.0821178666273756,276.29995877537283,VIP,,,,False
870,13524,4.0,179.0,219.0,18.314999999999998,1.4561189347690606,28.11658244551242,Medium,,,,False
871,13525,1.0,234.0,248.0,20.9,0.45544138586851385,12.200132433970586,Medium,,,,True
872,13527,10.0,654.0,687.0,125.08599999999998,1.2718791551796391,158.2384232326632,VIP,,,,False
873,13529,1.0,126.0,204.0,30.230000000000004,0.5039473516353915,18.727551843712877,Medium,,,,True
874,13531,4.0,531.0,736.0,70.9575,0.4804578270587691,34.82788075988204,High,,,,True
875,13533,1.0,85.0,267.0,64.44,0.3475575910144458,26.135809062734232,Medium,,,,True
876,13534,47.0,518.0,520.0,26.663191489361704,7.444000292523451,195.57120917187112,VIP,,,,False
877,13536,6.0,74.0,75.0,82.69833333333334,4.561844722815889,379.75022286812873,VIP,,,,False
878,13537,1.0,26.0,451.0,59.4,0.10149937457630795,7.063654260939797,Low,,,,True
879,13538,11.0,632.0,675.0,42.940909090909095,1.4104891502481587,60.42887386913105,High,,,,False
880,13539,8.0,505.0,590.0,36.5725,1.1564065730785218,42.54331327685787,High,,,,False
881,13540,1.0,188.0,655.0,71.92,0.1405484795183903,11.737549759398592,Medium,,,,True
882,13541,2.0,147.0,570.0,19.96,0.19053724886891157,4.279612571210258,Low,,,,True
883,13542,16.0,353.0,729.0,111.90062499999999,0.0046784475107516325,0.5179801669112579,Low,,,,True
884,13543,1.0,53.0,687.0,120.14,0.06314476741576486,8.658734288746771,Low,,,,True
885,13544,4.0,605.0,644.0,126.575,0.5816256413488765,74.84089544842237,High,,,,True
886,13545,2.0,348.0,738.0,68.06,0.23393520590278372,16.978800416506147,Medium,,,,True
887,13546,4.0,412.0,424.0,71.06,0.8528658406416498,61.912696173422674,High,,,,True
888,13548,2.0,375.0,471.0,174.1,0.4221756873789159,77.28828647164991,High,,,,True
889,13549,8.0,362.0,387.0,22.7775,1.7275593218346463,39.84195856099889,High,,,,False
890,13551,1.0,347.0,666.0,30.6,0.1706916090407867,6.413103317329758,Low,,,,True
891,13552,23.0,592.0,658.0,34.10695652173913,2.8491899732968493,96.15044059866695,VIP,,,,False
892,13554,5.0,66.0,446.0,167.632,0.012602885279191369,2.1294262916636866,Low,,,,True
893,13555,10.0,616.0,689.0,95.005,1.2497094774657016,118.18510852017454,VIP,,,,False
894,13556,1.0,6.0,435.0,7.800000000000001,0.0758980800610705,0.927592378178738,Low,,,,True
895,13557,13.0,703.0,731.0,25.18,1.544097544309809,38.841598995266594,High,,,,False
896,13558,3.0,63.0,68.0,83.33666666666666,2.6006805469065273,224.0437238477018,VIP,,,,False
897,13559,1.0,31.0,543.0,2.75,0.07627957252500547,0.5039519442557996,Low,,,,True
898,13561,9.0,434.0,649.0,54.54555555555556,0.869999644981538,47.448476214719854,High,,,,True
899,13562,6.0,613.0,694.0,108.29666666666667,0.7720406019500968,84.02580016854492,VIP,,,,True
900,13563,1.0,56.0,140.0,287.75,0.6335116044840504,204.94310663032707,VIP,,,,True
901,13564,28.0,593.0,737.0,195.33607142857142,1.4129811808414021,271.89025913737385,VIP,,,,False
902,13565,2.0,392.0,411.0,32.655,0.48958141431777213,17.472667052533378,Medium,,,,True
903,13566,4.0,599.0,639.0,134.3725,0.5856405224679059,79.97075249192984,High,,,,True
904,13567,2.0,113.0,541.0,143.35500000000002,0.16220577606565983,24.498761940871674,Medium,,,,True
905,13569,3.0,411.0,428.0,114.30666666666667,0.6587620292614748,77.56761723230096,High,,,,True
906,13571,25.0,719.0,731.0,50.0364,2.9206953284860697,144.3184129297564,VIP,,,,False
907,13573,4.0,587.0,637.0,59.019999999999996,0.5858569948751893,35.40313700125123,High,,,,True
908,13575,4.0,153.0,176.0,20.7375,1.7483301476391504,38.03823195188136,High,,,,False
909,13576,30.0,721.0,731.0,32.06766666666667,3.4934476802427015,110.62644624854127,VIP,,,,False
910,13577,11.0,700.0,725.0,50.878181818181815,1.327456287248052,67.31308909748448,High,,,,False
911,13579,5.0,645.0,659.0,47.318,0.6983262484453253,33.62673314458321,Medium,,,,True
912,13581,1.0,105.0,414.0,44.8,0.2115156652120182,11.286522091714373,Low,,,,True
913,13582,1.0,228.0,617.0,24.740000000000002,0.1649283030561583,5.122010794504444,Low,,,,True
914,13583,1.0,524.0,679.0,106.64,0.18227420972483863,22.258482327331897,Medium,,,,True
915,13584,2.0,369.0,675.0,97.73499999999999,0.2729169250358512,28.24679106463525,Medium,,,,True
916,13585,3.0,208.0,738.0,15.4,0.13803405844188363,2.31937681977353,Low,,,,True
917,13587,4.0,632.0,663.0,31.21,0.5673531744552336,18.34551392823288,Medium,,,,True
918,13588,9.0,240.0,255.0,24.477777777777774,2.7568229650618044,68.00996710607183,High,,,,False
919,13589,5.0,719.0,733.0,51.774,0.6328791393445585,33.30683515423654,Medium,,,,True
920,13590,17.0,727.0,738.0,52.930588235294124,1.9892782053398865,104.31700263022582,VIP,,,,False
921,13591,7.0,661.0,725.0,59.21857142857142,0.8596024069052438,51.15287797639621,High,,,,True
922,13592,3.0,229.0,264.0,24.956666666666667,0.9852732622163953,26.166204265801014,Medium,,,,True
923,13593,12.0,539.0,647.0,121.9575,1.5085750070102792,182.56078778167725,VIP,,,,False
924,13594,2.0,649.0,701.0,41.215,0.3004557366766751,13.402611903754766,Medium,,,,True
925,13595,2.0,130.0,646.0,64.56,0.12402598911658276,8.549414262840825,Low,,,,True
926,13596,1.0,7.0,12.0,34.24,2.0867605668253986,86.86477279715753,VIP,,,,False
927,13597,2.0,14.0,402.0,4.3,0.05346226289762251,0.3284489888812158,Low,,,,True
928,13598,3.0,604.0,651.0,68.93666666666667,0.4484433529645683,32.03763904684296,Medium,,,,True
929,13599,37.0,737.0,738.0,28.993783783783783,4.262882695867841,121.91922865734774,VIP,,,,False
930,13600,1.0,322.0,634.0,58.22,0.17756735537579402,12.12435965825461,Medium,,,,True
931,13601,3.0,501.0,546.0,85.58999999999999,0.5260873251874929,46.526394110998794,High,,,,True
932,13602,3.0,496.0,560.0,40.79,0.5113503676407706,21.842796880781354,Medium,,,,True
933,13604,1.0,6.0,658.0,2.74,0.03136562569802559,0.20687157964532754,Low,,,,True
934,13605,1.0,184.0,571.0,54.74,0.16892120686621767,10.880441558003733,Low,,,,True
935,13606,2.0,282.0,311.0,45.89,0.6198248803729871,30.66906325237582,Medium,,,,True
936,13607,2.0,362.0,402.0,155.23,0.4956062504436581,80.9871189915161,High,,,,True
937,13610,13.0,691.0,703.0,87.07076923076923,1.6065321053199413,138.78334394004736,VIP,,,,False
938,13611,13.0,647.0,736.0,44.51538461538462,1.4906327977864626,66.01183590180926,High,,,,False
939,13612,1.0,114.0,632.0,13.5,0.11564625019813128,2.1462657107641165,Low,,,,True
940,13613,2.0,208.0,660.0,63.7,0.19639794677034264,13.362191455902408,Medium,,,,True
941,13614,5.0,527.0,551.0,176.208,0.8204884827896569,145.6969963417456,VIP,,,,True
942,13615,11.0,368.0,680.0,138.36545454545455,0.18677002717181987,25.66392917596108,Medium,,,,True
943,13616,1.0,123.0,691.0,57.95,0.10402317037095012,7.071493262243193,Low,,,,True
944,13617,7.0,455.0,495.0,52.49428571428571,1.2219063944594188,64.5199665777818,High,,,,False
945,13619,1.0,130.0,674.0,80.0,0.11183967824839246,10.34472778050436,Low,,,,True
946,13622,1.0,8.0,696.0,7.5,0.029061488164100983,0.34547769992094907,Low,,,,True
947,13623,9.0,707.0,737.0,92.02555555555556,1.0800766882651778,99.11999141497208,VIP,,,,False
948,13624,1.0,7.0,388.0,13.7,0.0972050100156159,1.8256626066805481,Low,,,,True
949,13626,2.0,127.0,379.0,25.135,0.3675235989381812,10.236769611049588,Low,,,,True
950,13627,9.0,581.0,640.0,37.15555555555556,1.2176774714944767,45.37443045389969,High,,,,False
951,13629,18.0,643.0,666.0,9.870555555555555,2.305078691479178,22.85639864729938,Medium,,,,False
952,13630,8.0,280.0,285.0,16.92875,2.262527397068375,39.012293308134176,High,,,,False
953,13631,7.0,168.0,267.0,10.102857142857143,1.6887898803454757,17.78244013164985,Medium,,,,False
954,13632,8.0,587.0,611.0,84.39,1.1504872228649277,97.06765130635428,VIP,,,,False
955,13634,14.0,665.0,698.0,119.02,1.7274722508482139,203.67144476982392,VIP,,,,False
956,13635,5.0,671.0,738.0,68.55799999999999,0.6218980315273948,43.209687667471215,High,,,,True
957,13636,5.0,249.0,285.0,37.275999999999996,1.444309993289174,54.98667728757512,High,,,,False
958,13637,2.0,174.0,226.0,40.355000000000004,0.7901247522242109,34.539070068576954,High,,,,True
959,13639,1.0,362.0,436.0,57.72,0.2760196582886355,18.693501784208905,Medium,,,,True
960,13641,3.0,94.0,734.0,55.589999999999996,0.02344843294863896,1.3557943062220041,Low,,,,True
961,13642,1.0,217.0,432.0,190.86,0.25266028487465003,54.51333692129208,High,,,,True
962,13643,12.0,700.0,731.0,31.1675,1.429245333900525,44.48197822129177,High,,,,False
963,13644,4.0,97.0,105.0,88.04,2.553001254598875,229.1421029441189,VIP,,,,False
964,13647,7.0,594.0,603.0,58.31428571428571,1.03171225222107,60.46466582519611,High,,,,False
965,13648,9.0,338.0,738.0,35.30444444444444,0.08857853201477069,3.137810305166891,Low,,,,True
966,13649,5.0,271.0,527.0,62.286,0.553491875950461,34.97138797174079,High,,,,True
967,13650,13.0,666.0,682.0,39.08846153846154,1.6508542669909116,64.24358782472919,High,,,,False
968,13651,2.0,346.0,381.0,18.175,0.5201288619524572,10.715246177635844,Low,,,,True
969,13652,4.0,607.0,652.0,76.4125,0.5742886450676715,44.794483410452884,High,,,,True
970,13654,9.0,694.0,737.0,82.09111111111112,1.0766934534736528,88.1836673104125,VIP,,,,False
971,13655,7.0,477.0,591.0,45.347142857142856,1.0000252153630949,45.676389024339684,High,,,,False
972,13656,6.0,431.0,595.0,31.973333333333333,0.8207763263274563,26.681519515893946,Medium,,,,True
973,13657,1.0,191.0,201.0,32.75,0.5398146864488261,21.57300506384347,Medium,,,,True
974,13658,10.0,663.0,672.0,89.36699999999999,1.3049295999712882,116.10836604522996,VIP,,,,False
975,13659,15.0,463.0,660.0,72.85533333333333,0.8984238156306337,64.8681160981423,High,,,,True
976,13660,1.0,5.0,400.0,5.45,0.08771732185751502,0.8428519379644537,Low,,,,True
977,13662,12.0,573.0,658.0,41.626666666666665,1.5291451453396956,63.42674589673155,High,,,,False
978,13663,5.0,467.0,646.0,65.776,0.653867728181572,43.60457907209564,High,,,,True
979,13665,2.0,118.0,504.0,67.905,0.1996512052507533,14.458414932257515,Medium,,,,True
980,13666,3.0,675.0,735.0,18.21666666666667,0.40012023635721966,7.873398482100736,Low,,,,True
981,13668,36.0,726.0,728.0,73.83833333333332,4.2017233730405055,305.522336316591,VIP,,,,False
982,13669,2.0,357.0,407.0,12.379999999999999,0.48844257663085383,7.1130868438939165,Low,,,,True
983,13672,3.0,429.0,730.0,46.13666666666666,0.35046396623877263,16.88266472532251,Medium,,,,True
984,13673,1.0,14.0,32.0,59.13,1.5529174660695124,107.62202546401736,VIP,,,,False
985,13674,1.0,3.0,432.0,14.899999999999999,0.07176328227682498,1.44356973652638,Low,,,,True
986,13675,1.0,133.0,284.0,15.950000000000001,0.3618689326542819,7.701852138211617,Low,,,,True
987,13676,2.0,80.0,619.0,21.625,0.07449395782750258,1.8024252292669354,Low,,,,True
988,13677,1.0,116.0,520.0,184.76,0.15863525613954213,33.150607822282254,Medium,,,,True
989,13679,2.0,242.0,735.0,36.985,0.18233991242864356,7.330072919835831,Low,,,,True
990,13680,12.0,734.0,735.0,136.3125,1.430412955722613,193.43196120293268,VIP,,,,False
991,13681,3.0,138.0,155.0,44.45000000000001,1.5068284401968333,69.9981707168523,High,,,,False
992,13684,3.0,336.0,621.0,52.76666666666667,0.3893649709955645,21.391339380400947,Medium,,,,True
993,13685,5.0,58.0,60.0,4.7299999999999995,4.370395330891922,23.561248173172153,Medium,,,,False
994,13686,2.0,219.0,401.0,14.175,0.4431098227307757,7.281694622745032,Low,,,,True
995,13689,1.0,381.0,444.0,10.2,0.272845580250616,4.062667644238457,Low,,,,True
996,13692,7.0,396.0,420.0,28.895714285714284,1.4213776090177572,41.603833111827804,High,,,,False
997,13693,11.0,407.0,732.0,39.940909090909095,0.21381263592959826,8.52457724732293,Low,,,,True
998,13694,94.0,732.0,735.0,31.187978723404257,10.769763340640372,330.06239892950265,VIP,,,,False
999,13695,14.0,546.0,577.0,17.01571428571429,2.0557820957666535,35.04920636089761,High,,,,False
1000,13696,3.0,274.0,695.0,37.086666666666666,0.2573061706076473,10.018493258750066,Low,,,,True
1001,13698,1.0,85.0,681.0,67.42,0.08559306725644437,6.719835240432218,Low,,,,True
1002,13699,2.0,395.0,550.0,58.07,0.3591422099391595,22.328002774557124,Medium,,,,True
1003,13700,10.0,644.0,670.0,35.909,1.303804444206566,46.860842842677336,High,,,,False
1004,13701,1.0,9.0,446.0,1.45,0.07705203656563744,0.3976871704820871,Low,,,,True
1005,13703,2.0,97.0,415.0,63.455000000000005,0.2516231802386132,17.055533870607736,Medium,,,,True
1006,13704,9.0,83.0,88.0,49.26555555555555,6.016163790124664,296.58476759144537,VIP,,,,False
1007,13705,6.0,617.0,624.0,49.833333333333336,0.8677352253456878,43.706841692603646,High,,,,True
1008,13706,1.0,324.0,626.0,55.480000000000004,0.18059878348430378,11.781167591118574,Medium,,,,True
1009,13707,3.0,269.0,536.0,119.10333333333334,0.4259551234897697,52.240032236887444,High,,,,True
1010,13709,15.0,694.0,697.0,96.08533333333334,1.8612648530438738,177.11177925786956,VIP,,,,False
1011,13710,2.0,581.0,612.0,7.335,0.3417055314222745,3.1798627753222712,Low,,,,True
1012,13711,12.0,520.0,738.0,37.130833333333335,0.9264218271816093,34.30268110832858,High,,,,True
1013,13712,1.0,364.0,610.0,12.35,0.19151387766488942,3.3094152792280305,Low,,,,True
1014,13713,2.0,175.0,583.0,65.83500000000001,0.21468334183540122,15.083900291967774,Medium,,,,True
1015,13715,18.0,357.0,638.0,48.19833333333333,0.021629760850807665,1.0325861365213214,Low,,,,True
1016,13717,10.0,453.0,485.0,26.256999999999998,1.7424175882645256,45.94097122676401,High,,,,False
1017,13718,1.0,49.0,295.0,31.25,0.2581079940955225,9.884279882146105,Low,,,,True
1018,13719,10.0,556.0,571.0,58.138,1.5130810967945831,87.75118666313845,VIP,,,,False
1019,13720,3.0,138.0,254.0,36.083333333333336,0.8948461906367642,33.926758345890505,High,,,,True
1020,13721,1.0,359.0,395.0,79.83,0.30495662131687773,28.15014186561322,Medium,,,,True
1021,13722,6.0,526.0,646.0,88.17333333333333,0.806003397846217,71.50174512094078,High,,,,True
1022,13723,4.0,394.0,611.0,35.51499999999999,0.5414362332508037,19.86224142618009,Medium,,,,True
1023,13725,10.0,259.0,308.0,21.94,2.5161686910559355,55.5663529743034,High,,,,False
1024,13726,1.0,62.0,100.0,21.03,0.8574289343816697,23.093545045722887,Medium,,,,True
1025,13727,5.0,702.0,730.0,77.646,0.6337031577957304,49.812650568331094,High,,,,True
1026,13728,15.0,694.0,730.0,52.29933333333334,1.7696856637572171,91.82833529331441,VIP,,,,False
1027,13729,3.0,249.0,684.0,32.06666666666667,0.23465449218780798,7.934313183508744,Low,,,,True
1028,13730,1.0,26.0,161.0,69.28,0.47902957817258607,38.601259996062616,High,,,,True
1029,13731,1.0,27.0,246.0,97.19,0.28022594424985403,31.276834105537844,Medium,,,,True
1030,13733,2.0,325.0,735.0,24.985,0.2265446275221875,6.274488097321553,Low,,,,True
1031,13734,3.0,94.0,602.0,79.81,0.052553364645628216,4.337716125542476,Low,,,,True
1032,13735,12.0,702.0,726.0,185.90916666666666,1.4407506178237282,265.5798699286528,VIP,,,,False
1033,13736,5.0,728.0,733.0,220.552,0.633799484624628,140.76562857427666,VIP,,,,True
1034,13739,1.0,509.0,527.0,16.45,0.2374945811011062,5.186628857235244,Low,,,,True
1035,13740,4.0,497.0,737.0,57.222500000000004,0.4650135222593943,27.25609510485903,Medium,,,,True
1036,13741,3.0,146.0,217.0,52.330000000000005,1.101008813305354,60.00023851967812,High,,,,False
1037,13742,11.0,304.0,320.0,92.10454545454546,2.757417765201079,252.48716539079538,VIP,,,,False
1038,13743,7.0,257.0,259.0,5.805714285714286,2.166037445631217,13.525673038095778,Medium,,,,False
1039,13744,1.0,197.0,292.0,47.03,0.37928219864063417,21.17930298169493,Medium,,,,True
1040,13745,3.0,395.0,546.0,6.086666666666667,0.5006015373090316,3.6533619932993364,Low,,,,True
1041,13747,1.0,51.0,424.0,9.95,0.1500107544438967,2.191964778938453,Low,,,,True
1042,13748,7.0,643.0,738.0,24.18142857142857,0.8362804361149716,20.54614510514059,Medium,,,,True
1043,13750,12.0,564.0,617.0,19.325833333333332,1.6542384580574736,32.08926112100123,Medium,,,,False
1044,13752,6.0,403.0,527.0,37.98,0.9473906232285795,36.488653097597904,High,,,,True
1045,13753,3.0,449.0,736.0,39.02,0.3546070057429883,14.50667222993105,Medium,,,,True
1046,13754,2.0,286.0,437.0,14.025,0.43285999028697153,7.045579805279788,Low,,,,True
1047,13755,7.0,60.0,63.0,101.23857142857142,5.786334919524879,586.8622043554426,VIP,,,,False
1048,13756,22.0,722.0,724.0,40.88409090909091,2.605812688110545,105.38052483328303,VIP,,,,False
1049,13758,16.0,727.0,738.0,63.558125,1.8759718658642277,118.13092539594756,VIP,,,,False
1050,13759,1.0,38.0,71.0,4.95,1.0512253291591198,9.517457075260392,Low,,,,False
1051,13760,5.0,539.0,593.0,51.208000000000006,0.7612881478772949,39.632245531912744,High,,,,True
1052,13761,4.0,606.0,656.0,76.69749999999999,0.5703930527756925,44.65484415651923,High,,,,True
1053,13762,5.0,494.0,698.0,8.758000000000001,0.6008997323050917,5.669477169862166,Low,,,,True
1054,13763,5.0,372.0,435.0,16.584,0.9957074001032452,17.219119892271436,Medium,,,,True
1055,13764,4.0,572.0,642.0,179.8225,0.5784495436204254,105.54814341816831,VIP,,,,True
1056,13767,73.0,736.0,738.0,40.42246575342466,8.347880728632687,331.7080336738052,VIP,,,,False
1057,13768,6.0,175.0,738.0,31.731666666666666,0.009850532517105466,0.31783524841609356,Low,,,,True
1058,13769,25.0,721.0,723.0,37.3432,2.9562183214789535,109.11216078843975,VIP,,,,False
1059,13770,3.0,308.0,730.0,51.373333333333335,0.2656515209318157,14.216817181632436,Medium,,,,True
1060,13771,7.0,588.0,652.0,70.8157142857143,0.9463610647411733,67.26023630419513,High,,,,True
1061,13772,7.0,621.0,654.0,181.26714285714283,0.952688294362995,172.64154834961727,VIP,,,,True
1062,13773,1.0,263.0,659.0,31.47,0.159046602919982,6.129432860796285,Low,,,,True
1063,13776,1.0,254.0,682.0,1575.01,0.15014565519468637,263.4611185829142,VIP,,,,True
1064,13777,55.0,737.0,737.0,16.11709090909091,6.314987448501921,100.35484310957388,VIP,,,,False
1065,13778,4.0,462.0,565.0,23.725,0.6391128392480266,15.833284944594102,Medium,,,,True
1066,13780,2.0,400.0,407.0,73.62,0.4955459838956913,38.83785031141089,High,,,,True
1067,13781,3.0,471.0,721.0,54.906666666666666,0.37297073236848405,21.30516161952647,Medium,,,,True
1068,13782,12.0,721.0,733.0,71.12833333333333,1.4314598893152086,101.18763132916405,VIP,,,,False
1069,13783,3.0,186.0,673.0,1.1566666666666665,0.14923074221989763,0.3382171266735255,Low,,,,True
1070,13784,14.0,441.0,450.0,7.562857142857142,2.589242464304737,19.94489732813743,Medium,,,,False
1071,13785,2.0,32.0,460.0,71.215,0.06403874768835278,4.85846266472126,Low,,,,True
1072,13786,7.0,369.0,736.0,121.46428571428571,0.3000518254945594,36.48003075157314,High,,,,True
1073,13787,8.0,619.0,694.0,34.4075,1.0078061347594802,34.905119622939765,High,,,,False
1074,13791,2.0,125.0,168.0,5.96,0.9941021331846959,7.8271566857205634,Low,,,,True
1075,13792,2.0,356.0,422.0,23.049999999999997,0.4702834652744868,12.077217440154383,Medium,,,,True
1076,13795,3.0,249.0,637.0,14.446666666666667,0.27919033002855104,4.4195926763946956,Low,,,,True
1077,13797,3.0,211.0,647.0,81.61,0.21075978490387856,17.783100766750074,Medium,,,,True
1078,13798,101.0,730.0,731.0,20.21089108910891,11.630219656713102,231.07032050125167,VIP,,,,False
1079,13799,10.0,528.0,644.0,28.721999999999998,1.276343142613082,36.773364099734195,High,,,,False
1080,13800,2.0,427.0,736.0,74.325,0.257238780891378,20.349383844932227,Medium,,,,True
1081,13802,21.0,523.0,661.0,60.26047619047619,1.7386373657544123,103.55539431976317,VIP,,,,False
1082,13803,3.0,363.0,618.0,42.68333333333334,0.4104826862898812,18.327273693195085,Medium,,,,True
1083,13804,7.0,406.0,436.0,60.14142857142857,1.3722318286398867,82.9223197200509,VIP,,,,False
1084,13805,1.0,77.0,129.0,3.04,0.7139569300197788,4.947409327278199,Low,,,,True
1085,13807,3.0,368.0,735.0,54.21666666666667,0.312365223574549,17.623223162443452,Medium,,,,True
1086,13808,4.0,91.0,96.0,41.78,2.713563786546931,116.7301081366658,VIP,,,,False
1087,13809,2.0,155.0,460.0,54.3,0.30235776618431076,17.610064755300577,Medium,,,,True
1088,13810,1.0,28.0,56.0,52.730000000000004,1.1980780327447054,74.50160896619991,High,,,,False
1089,13811,2.0,56.0,239.0,252.375,0.48273103532995143,127.74988364813133,VIP,,,,True
1090,13812,2.0,63.0,105.0,37.145,1.3567035140567818,54.7706586765874,High,,,,False
1091,13813,11.0,694.0,733.0,53.57363636363636,1.3095026082197425,69.90063943554281,High,,,,False
1092,13814,4.0,471.0,527.0,45.4825,0.6934070526291524,32.41955124340312,Medium,,,,True
1093,13815,9.0,643.0,665.0,102.41666666666667,1.1895898871716288,121.4501463492054,VIP,,,,False
1094,13816,3.0,41.0,64.0,18.003333333333334,2.59589634830627,50.52183944943036,High,,,,False
1095,13817,1.0,322.0,351.0,44.07,0.3384857839751001,17.787060677980858,Medium,,,,True
1096,13819,5.0,437.0,738.0,29.774,0.48685762137576033,14.867269088996427,Medium,,,,True
1097,13820,2.0,262.0,680.0,80.4,0.22374882544158317,19.116448523862115,Medium,,,,True
1098,13821,6.0,560.0,704.0,94.53333333333335,0.737289601826403,70.0953710686088,High,,,,True
1099,13822,1.0,35.0,40.0,5.27,1.463920531777382,13.775245272551395,Medium,,,,False
1100,13823,7.0,706.0,724.0,97.11285714285714,0.8702696565729103,84.67363279361084,VIP,,,,True
1101,13824,13.0,605.0,637.0,23.38,1.7499913716827744,40.904526905180845,High,,,,False
1102,13825,1.0,109.0,730.0,44.69,0.0880288974830159,4.686390058979153,Low,,,,True
1103,13826,1.0,18.0,176.0,14.85,0.4035789842383531,8.09619349231445,Low,,,,True
1104,13827,2.0,86.0,143.0,119.35999999999999,1.0845804738100522,136.70137248695488,VIP,,,,False
1105,13829,1.0,62.0,421.0,8.5,0.16542012136541479,2.1504393796626253,Low,,,,True
1106,13830,1.0,7.0,581.0,20.9,0.042333598426740685,1.1339717299325667,Low,,,,True
1107,13831,18.0,713.0,729.0,40.61333333333333,2.1244876492138256,85.51871047047877,VIP,,,,False
1108,13832,2.0,405.0,422.0,5.3,0.47862930889470423,3.4392089184152144,Low,,,,True
1109,13833,1.0,245.0,404.0,141.15,0.2799393846415665,44.92680565987604,High,,,,True
1110,13834,2.0,146.0,722.0,45.795,0.10840294316137658,5.352912651875763,Low,,,,True
1111,13835,7.0,620.0,645.0,32.747142857142855,0.9666913776426596,32.007484311914126,Medium,,,,True
1112,13836,2.0,15.0,414.0,39.699999999999996,0.050775061375703985,2.1848382304199867,Low,,,,True
1113,13837,1.0,106.0,317.0,17.61,0.3005517753875266,6.951501855089905,Low,,,,True
1114,13838,5.0,574.0,579.0,211.006,0.7876765773227904,167.39248217078526,VIP,,,,True
1115,13842,16.0,603.0,661.0,83.154375,2.0378991152316144,167.77020285310005,VIP,,,,False
1116,13846,4.0,375.0,399.0,51.855,0.8961626441285119,47.668868546624566,High,,,,True
1117,13848,7.0,638.0,730.0,0.5128571428571428,0.8455548077262371,0.8169362079883898,Low,,,,True
1118,13849,5.0,573.0,624.0,122.18400000000001,0.7277279076105716,89.7484447118211,VIP,,,,True
1119,13850,1.0,41.0,129.0,2.89,0.6519204158342013,4.408790684558328,Low,,,,True
1120,13851,6.0,584.0,679.0,58.041666666666664,0.7827420170289544,45.85118286529817,High,,,,True
1121,13852,1.0,4.0,610.0,7.2,0.03527524503659169,0.40758113564558723,Low,,,,True
1122,13853,1.0,49.0,57.0,4.15,1.2347633500653337,10.080879044718344,Low,,,,False
1123,13854,42.0,692.0,700.0,18.30047619047619,5.066630945951181,91.53558245005969,VIP,,,,False
1124,13855,4.0,231.0,731.0,46.8725,0.13174391811886774,6.344493843627102,Low,,,,True
1125,13856,13.0,451.0,619.0,15.836923076923076,1.2680874963698887,20.176966408466004,Medium,,,,False
1126,13857,4.0,178.0,571.0,47.345,0.17744954297840457,8.630335149445763,Low,,,,True
1127,13859,1.0,203.0,529.0,80.86,0.1936378063275323,18.09601521460602,Medium,,,,True
1128,13860,4.0,85.0,86.0,48.1175,2.9182828982237314,144.22297572520728,VIP,,,,False
1129,13861,2.0,101.0,530.0,19.32,0.15028772419198755,3.275363723564981,Low,,,,True
1130,13862,10.0,371.0,389.0,24.589000000000002,2.1279443740248403,52.584900969959534,High,,,,False
1131,13863,5.0,348.0,593.0,49.72,0.5970963082936808,30.19237779327569,Medium,,,,True
1132,13865,3.0,231.0,289.0,25.939999999999998,0.900681256524124,24.823497913562903,Medium,,,,True
1133,13867,2.0,187.0,218.0,91.72,0.8263384508373727,80.35027913353491,High,,,,True
1134,13868,1.0,31.0,38.0,1.79,1.4905705960746682,8.257875581139956,Low,,,,False
1135,13869,9.0,568.0,691.0,227.81333333333336,1.0908243313764663,247.2509069567312,VIP,,,,False
1136,13870,14.0,667.0,669.0,39.332142857142856,1.8092496692232087,70.7660273548831,High,,,,False
1137,13871,19.0,697.0,719.0,74.07789473684211,2.264391419595897,165.85137191674673,VIP,,,,False
1138,13872,5.0,218.0,731.0,49.80800000000001,0.06458271744406223,3.2713353518165196,Low,,,,True
1139,13873,8.0,527.0,646.0,30.485,1.041934771087961,32.02039472779966,Medium,,,,False
1140,13874,9.0,370.0,728.0,30.331111111111113,0.19579458462061125,5.968506371222947,Low,,,,True
1141,13875,12.0,669.0,722.0,73.7625,1.435595141527578,105.22419046560125,VIP,,,,False
1142,13877,4.0,603.0,689.0,8.5725,0.5400668638087031,5.112439422659188,Low,,,,True
1143,13878,3.0,550.0,604.0,106.28666666666668,0.4791791724887865,52.49939387575358,High,,,,True
1144,13880,13.0,541.0,562.0,41.47,1.967884341963337,81.21807324381308,High,,,,False
1145,13881,38.0,642.0,645.0,31.755526315789474,4.956250033475552,155.1880422682284,VIP,,,,False
1146,13882,5.0,62.0,64.0,37.477999999999994,4.221795445007429,161.59922914373823,VIP,,,,False
1147,13883,22.0,730.0,731.0,49.001363636363635,2.5829955752055844,125.12383737663662,VIP,,,,False
1148,13884,8.0,463.0,470.0,66.12125,1.4646359709773948,96.94832382263618,VIP,,,,False
1149,13885,1.0,11.0,200.0,30.15,0.3151953460563999,11.685177842953172,Medium,,,,True
1150,13888,4.0,456.0,575.0,147.995,0.6239836932728114,93.79402871773178,VIP,,,,True
1151,13889,7.0,594.0,686.0,35.05714285714286,0.8935971557544935,31.645697667872454,Medium,,,,True
1152,13890,20.0,732.0,733.0,28.049,2.3479656793702732,65.31790427135773,High,,,,False
1153,13891,2.0,204.0,582.0,77.2,0.24440573530928084,20.066483215044215,Medium,,,,True
1154,13892,5.0,549.0,575.0,6.066,0.7890122681101316,5.311604242668554,Low,,,,True
1155,13894,3.0,288.0,310.0,19.586666666666666,0.8687097181872634,18.309278515189312,Medium,,,,True
1156,13895,7.0,715.0,736.0,84.93142857142857,0.8566361488403633,72.94126571082953,High,,,,True
1157,13897,2.0,627.0,677.0,44.435,0.3103317383238748,14.884373290244671,Medium,,,,True
1158,13898,1.0,86.0,411.0,31.37,0.19739685332348608,7.585568974234482,Low,,,,True
1159,13899,1.0,258.0,274.0,11.34,0.4192445357629051,6.774083115479104,Low,,,,True
1160,13900,6.0,441.0,624.0,40.79,0.7711871203424598,31.869232424530434,Medium,,,,True
1161,13901,16.0,631.0,703.0,72.374375,1.9094433438590794,136.86511277132252,VIP,,,,False
1162,13902,5.0,99.0,731.0,14.309999999999999,0.0025553974669499653,0.038355882093885095,Low,,,,True
1163,13904,1.0,257.0,294.0,15.190000000000001,0.3915995466177832,8.003700913368476,Low,,,,True
1164,13905,2.0,161.0,732.0,10.35,0.11858361179384663,1.4760498090950618,Low,,,,True
1165,13908,4.0,197.0,276.0,61.4225,1.1611843396421517,72.990495599549,High,,,,False
1166,13909,1.0,98.0,521.0,77.71000000000001,0.1460282653376058,13.135335201734193,Medium,,,,True
1167,13911,20.0,591.0,648.0,27.559499999999996,2.564348916909122,70.09976601539745,High,,,,False
1168,13914,2.0,33.0,36.0,25.39,2.5369981280432996,71.3475195602421,High,,,,False
1169,13915,1.0,337.0,731.0,5.9,0.15094045563090253,1.525837023474142,Low,,,,True
1170,13916,4.0,275.0,738.0,95.58,0.20257954876232787,19.723774982799934,Medium,,,,True
1171,13917,1.0,142.0,191.0,19.91,0.5456386682476633,14.015869597402535,Medium,,,,True
1172,13918,1.0,204.0,253.0,45.76,0.4394242687420493,23.91733134371722,Medium,,,,True
1173,13919,4.0,487.0,540.0,40.0525,0.6792386643431543,28.031101500827646,Medium,,,,True
1174,13920,4.0,131.0,562.0,37.195,0.07878198597307878,3.0237813229434956,Low,,,,True
1175,13921,4.0,322.0,721.0,52.8125,0.30484198032899923,16.509786795362388,Medium,,,,True
1176,13922,4.0,116.0,467.0,18.78,0.12966348742787145,2.5645350313330817,Low,,,,True
1177,13924,8.0,71.0,72.0,31.959999999999997,6.097761979777604,196.36538712108094,VIP,,,,False
1178,13925,4.0,98.0,134.0,47.01,2.0815014281699047,100.53700625196645,VIP,,,,False
1179,13927,2.0,363.0,437.0,34.305,0.4547675206119013,17.012024582797387,Medium,,,,True
1180,13928,3.0,123.0,133.0,39.45666666666667,1.692002016741208,69.97764446708887,High,,,,False
1181,13929,9.0,525.0,694.0,25.616666666666664,1.0145192035595454,26.174771846072275,Medium,,,,False
1182,13930,1.0,79.0,136.0,16.939999999999998,0.6842754008453297,15.317647942962807,Medium,,,,True
1183,13931,8.0,651.0,736.0,59.78,0.9519771316800639,57.006264939279944,High,,,,True
1184,13933,1.0,39.0,148.0,32.15,0.5643955526019523,22.179214607324987,Medium,,,,True
1185,13935,2.0,56.0,652.0,86.97,0.040325523779680135,3.7213568116927327,Low,,,,True
1186,13936,3.0,243.0,414.0,19.93,0.5964278845514097,12.779400347699076,Medium,,,,True
1187,13937,2.0,233.0,402.0,14.0,0.4508615539838932,7.3268660147113565,Low,,,,True
1188,13939,9.0,589.0,612.0,19.62222222222222,1.2833335580856158,25.46814316475718,Medium,,,,False
1189,13940,3.0,127.0,144.0,31.28,1.5892168583734414,52.46343597444135,High,,,,False
1190,13941,15.0,702.0,723.0,19.967333333333332,1.7928368555288057,35.750808828173135,High,,,,False
1191,13945,1.0,85.0,479.0,83.65,0.15570883500245347,15.034509648486594,Medium,,,,True
1192,13946,6.0,656.0,735.0,11.318333333333333,0.7335641907437153,8.693558485941718,Low,,,,True
1193,13948,4.0,375.0,735.0,15.459999999999999,0.366028469064389,6.011721772854203,Low,,,,True
1194,13949,5.0,92.0,94.0,34.512,3.364735054274537,118.76843807940965,VIP,,,,False
1195,13950,3.0,235.0,246.0,41.63333333333333,1.0575965934505225,46.087991272939796,High,,,,False
1196,13951,2.0,118.0,294.0,51.28,0.5206315355097314,28.6850797154858,Medium,,,,True
1197,13952,13.0,512.0,723.0,111.04846153846152,0.9532765985744983,104.96462339300939,VIP,,,,True
1198,13953,11.0,721.0,728.0,4.623636363636364,1.326974402214538,6.461892960704662,Low,,,,False
1199,13954,2.0,69.0,70.0,48.935,1.8438635422357337,97.09344301595458,VIP,,,,False
1200,13955,2.0,221.0,375.0,49.765,0.4824719777609346,25.82070056530668,Medium,,,,True
1201,13956,4.0,266.0,271.0,113.3475,1.2554510388680098,144.77399149385926,VIP,,,,False
1202,13957,2.0,241.0,658.0,56.364999999999995,0.2229164518989723,13.462701639004392,Medium,,,,True
1203,13958,8.0,362.0,734.0,118.73625,0.2164518166093266,25.659761968634783,Medium,,,,True
1204,13959,5.0,432.0,511.0,68.12,0.8590861024535971,59.3123880670781,High,,,,True
1205,13960,1.0,50.0,71.0,11.93,1.0767294488676264,18.105413273948813,Medium,,,,False
1206,13961,1.0,7.0,392.0,14.2,0.09529455854549691,1.842757587253416,Low,,,,True
1207,13962,2.0,414.0,435.0,38.605,0.46544634675961327,19.496943549508583,Medium,,,,True
1208,13963,17.0,289.0,597.0,33.72117647058823,0.0040996685168123445,0.13723989407460152,Low,,,,True
1209,13964,2.0,43.0,430.0,16.975,0.10282471645056272,1.989726587829165,Low,,,,True
1210,13965,4.0,248.0,703.0,15.9125,0.18730535812482452,3.1619646521007994,Low,,,,True
1211,13967,1.0,251.0,396.0,7.2,0.28746265264887033,3.3214821565178347,Low,,,,True
1212,13969,33.0,617.0,624.0,87.11909090909091,4.443045678298484,381.25919814480045,VIP,,,,False
1213,13970,1.0,51.0,437.0,5.85,0.14260590922587094,1.4336795647262477,Low,,,,True
1214,13971,17.0,674.0,682.0,35.36882352941176,2.1414399860777023,75.16952946249086,High,,,,False
1215,13972,1.0,131.0,201.0,1.8399999999999999,0.5142472907170071,2.8772696108138396,Low,,,,True
1216,13974,3.0,533.0,582.0,25.236666666666665,0.4961695762650278,13.318312637685569,Medium,,,,True
1217,13975,11.0,644.0,675.0,117.5090909090909,1.4156653131418397,165.26531807493305,VIP,,,,False
1218,13976,3.0,462.0,668.0,59.95666666666667,0.40939053139946724,25.4955974321311,Medium,,,,True
1219,13978,1.0,31.0,45.0,2.1,1.3682088955611875,8.051558062678723,Low,,,,False
1220,13979,6.0,663.0,736.0,164.15,0.7340549816484305,120.89359104020426,VIP,,,,True
1221,13980,8.0,596.0,656.0,20.56,1.0665985031637077,22.244569339398684,Medium,,,,False
1222,13981,1.0,15.0,415.0,3.75,0.09964789983422118,0.7691384095304177,Low,,,,True
1223,13982,8.0,649.0,688.0,52.0125,1.0281648255943392,53.621773861909375,High,,,,False
1224,13983,26.0,701.0,730.0,45.33461538461539,3.022928065517916,135.3304507571474,VIP,,,,False
1225,13984,11.0,706.0,732.0,14.780000000000001,1.315417436578626,19.645353730709527,Medium,,,,False
1226,13985,23.0,664.0,668.0,50.679130434782614,2.9311437931898805,146.78345155933567,VIP,,,,False
1227,13987,1.0,21.0,400.0,45.29,0.11779515269524847,6.349759428761461,Low,,,,True
1228,13988,10.0,606.0,625.0,84.963,1.3919872539385554,117.7728830734825,VIP,,,,False
1229,13989,4.0,498.0,563.0,33.9225,0.6517474112307798,22.860469498589538,Medium,,,,True
1230,13991,5.0,131.0,143.0,23.524,2.5084366866852275,60.86281559197459,High,,,,False
1231,13992,2.0,433.0,463.0,5.5,0.4392950880225566,3.248108011570964,Low,,,,True
1232,13993,22.0,704.0,736.0,55.09409090909091,2.547027994685444,138.67720546315158,VIP,,,,False
1233,13994,5.0,145.0,148.0,96.278,2.46385137940309,239.7836547015097,VIP,,,,False
1234,13995,17.0,706.0,721.0,32.49411764705882,2.0311370184221107,65.53322222333917,High,,,,False
1235,13996,1.0,13.0,399.0,28.12,0.10360160890804221,3.606840637828613,Low,,,,True
1236,13997,1.0,31.0,550.0,112.29,0.07437186429258391,9.549202145749799,Low,,,,True
1237,13998,2.0,130.0,576.0,36.6,0.1635083775810239,6.507495806150322,Low,,,,True
1238,13999,35.0,724.0,734.0,33.57714285714286,4.049450210301453,134.1130545996794,VIP,,,,False
1239,14000,7.0,531.0,737.0,15.294285714285715,0.7533898857961264,11.832904311046416,Medium,,,,True
1240,14001,8.0,448.0,493.0,35.32625,1.384860896886658,49.230870592980665,High,,,,False
1241,14002,1.0,22.0,156.0,15.91,0.4826397528596245,10.251150295414476,Low,,,,True
1242,14004,8.0,392.0,435.0,74.6875,1.5465219538083288,115.55156855633112,VIP,,,,False
1243,14005,4.0,206.0,215.0,40.61,1.5128001658046435,63.28530589730515,High,,,,False
1244,14006,6.0,537.0,652.0,18.365,0.8023079040192802,15.162263261227764,Medium,,,,True
1245,14008,1.0,57.0,432.0,2.55,0.15282586824239755,0.9756900593325348,Low,,,,True
1246,14009,3.0,264.0,462.0,40.77,0.5317857251526674,22.70499954759189,Medium,,,,True
1247,14011,2.0,127.0,607.0,11.2,0.14060601985978588,1.8747100768054659,Low,,,,True
1248,14013,5.0,622.0,732.0,36.946,0.6177712354878243,23.313844529784575,Medium,,,,True
1249,14014,2.0,499.0,576.0,52.905,0.3566466144734646,20.253425336554177,Medium,,,,True
1250,14016,12.0,546.0,700.0,122.7975,1.2935635560538208,157.61662427258267,VIP,,,,False
1251,14019,3.0,92.0,138.0,41.97666666666667,1.5685453623865502,68.90598648834207,High,,,,False
1252,14020,4.0,513.0,529.0,53.400000000000006,0.6991961852366463,38.282733628549494,High,,,,True
1253,14021,6.0,437.0,592.0,39.93,0.834585759286054,33.771431332286085,High,,,,True
1254,14022,1.0,261.0,486.0,36.27,0.2305403964007202,10.115152728618794,Low,,,,True
1255,14023,1.0,243.0,250.0,41.12,0.45394233115752525,22.36560193923111,Medium,,,,True
1256,14024,2.0,269.0,390.0,29.61,0.48546068435930434,15.785345928671468,Medium,,,,True
1257,14025,8.0,119.0,583.0,48.802499999999995,0.000962115563520537,0.04710417477271636,Low,,,,True
1258,14026,1.0,155.0,625.0,54.04,0.13780621052394848,8.76900594907809,Low,,,,True
1259,14028,1.0,52.0,550.0,3610.5,0.09584676047994069,385.0990869376714,VIP,,,,True
1260,14029,1.0,81.0,144.0,20.19,0.6527049919681108,16.969581382022803,Medium,,,,True
1261,14030,16.0,720.0,738.0,185.476875,1.873337425224204,343.540383768678,VIP,,,,False
1262,14031,39.0,729.0,736.0,83.8576923076923,4.496455450600472,371.14113723221004,VIP,,,,False
1263,14032,23.0,723.0,725.0,21.445652173913043,2.7178603476227243,57.80828645189275,High,,,,False
1264,14034,1.0,135.0,157.0,137.82,0.6456082021245396,101.22656554478954,VIP,,,,True
1265,14035,9.0,584.0,612.0,37.474444444444444,1.2816475974979225,48.1642250897171,High,,,,False
1266,14037,6.0,556.0,732.0,28.545,0.6953524358416562,20.220100327857157,Medium,,,,True
1267,14038,7.0,595.0,673.0,47.675714285714285,0.9147262525418318,43.90423881648847,High,,,,True
1268,14039,1.0,542.0,575.0,12.2,0.21872382908227284,3.743139888955692,Low,,,,True
1269,14040,33.0,698.0,738.0,84.36515151515152,3.749035356858233,311.5463719005753,VIP,,,,False
1270,14043,1.0,238.0,729.0,55.77,0.13360050774606938,8.758326318386926,Low,,,,True
1271,14044,8.0,658.0,684.0,236.24875,1.0369350168896763,244.17757999170817,VIP,,,,False
1272,14045,16.0,591.0,700.0,9.35375,1.8160094959980606,17.134645158470555,Medium,,,,False
1273,14047,15.0,668.0,676.0,38.99533333333333,1.9130272411425626,74.11721391966977,High,,,,False
1274,14048,2.0,105.0,382.0,96.81,0.3168039479144568,32.48435031308411,Medium,,,,True
1275,14049,9.0,601.0,617.0,312.46,1.2759404337317755,396.50362143254955,VIP,,,,False
1276,14050,1.0,75.0,106.0,28.52,0.8362640703925159,29.488160427073154,Medium,,,,True
1277,14051,39.0,736.0,736.0,36.1774358974359,4.501928380678151,160.5166230723927,VIP,,,,False
1278,14052,1.0,371.0,390.0,161.4,0.31013154543862487,56.75499215608575,High,,,,True
1279,14053,3.0,362.0,486.0,3.1566666666666667,0.5612150575716078,2.417501731408485,Low,,,,True
1280,14055,2.0,617.0,723.0,64.89,0.2884328110167593,19.98149543728648,Medium,,,,True
1281,14056,23.0,283.0,284.0,123.41173913043477,6.259142405351589,762.071373423107,VIP,,,,False
1282,14057,19.0,713.0,736.0,45.067894736842106,2.215401904672265,98.86227399116174,VIP,,,,False
1283,14058,1.0,68.0,530.0,16.29,0.11789640965160773,2.553758403422075,Low,,,,True
1284,14060,29.0,634.0,638.0,13.531379310344828,3.836949649258647,51.523594989441364,High,,,,False
1285,14061,2.0,231.0,738.0,41.075,0.1733658314325998,7.70813523344224,Low,,,,True
1286,14062,22.0,720.0,729.0,44.46272727272728,2.5860600229475814,113.70349489645946,VIP,,,,False
1287,14063,9.0,301.0,731.0,4431.678888888889,0.03878801831180591,170.7765949258448,VIP,,,,True
1288,14064,15.0,658.0,687.0,21.984666666666666,1.8752885392339655,41.133259831538666,High,,,,False
1289,14065,3.0,42.0,431.0,41.11666666666667,0.043721410017318114,1.882192772869032,Low,,,,True
1290,14067,1.0,33.0,96.0,49.36,0.8239832022393084,48.14937668425249,High,,,,True
1291,14068,4.0,357.0,677.0,97.35,0.41372250815658634,41.02117420450795,High,,,,True
1292,14069,1.0,47.0,561.0,85.89,0.08761658252200115,8.67801071598331,Low,,,,True
1293,14071,7.0,261.0,264.0,108.60714285714286,2.1311932211304296,231.79261150264233,VIP,,,,False
1294,14073,1.0,11.0,32.0,5.75,1.5386413636128689,15.29980269213528,Medium,,,,False
1295,14075,5.0,537.0,541.0,34.88,0.838049677114209,29.888587937985882,Medium,,,,True
1296,14077,5.0,355.0,395.0,22.394,1.095206298833304,25.329239176550516,Medium,,,,False
1297,14078,8.0,520.0,621.0,29.642500000000002,1.0938496747352187,32.698839021106195,Medium,,,,False
1298,14079,1.0,558.0,682.0,39.28,0.18324381526329603,8.653140872296799,Low,,,,True
1299,14080,4.0,705.0,737.0,144.875,0.5145413089643499,75.72091168374519,High,,,,True
1300,14081,9.0,462.0,729.0,223.22555555555556,0.6541300617199696,145.286496398836,VIP,,,,True
1301,14082,1.0,28.0,392.0,75.04,0.13470006117455618,11.71660273146028,Medium,,,,True
1302,14083,9.0,717.0,721.0,55.83111111111111,1.1076588235243598,61.824458624851,High,,,,False
1303,14085,29.0,729.0,731.0,92.42172413793104,3.3841497398125173,308.246791051911,VIP,,,,False
1304,14087,2.0,733.0,735.0,154.78,0.290191709647864,47.28331683941879,High,,,,True
1305,14088,16.0,411.0,421.0,296.7625,3.122966201160315,915.9685876600925,VIP,,,,False
1306,14091,1.0,44.0,698.0,22.44,0.054882602633161005,1.5640802712115731,Low,,,,True
1307,14092,24.0,716.0,723.0,46.727916666666665,2.8381071467047794,131.02927414301317,VIP,,,,False
1308,14096,16.0,97.0,101.0,2584.6324999999997,9.56138588724971,24411.653607060187,VIP,,,,False
1309,14097,1.0,164.0,645.0,63.09,0.13502437494740724,9.950616311804952,Low,,,,True
1310,14099,19.0,713.0,729.0,65.43157894736842,2.2389260940144187,144.88912435298639,VIP,,,,False
1311,14101,13.0,548.0,621.0,9.907692307692308,1.7491777090082012,17.57083298274016,Medium,,,,False
1312,14102,4.0,39.0,44.0,20.8325,4.150300475853139,90.7035518831654,VIP,,,,False
1313,14104,4.0,406.0,560.0,87.0675,0.6210580771354793,55.127769632040525,High,,,,True
1314,14105,8.0,636.0,721.0,96.22874999999999,0.9696822921194577,93.23578606812892,VIP,,,,True
1315,14107,12.0,679.0,730.0,53.889166666666675,1.422314827476625,76.26410725473251,High,,,,False
1316,14108,4.0,708.0,738.0,31.005000000000003,0.514087711310009,16.516650217256217,Medium,,,,True
1317,14109,1.0,49.0,72.0,16.35,1.0647915422476197,23.137981294384616,Medium,,,,False
1318,14110,33.0,735.0,738.0,32.60636363636364,3.8076372986988027,122.51430821712155,VIP,,,,False
1319,14111,4.0,227.0,241.0,9.1875,1.3766744232497876,13.887883465842357,Medium,,,,False
1320,14112,21.0,700.0,722.0,42.92809523809524,2.486072072884675,105.59089867263384,VIP,,,,False
1321,14113,25.0,729.0,732.0,16.0516,2.921943620583318,46.56650956302253,High,,,,False
1322,14114,6.0,333.0,606.0,36.303333333333335,0.5532658117072883,20.381179321204097,Medium,,,,True
1323,14115,1.0,165.0,666.0,41.879999999999995,0.12904247403106864,6.466681867050849,Low,,,,True
1324,14116,4.0,102.0,121.0,44.7775,2.2933073671989597,105.59541578289159,VIP,,,,False
1325,14119,2.0,364.0,718.0,21.659999999999997,0.24904505582927217,6.034850063202529,Low,,,,True
1326,14121,5.0,56.0,59.0,74.14,4.403703916330581,330.69419354374804,VIP,,,,False
1327,14122,4.0,343.0,737.0,14.757500000000002,0.3193968950809703,5.019165790948007,Low,,,,True
1328,14125,2.0,68.0,78.0,144.745,1.7145786748558909,261.47101798156734,VIP,,,,False
1329,14126,2.0,437.0,444.0,30.93,0.45884196889246337,15.550830706890949,Medium,,,,True
1330,14127,5.0,303.0,425.0,73.362,0.9554048218220602,70.99163597903268,High,,,,True
1331,14128,3.0,491.0,551.0,30.706666666666667,0.5194603706327938,16.84347637622798,Medium,,,,True
1332,14129,7.0,578.0,579.0,31.46142857142857,1.0724057163131875,34.13287270468726,High,,,,False
1333,14130,3.0,409.0,728.0,125.32000000000001,0.3422992656252037,44.15170470812036,High,,,,True
1334,14132,11.0,181.0,183.0,28.73818181818182,4.374536887863632,125.85083143232458,VIP,,,,False
1335,14133,4.0,604.0,733.0,27.840000000000003,0.5032427265072467,14.559181007912779,Medium,,,,True
1336,14134,10.0,347.0,729.0,57.939,0.07913620422987039,4.573853035080579,Low,,,,True
1337,14135,23.0,736.0,737.0,19.573478260869564,2.6770794103638704,52.00197063093663,High,,,,False
1338,14136,6.0,331.0,731.0,40.66833333333333,0.24424477315813142,10.06363115133355,Low,,,,True
1339,14137,1.0,14.0,695.0,2.08,0.03350350412499089,0.19638632165294626,Low,,,,True
1340,14138,1.0,62.0,63.0,42.59,1.1821761060773273,60.18270908106824,High,,,,False
1341,14139,3.0,496.0,542.0,28.78,0.5294153341563901,16.125261593119784,Medium,,,,True
1342,14140,2.0,28.0,31.0,27.03,2.6870657405679848,80.16087098338963,High,,,,False
1343,14141,5.0,103.0,105.0,20.95,3.131857994035797,67.89526989528518,High,,,,False
1344,14142,3.0,273.0,646.0,17.283333333333335,0.30191402986192656,5.653369931822493,Low,,,,True
1345,14145,7.0,564.0,610.0,14.935714285714287,1.011284778860673,15.521931309138445,Medium,,,,False
1346,14146,9.0,687.0,695.0,143.79666666666665,1.1452787904208543,164.00540689561066,VIP,,,,False
1347,14147,9.0,591.0,640.0,10.738888888888889,1.2224689385889376,13.47218530526823,Medium,,,,False
1348,14148,1.0,181.0,414.0,22.65,0.25340526295404414,7.280998499531151,Low,,,,True
1349,14149,2.0,8.0,220.0,20.39,0.22400413356866689,5.131871682172201,Low,,,,True
1350,14150,1.0,324.0,359.0,26.95,0.33125061805174977,11.101465222607741,Low,,,,True
1351,14151,2.0,43.0,716.0,33.11,0.021789338315978086,0.7879560646506842,Low,,,,True
1352,14152,7.0,584.0,659.0,24.42142857142857,0.9332619074040052,23.152255976315285,Medium,,,,True
1353,14154,6.0,456.0,695.0,180.9666666666667,0.6487461124770428,117.75446512684873,VIP,,,,True
1354,14156,147.0,729.0,738.0,245.77897959183676,16.69466526572114,4026.184166717908,VIP,,,,False
1355,14157,4.0,627.0,646.0,47.215,0.5824693452842723,28.252053017199845,Medium,,,,True
1356,14159,18.0,717.0,736.0,154.69833333333335,2.104322385746552,321.61883039723875,VIP,,,,False
1357,14160,6.0,88.0,698.0,20.355,0.0005690603876178439,0.011886766310116072,Low,,,,True
1358,14161,6.0,511.0,726.0,112.90166666666669,0.6659789148701667,75.54942491439091,High,,,,True
1359,14162,1.0,119.0,292.0,49.74,0.3416906034478507,20.109742712295226,Medium,,,,True
1360,14163,4.0,375.0,462.0,61.595,0.7659263800037872,48.277575833428656,High,,,,True
1361,14164,1.0,10.0,80.0,1.79,0.8598269407368639,4.763294060282879,Low,,,,True
1362,14166,1.0,121.0,626.0,82.1,0.12130093226820057,11.503100837630772,Medium,,,,True
1363,14167,7.0,642.0,681.0,60.30285714285714,0.9166580088788168,55.53934621847766,High,,,,True
1364,14168,2.0,144.0,564.0,10.399999999999999,0.19092681316711588,2.3864941013471817,Low,,,,True
1365,14169,1.0,14.0,444.0,64.45,0.085853681370418,6.4568815665203285,Low,,,,True
1366,14170,2.0,20.0,395.0,123.78,0.06963827012310593,9.097536531082696,Low,,,,True
1367,14171,1.0,632.0,730.0,167.41,0.17347788348372703,32.90551950215484,Medium,,,,True
1368,14172,2.0,37.0,642.0,84.77,0.02627219286913867,2.3642510184388157,Low,,,,True
1369,14173,4.0,720.0,730.0,36.115,0.5211115599826927,19.432416051591332,Medium,,,,True
1370,14175,15.0,576.0,627.0,94.84400000000001,2.0179166279360294,189.54355353699378,VIP,,,,False
1371,14176,4.0,84.0,381.0,28.0625,0.1365747298008009,3.9819880788044295,Low,,,,True
1372,14177,9.0,567.0,651.0,67.99888888888889,1.183968880087987,80.39526000492849,High,,,,False
1373,14178,6.0,174.0,182.0,79.97333333333334,2.4823056930895153,199.86310846898294,VIP,,,,False
1374,14179,1.0,12.0,52.0,77.27,1.189326519029201,106.41224030650977,VIP,,,,False
1375,14180,39.0,538.0,548.0,79.29307692307692,5.890491589954135,459.7698975689164,VIP,,,,False
1376,14181,1.0,152.0,562.0,15.65,0.1596752418934814,3.3451030484007482,Low,,,,True
1377,14182,4.0,153.0,596.0,48.66,0.09551776704693322,4.772432421065021,Low,,,,True
1378,14183,1.0,70.0,481.0,95.54,0.14094945388916302,15.472747227012238,Medium,,,,True
1379,14186,4.0,217.0,644.0,33.44,0.18575049290117232,6.424754638765088,Low,,,,True
1380,14188,9.0,302.0,310.0,12.334444444444445,2.3512996752183084,29.640097773815125,Medium,,,,False
1381,14189,23.0,386.0,388.0,26.31478260869565,4.786517276996519,124.7769863142077,VIP,,,,False
1382,14191,15.0,727.0,728.0,36.187333333333335,1.788123292695556,64.31635066118457,High,,,,False
1383,14193,2.0,329.0,396.0,57.205,0.49632985084150194,30.410012601875977,Medium,,,,True
1384,14194,41.0,725.0,729.0,77.4680487804878,4.76870613524963,363.57775916587184,VIP,,,,False
1385,14195,8.0,433.0,634.0,6.3525,0.8881306627658129,5.9666466507703015,Low,,,,True
1386,14198,12.0,699.0,703.0,37.02166666666667,1.4901067680643378,55.01328442491257,High,,,,False
1387,14199,5.0,312.0,530.0,14.709999999999999,0.6688734579191673,10.308364627777715,Low,,,,True
1388,14201,11.0,528.0,588.0,12.231818181818182,1.5841091171169273,19.65799021943355,Medium,,,,False
1389,14202,2.0,243.0,624.0,108.44,0.2456400749732724,28.163640281148716,Medium,,,,True
1390,14204,3.0,735.0,737.0,138.93333333333334,0.4033686017511459,57.63298662751865,High,,,,True
1391,14205,10.0,632.0,642.0,52.160000000000004,1.3607625180260072,70.84690743592083,High,,,,False
1392,14206,4.0,163.0,402.0,29.072499999999998,0.4925510928063053,14.863415935805024,Medium,,,,True
1393,14208,1.0,457.0,551.0,35.269999999999996,0.22344145112242822,9.555207670594722,Low,,,,True
1394,14209,18.0,722.0,732.0,67.23611111111111,2.1189856735196715,140.9680236787283,VIP,,,,False
1395,14210,19.0,611.0,702.0,53.93105263157895,2.178671386365016,116.27243740636419,VIP,,,,False
1396,14211,23.0,677.0,730.0,30.90608695652174,2.6468175636517857,80.97221838058738,High,,,,False
1397,14212,1.0,356.0,445.0,11.27,0.26955165996908315,4.334301594040824,Low,,,,True
1398,14213,1.0,33.0,404.0,24.45,0.1358538152367755,4.175330330655058,Low,,,,True
1399,14214,6.0,247.0,277.0,7.288333333333334,1.7509193285127056,13.694157492640592,Medium,,,,False
1400,14215,9.0,720.0,731.0,51.07555555555556,1.0923211800365078,55.80800865395328,High,,,,False
1401,14216,5.0,411.0,414.0,56.672000000000004,1.0652342431881543,61.30059410384173,High,,,,False
1402,14217,30.0,526.0,527.0,29.412666666666667,4.726378425519819,137.31999460634984,VIP,,,,False
1403,14219,2.0,489.0,493.0,45.235,0.4181480632486115,20.404296298275383,Medium,,,,True
1404,14220,3.0,322.0,569.0,38.74,0.43491916885990844,17.668015511739597,Medium,,,,True
1405,14221,15.0,693.0,735.0,77.36733333333333,1.7550519419899582,134.5430691032333,VIP,,,,False
1406,14223,3.0,172.0,264.0,52.01333333333334,0.9255119300269944,50.13679482611167,High,,,,True
1407,14224,8.0,434.0,544.0,93.88625,1.2069529644284815,113.23711208914162,VIP,,,,False
1408,14225,4.0,262.0,696.0,49.55,0.22257960658549078,11.321000889375586,Medium,,,,True
1409,14226,8.0,413.0,441.0,27.81625,1.5393342573847064,43.21898762068424,High,,,,False
1410,14227,16.0,643.0,669.0,58.756875,2.046688392140868,119.17597799271323,VIP,,,,False
1411,14228,2.0,109.0,546.0,65.235,0.15239072578466362,10.611898247255127,Low,,,,True
1412,14229,9.0,420.0,471.0,28.988888888888887,1.6029452064670626,46.726660958572396,High,,,,False
1413,14230,1.0,113.0,548.0,85.1,0.14462566323487838,14.197469889507094,Medium,,,,True
1414,14231,5.0,271.0,450.0,47.056,0.8025992043058287,38.43713013522431,High,,,,True
1415,14232,7.0,233.0,264.0,15.14857142857143,2.0951100878293034,32.60300573195365,Medium,,,,False
1416,14233,9.0,601.0,644.0,25.284444444444446,1.218082948850059,31.02480549594385,Medium,,,,False
1417,14234,3.0,35.0,57.0,10.936666666666667,2.756984989142575,33.77107791567469,Medium,,,,False
1418,14235,7.0,609.0,619.0,39.87285714285714,1.007053729680612,40.49986087534165,High,,,,False
1419,14236,6.0,425.0,505.0,16.786666666666665,1.0211516058699834,17.686344310392936,Medium,,,,False
1420,14237,2.0,217.0,590.0,33.324999999999996,0.24971661102978035,9.086357604388276,Low,,,,True
1421,14238,2.0,408.0,734.0,14.02,0.25373243816168445,4.12856712270371,Low,,,,True
1422,14239,22.0,691.0,734.0,35.301818181818184,2.5405026447429666,88.76100039833192,VIP,,,,False
1423,14240,2.0,393.0,423.0,72.235,0.47572650856942866,36.59792506984665,High,,,,True
1424,14241,1.0,513.0,696.0,19.55,0.17672894582701862,4.468670602058289,Low,,,,True
1425,14242,1.0,91.0,325.0,26.93,0.27802682009137797,9.311591190426029,Low,,,,True
1426,14243,22.0,468.0,476.0,45.13818181818181,3.817066007668083,170.37152169115228,VIP,,,,False
1427,14244,1.0,1.0,660.0,4.0,0.027223275851377397,0.21768827205827412,Low,,,,True
1428,14245,4.0,87.0,263.0,37.86,0.594192698281244,23.205951929819513,Medium,,,,True
1429,14246,2.0,135.0,245.0,77.735,0.6876294641975079,56.841840644149485,High,,,,True
1430,14247,5.0,273.0,551.0,69.69200000000001,0.49227037293233133,34.76391778538981,High,,,,True
1431,14248,2.0,197.0,515.0,42.92,0.2939610501249806,13.635259543071996,Medium,,,,True
1432,14249,7.0,269.0,679.0,147.90714285714287,0.09716326001008008,14.375134970696188,Medium,,,,True
1433,14250,1.0,82.0,89.0,95.66,0.9611525894629013,105.64835972705603,VIP,,,,True
1434,14251,4.0,56.0,57.0,20.575000000000003,3.683594360393759,79.54428720451703,High,,,,False
1435,14253,1.0,130.0,623.0,40.4,0.12691782105697968,6.151375361362051,Low,,,,True
1436,14256,7.0,440.0,694.0,53.220000000000006,0.6694163522040913,35.83109552250458,High,,,,True
1437,14257,9.0,597.0,648.0,52.553333333333335,1.2079248962211835,63.48781626159642,High,,,,False
1438,14258,28.0,726.0,735.0,43.08571428571428,3.2490219353305014,138.18312174019096,VIP,,,,False
1439,14260,1.0,77.0,548.0,63.36,0.11883029446955924,8.792909712172467,Low,,,,True
1440,14261,1.0,28.0,78.0,78.6,0.9548703203883316,86.84481833048471,VIP,,,,True
1441,14262,7.0,232.0,240.0,37.855714285714285,2.2993886641714116,87.85061075123714,VIP,,,,False
1442,14264,7.0,457.0,611.0,50.18142857142857,0.9279987425239868,46.86020087112012,High,,,,True
1443,14265,3.0,503.0,612.0,105.99000000000001,0.4650425454069066,50.809747005716844,High,,,,True
1444,14267,7.0,581.0,731.0,42.52285714285714,0.8143309973488299,34.90108316100411,High,,,,True
1445,14269,1.0,4.0,439.0,24.5,0.07113802840296944,2.1903035740866614,Low,,,,True
1446,14271,1.0,184.0,409.0,24.91,0.25823559541450664,8.06868295659228,Low,,,,True
1447,14272,3.0,509.0,582.0,37.78333333333333,0.49262846286346396,19.531379988395365,Medium,,,,True
1448,14273,3.0,191.0,242.0,19.69,1.0424910246240042,22.08216645907165,Medium,,,,False
1449,14275,4.0,212.0,607.0,8.5475,0.2195445950691405,2.0727392564368876,Low,,,,True
1450,14276,11.0,572.0,660.0,26.286363636363635,1.4039966517367046,36.9780022861741,High,,,,False
1451,14277,10.0,721.0,736.0,157.31199999999998,1.1982064819801146,187.38017783366894,VIP,,,,False
1452,14279,1.0,161.0,681.0,3.39,0.12321250843150863,0.9016906974815304,Low,,,,True
1453,14282,25.0,659.0,662.0,14.735199999999999,3.207211921693986,46.95419475871242,High,,,,False
1454,14283,3.0,106.0,569.0,14.0,0.08433994280280614,1.296661011204217,Low,,,,True
1455,14284,3.0,623.0,653.0,55.06666666666666,0.4488546188477269,25.7132296380209,Medium,,,,True
1456,14285,8.0,710.0,731.0,49.72,0.9762029094506515,48.684832675461834,High,,,,True
1457,14286,10.0,712.0,735.0,62.63099999999999,1.1978571464385197,74.80867810866434,High,,,,False
1458,14287,2.0,190.0,198.0,10.100000000000001,0.9038551674578402,11.015714836810892,Low,,,,True
1459,14288,1.0,1.0,213.0,12.75,0.246160717761595,4.363397147311737,Low,,,,True
1460,14289,5.0,281.0,289.0,34.368,1.4497573410088356,50.96069891769187,High,,,,False
1461,14290,13.0,720.0,731.0,43.433846153846154,1.5496851587913245,66.96874536210188,High,,,,False
1462,14291,15.0,729.0,730.0,76.298,1.783566185970894,134.84438901984538,VIP,,,,False
1463,14292,21.0,731.0,738.0,31.39857142857143,2.4442928710925673,76.0319913976072,High,,,,False
1464,14293,8.0,726.0,729.0,36.62375,0.9817198984488696,36.16658526888847,High,,,,True
1465,14295,7.0,691.0,731.0,36.82142857142857,0.8586580722500807,31.919001158551673,Medium,,,,True
1466,14296,2.0,161.0,574.0,29.01,0.20517206406868946,6.5430604094271505,Low,,,,True
1467,14297,4.0,257.0,274.0,28.5425,1.2374450078834907,36.6796617986711,High,,,,False
1468,14298,45.0,725.0,728.0,99.58577777777776,5.235316704835976,512.8327606239077,VIP,,,,False
1469,14299,37.0,729.0,737.0,30.89513513513514,4.262874361219855,129.89046610868323,VIP,,,,False
1470,14301,6.0,559.0,666.0,17.941666666666666,0.7914174855413204,14.62138801933553,Medium,,,,True
1471,14302,2.0,307.0,737.0,35.0,0.2177447670756718,8.302987922630841,Low,,,,True
1472,14303,1.0,27.0,434.0,12.2,0.11059320168658204,1.8926597443061663,Low,,,,True
1473,14304,4.0,348.0,570.0,55.61,0.5582602870618505,31.812446325048377,Medium,,,,True
1474,14305,3.0,64.0,135.0,35.83,1.454650581818392,54.77670663777533,High,,,,False
1475,14306,6.0,626.0,677.0,25.44333333333333,0.7972257319665472,20.709615905865565,Medium,,,,True
1476,14307,9.0,644.0,732.0,74.63444444444445,1.0653076099083267,79.3598749045635,High,,,,False
1477,14309,11.0,542.0,550.0,35.91,1.7166567423392842,61.58504667879317,High,,,,False
1478,14311,2.0,342.0,567.0,73.885,0.33302235548033315,26.191904894253298,Medium,,,,True
1479,14312,10.0,458.0,504.0,53.751999999999995,1.6726172904359167,89.72573872297683,VIP,,,,False
1480,14314,2.0,324.0,430.0,4.640000000000001,0.45341053672834963,2.9461823117815458,Low,,,,True
1481,14315,9.0,613.0,634.0,46.84444444444445,1.2431543775030267,58.289221920059234,High,,,,False
1482,14316,3.0,208.0,630.0,7.793333333333334,0.22175059970742497,2.004563099304496,Low,,,,True
1483,14319,1.0,304.0,728.0,49.47,0.14679445786168144,8.595039570225332,Low,,,,True
1484,14320,6.0,481.0,687.0,44.75,0.6988567099418022,31.64777000643031,Medium,,,,True
1485,14321,7.0,463.0,473.0,36.99714285714286,1.2850179090934668,47.993897337015376,High,,,,False
1486,14322,5.0,232.0,659.0,11.58,0.1453065700845756,1.7827055943798653,Low,,,,True
1487,14323,3.0,124.0,238.0,27.55333333333333,0.9302188714775035,27.169528700637187,Medium,,,,True
1488,14324,1.0,284.0,693.0,52.02,0.15292837993401492,9.387781695397585,Low,,,,True
1489,14326,3.0,298.0,532.0,30.643333333333334,0.4608053110862056,14.911820023100676,Medium,,,,True
1490,14327,5.0,537.0,700.0,40.662,0.6233667440296227,25.850976628747457,Medium,,,,True
1491,14328,2.0,26.0,456.0,445.055,0.055049813039205905,25.62024008720073,Medium,,,,True
1492,14329,26.0,715.0,723.0,69.28269230769232,3.068658958547011,209.7517712453918,VIP,,,,False
1493,14331,1.0,11.0,135.0,19.75,0.5190177034523289,13.239992218097974,Medium,,,,True
1494,14332,4.0,394.0,416.0,27.645,0.8646286472427959,24.84444664451999,Medium,,,,True
1495,14333,1.0,3.0,67.0,38.75,0.9455195949372908,44.09738521242934,High,,,,True
1496,14334,13.0,552.0,568.0,58.14153846153847,1.951850945233172,112.7505040261363,VIP,,,,False
1497,14335,1.0,80.0,96.0,44.66,0.9077226072171583,48.29880149865592,High,,,,True
1498,14336,3.0,260.0,276.0,30.736666666666668,0.9598824217006189,31.154364715161012,Medium,,,,True
1499,14338,4.0,378.0,536.0,32.2275,0.6395985856474175,21.339164954536585,Medium,,,,True
1500,14339,3.0,194.0,428.0,11.729999999999999,0.4901954997698792,6.4007774298956335,Low,,,,True
1501,14341,13.0,693.0,738.0,50.04230769230769,1.5230227208784644,75.77422248575797,High,,,,False
1502,14342,7.0,451.0,472.0,11.722857142857142,1.2833928854228231,15.586728119936796,Medium,,,,False
1503,14343,3.0,269.0,690.0,134.41,0.25553787397574984,35.331431675117614,High,,,,True
1504,14344,19.0,499.0,626.0,35.265263157894736,1.9272041435885348,67.36519528161242,High,,,,False
1505,14346,3.0,377.0,497.0,132.49,0.5524862451849163,75.30652169551179,High,,,,True
1506,14350,3.0,160.0,430.0,33.81666666666667,0.401524176839302,14.293976286665107,Medium,,,,True
1507,14352,2.0,116.0,273.0,74.275,0.5718005111207184,45.20524013801449,High,,,,True
1508,14353,2.0,216.0,431.0,8.094999999999999,0.4014394992542652,4.053683696855223,Low,,,,True
1509,14354,1.0,25.0,30.0,3.59,1.6382842516826452,12.355577893115512,Medium,,,,False
1510,14355,2.0,262.0,627.0,48.364999999999995,0.25585555213776257,13.319282064011501,Medium,,,,True
1511,14356,3.0,21.0,81.0,23.263333333333332,1.8525059287529737,45.999119066375776,High,,,,False
1512,14358,2.0,293.0,682.0,19.895,0.2396065731613818,5.365491622943401,Low,,,,True
1513,14359,5.0,68.0,87.0,22.997999999999998,3.443761801328287,81.74035131185713,High,,,,False
1514,14360,2.0,63.0,94.0,100.74499999999999,1.484151862016407,158.27890080762617,VIP,,,,False
1515,14363,1.0,49.0,451.0,11.32,0.13270823869917822,2.141281161669936,Low,,,,True
1516,14364,6.0,103.0,211.0,29.638333333333332,1.3904123985136942,41.953973293042104,High,,,,False
1517,14365,1.0,287.0,681.0,56.45,0.15696652246621792,10.408803788540824,Low,,,,True
1518,14367,12.0,268.0,276.0,118.66833333333334,3.406400033176076,401.14569371818675,VIP,,,,False
1519,14369,1.0,19.0,661.0,52.11,0.041461744227302755,2.54935538681574,Low,,,,True
1520,14370,7.0,226.0,676.0,37.88428571428572,0.035579539102092696,1.3603153839597466,Low,,,,True
1521,14372,2.0,282.0,725.0,79.83500000000001,0.211250426431349,17.924226294128086,Medium,,,,True
1522,14375,2.0,356.0,541.0,172.59,0.35682020253137614,64.76185409896232,High,,,,True
1523,14377,1.0,71.0,262.0,85.25,0.33841160482334137,33.278294553115586,Medium,,,,True
1524,14379,3.0,436.0,480.0,101.73,0.5902619613368286,61.92518407728969,High,,,,True
1525,14380,1.0,79.0,682.0,148.69,0.08161896446389981,13.782839747965001,Medium,,,,True
1526,14381,1.0,399.0,451.0,91.16,0.27018022202476544,28.343388615012127,Medium,,,,True
1527,14382,1.0,364.0,390.0,201.37,0.309415466646137,70.3746670126944,High,,,,True
1528,14383,2.0,125.0,163.0,66.915,1.0218429187103466,72.9499220040031,High,,,,False
1529,14385,2.0,14.0,23.0,8.83,2.9281853856940527,31.816058500445173,Medium,,,,False
1530,14387,2.0,77.0,109.0,151.675,1.352590186776282,216.03153497567402,VIP,,,,False
1531,14388,19.0,680.0,688.0,57.817894736842106,2.3661565890033853,135.35099462797353,VIP,,,,False
1532,14389,10.0,721.0,729.0,21.436999999999998,1.2103622422638232,26.124525371202694,Medium,,,,False
1533,14390,11.0,415.0,425.0,110.49000000000001,2.1617741677575206,237.33244298192238,VIP,,,,False
1534,14395,20.0,598.0,600.0,103.566,2.8244113663117005,288.9183430306731,VIP,,,,False
1535,14396,5.0,672.0,737.0,112.90799999999999,0.6229964447664698,71.02927287753309,High,,,,True
1536,14397,22.0,213.0,213.0,7.8518181818181825,7.588853190202215,59.81949548246905,High,,,,False
1537,14398,1.0,126.0,527.0,98.1,0.1614478502204362,18.182440024795973,Medium,,,,True
1538,14399,7.0,280.0,674.0,57.097142857142856,0.12888145068885418,7.396792063321804,Low,,,,True
1539,14400,4.0,490.0,631.0,23.66,0.569266652070102,14.065500293682803,Medium,,,,True
1540,14401,24.0,721.0,725.0,18.9725,2.8323311560478164,53.312765107734236,High,,,,False
1541,14403,8.0,509.0,639.0,24.6775,1.038740958692593,25.919518800119583,Medium,,,,False
1542,14404,11.0,686.0,719.0,48.81181818181819,1.3351107351603573,64.96722621684506,High,,,,False
1543,14407,8.0,169.0,276.0,26.50625,1.6562120657699895,44.34238121836833,High,,,,False
1544,14408,10.0,722.0,732.0,22.588,1.2053478972835094,27.39267040987402,Medium,,,,False
1545,14409,7.0,496.0,567.0,28.141428571428573,1.068277091068879,30.464707006577818,Medium,,,,False
1546,14410,9.0,422.0,437.0,120.18333333333334,1.741341333326004,208.51738835487924,VIP,,,,False
1547,14412,3.0,389.0,424.0,35.93,0.6603698638611224,24.93304541902681,Medium,,,,True
1548,14413,3.0,327.0,689.0,191.78333333333333,0.31798652783645104,62.585303367064796,High,,,,True
1549,14414,8.0,283.0,374.0,11.5825,1.6402932938014592,19.556595682332258,Medium,,,,False
1550,14415,22.0,722.0,723.0,174.30318181818183,2.609564575237891,448.7030503574295,VIP,,,,False
1551,14416,1.0,20.0,42.0,7.62,1.383099441805594,16.629012204980967,Medium,,,,False
1552,14418,2.0,105.0,108.0,120.715,1.408497280512497,179.51995466155313,VIP,,,,False
1553,14419,6.0,372.0,382.0,84.93166666666667,1.346486207653901,115.08558755429233,VIP,,,,False
1554,14420,6.0,606.0,691.0,35.255,0.7738698956996654,27.69635255945868,Medium,,,,True
1555,14421,6.0,634.0,691.0,25.651666666666667,0.7811665882172888,20.45518907248131,Medium,,,,True
1556,14422,20.0,722.0,722.0,79.6125,2.381572653170903,187.3587398048254,VIP,,,,False
1557,14423,3.0,476.0,694.0,12.24,0.3938648570458173,5.3478591883058115,Low,,,,True
1558,14425,4.0,310.0,737.0,21.895000000000003,0.2658120621817412,6.093731993117352,Low,,,,True
1559,14426,21.0,627.0,645.0,99.27952380952381,2.761210802893226,270.6830202634794,VIP,,,,False
1560,14427,3.0,581.0,631.0,109.73333333333335,0.4610359765171484,52.13329716440735,High,,,,True
1561,14428,6.0,318.0,325.0,78.48333333333333,1.5497143980924406,122.46258068640745,VIP,,,,False
1562,14430,3.0,96.0,607.0,34.06666666666666,0.05322240739618934,1.9082383152065248,Low,,,,True
1563,14431,4.0,389.0,687.0,61.4775,0.43900310969122036,27.61863263630932,Medium,,,,True
1564,14432,5.0,80.0,89.0,97.976,3.4557615913339035,342.22001093342556,VIP,,,,False
1565,14434,5.0,51.0,72.0,8.148,3.8103921463687955,33.62080937240314,Medium,,,,False
1566,14436,1.0,455.0,553.0,19.060000000000002,0.22243793573581327,5.503295678588022,Low,,,,True
1567,14437,6.0,440.0,583.0,30.50666666666667,0.8572711422935357,26.610475648537253,Medium,,,,True
1568,14439,4.0,368.0,687.0,120.64999999999999,0.4149816896811706,50.91392840505861,High,,,,True
1569,14440,12.0,729.0,737.0,45.53916666666667,1.4252290459602994,64.63735772893895,High,,,,False
1570,14441,17.0,690.0,690.0,56.461176470588235,2.121362527732538,118.63760944458267,VIP,,,,False
1571,14442,10.0,689.0,690.0,130.078,1.275149266473617,164.9604353260728,VIP,,,,False
1572,14443,6.0,326.0,379.0,41.20166666666667,1.327221134896794,55.394611834706396,High,,,,False
1573,14446,4.0,386.0,386.0,127.4875,0.92940212738699,120.4499440599221,VIP,,,,True
1574,14447,4.0,382.0,400.0,45.09,0.8960367650270107,41.53840545764089,High,,,,True
1575,14448,1.0,355.0,364.0,7.9,0.330369860644436,4.074393516377359,Low,,,,True
1576,14449,6.0,418.0,436.0,131.14333333333335,1.1958136099144647,157.471975696068,VIP,,,,False
1577,14450,6.0,430.0,610.0,32.288333333333334,0.786305505224858,25.808639302892814,Medium,,,,True
1578,14451,12.0,631.0,691.0,89.36083333333333,1.4892673448185498,132.15872970744167,VIP,,,,False
1579,14452,3.0,511.0,521.0,112.54333333333334,0.5536713475513112,64.19659252651337,High,,,,True
1580,14454,4.0,357.0,733.0,83.3575,0.34444145386394354,29.282930094624103,Medium,,,,True
1581,14455,4.0,63.0,495.0,23.54,0.018533664599975984,0.45568830942027705,Low,,,,True
1582,14456,7.0,137.0,142.0,228.55714285714285,3.4496367692558567,787.8561823609023,VIP,,,,False
1583,14459,2.0,496.0,651.0,81.875,0.3113980436895091,27.083562432172243,Medium,,,,True
1584,14460,10.0,614.0,724.0,4.447,1.16771922430881,5.521552020273926,Low,,,,False
1585,14461,11.0,542.0,690.0,187.04636363636365,1.2432538979165035,230.8131817443575,VIP,,,,False
1586,14462,11.0,369.0,432.0,61.89818181818182,2.0532690246140137,126.54338873816533,VIP,,,,False
1587,14463,3.0,401.0,499.0,11.953333333333333,0.5578016705632655,7.410654497931954,Low,,,,True
1588,14464,1.0,59.0,627.0,13.5,0.08034184372118376,1.4910555555711638,Low,,,,True
1589,14465,9.0,455.0,701.0,53.14888888888889,0.7384923676110786,39.25155591281859,High,,,,True
1590,14466,12.0,697.0,726.0,44.3975,1.4390501691860207,63.637529426485784,High,,,,False
1591,14467,11.0,720.0,737.0,63.49272727272727,1.309587822521249,82.7783056199743,VIP,,,,False
1592,14469,3.0,263.0,679.0,155.53666666666666,0.2577474987266667,41.1944061205625,High,,,,True
1593,14470,2.0,419.0,430.0,104.035,0.4715614025449212,51.902668705598686,High,,,,True
1594,14471,1.0,141.0,732.0,57.82,0.1021937982265725,6.932351088527134,Low,,,,True
1595,14472,8.0,586.0,689.0,88.47625,0.9994399526742723,88.38719402813102,VIP,,,,True
1596,14473,1.0,208.0,282.0,20.25,0.3962245635722971,10.327436499571924,Low,,,,True
1597,14474,2.0,536.0,579.0,99.63,0.3583403389374017,37.79579722995863,High,,,,True
1598,14475,6.0,337.0,408.0,27.265,1.230077973215095,34.1953530651445,High,,,,False
1599,14477,9.0,697.0,716.0,3.251111111111111,1.111892663097478,3.9828185421371436,Low,,,,False
1600,14478,3.0,356.0,738.0,32.04666666666667,0.3013893091204926,10.184629050046954,Low,,,,True
1601,14479,3.0,480.0,733.0,108.77,0.36756948076777224,41.202692114797756,High,,,,True
1602,14480,4.0,707.0,718.0,31.2725,0.5291031177968777,17.142059852181358,Medium,,,,True
1603,14481,5.0,513.0,677.0,130.52,0.6398787475707827,84.2700318449624,VIP,,,,True
1604,14482,9.0,452.0,470.0,60.349999999999994,1.6307654793904276,98.34378200090458,VIP,,,,False
1605,14483,2.0,587.0,736.0,10.31,0.2803226594997645,3.47758581301037,Low,,,,True
1606,14484,3.0,672.0,722.0,22.643333333333334,0.40760395114482734,9.862133461026124,Low,,,,True
1607,14486,1.0,42.0,553.0,5.85,0.08502517590059168,0.85478835421561,Low,,,,True
1608,14487,5.0,353.0,379.0,72.958,1.1421275673614595,84.4031680881769,VIP,,,,False
1609,14488,1.0,16.0,67.0,11.7,1.0196418709514428,16.88476121011018,Medium,,,,False
1610,14489,3.0,405.0,612.0,55.35333333333333,0.4372061439339245,25.173889759906025,Medium,,,,True
1611,14490,1.0,22.0,428.0,88.92,0.10550019835479169,10.804817675930359,Low,,,,True
1612,14491,1.0,197.0,372.0,60.62,0.29284589765260954,20.777436788325772,Medium,,,,True
1613,14492,9.0,189.0,619.0,44.022222222222226,0.005066595740606427,0.22335864709868303,Low,,,,True
1614,14493,13.0,634.0,641.0,74.8876923076923,1.7511270109426944,130.16773082115867,VIP,,,,False
1615,14494,2.0,706.0,731.0,13.84,0.29056084200289645,4.673319422145484,Low,,,,True
1616,14495,3.0,609.0,659.0,6.8500000000000005,0.44316396168151223,3.5794145051760275,Low,,,,True
1617,14496,9.0,322.0,633.0,41.605555555555554,0.23899772372585376,9.96233049064058,Low,,,,True
1618,14497,2.0,372.0,673.0,73.89,0.27489093851773244,21.62124763950574,Medium,,,,True
1619,14498,9.0,508.0,550.0,105.15222222222222,1.4047951673018384,147.2397049998061,VIP,,,,False
1620,14499,9.0,443.0,469.0,66.46777777777778,1.6292907453534962,108.15691567549828,VIP,,,,False
1621,14500,2.0,101.0,189.0,7.425,0.8482794143290231,7.973913450232017,Low,,,,True
1622,14501,2.0,255.0,319.0,6.590000000000001,0.5955072035866845,5.0795522546273855,Low,,,,True
1623,14502,9.0,294.0,313.0,152.71444444444444,2.3200082262029103,352.79072127424763,VIP,,,,False
1624,14503,5.0,175.0,178.0,61.653999999999996,2.145782330369381,134.22207941321767,VIP,,,,False
1625,14504,3.0,231.0,278.0,90.42,0.9371711273679634,87.50409284753644,VIP,,,,True
1626,14505,18.0,713.0,730.0,249.14555555555555,2.1213189739352996,521.9323478031081,VIP,,,,False
1627,14506,6.0,582.0,599.0,232.31166666666664,0.8990236206267507,209.3468610869672,VIP,,,,True
1628,14507,10.0,706.0,729.0,84.74,1.2069841600456288,101.85275471088707,VIP,,,,False
1629,14508,3.0,518.0,540.0,131.38333333333333,0.5345525441099853,72.25812334626175,High,,,,True
1630,14510,1.0,61.0,436.0,95.11,0.15521742239793748,16.964866941099842,Medium,,,,True
1631,14511,5.0,122.0,133.0,32.989999999999995,2.6436236685993246,89.27224999109234,VIP,,,,False
1632,14512,6.0,545.0,732.0,36.501666666666665,0.6874490695626235,25.460442113714734,Medium,,,,True
1633,14513,6.0,468.0,568.0,7.94,0.9113413949886282,7.721454304447141,Low,,,,True
1634,14514,8.0,665.0,726.0,90.285,0.9725680972356525,87.76107220333802,VIP,,,,True
1635,14515,9.0,533.0,550.0,51.65777777777778,1.4163996918447666,73.18536316010447,High,,,,False
1636,14517,1.0,108.0,141.0,20.95,0.6899492965606562,18.520959713249155,Medium,,,,True
1637,14519,1.0,45.0,728.0,46.39,0.050964304478374876,2.809512987623049,Low,,,,True
1638,14520,1.0,289.0,290.0,11.18,0.4023092400090185,6.428857179117168,Low,,,,True
1639,14521,1.0,14.0,491.0,7.050000000000001,0.07023201247506655,0.7997750038233109,Low,,,,True
1640,14522,7.0,660.0,684.0,14.305714285714286,0.9161192492874586,13.485677330496213,Medium,,,,True
1641,14524,7.0,385.0,416.0,125.83428571428571,1.429168090633375,179.98807048552666,VIP,,,,False
1642,14525,18.0,718.0,726.0,83.18055555555556,2.1360292313390112,175.71144693821523,VIP,,,,False
1643,14527,135.0,735.0,737.0,110.13148148148149,15.403370350491572,1664.885543560577,VIP,,,,False
1644,14529,2.0,50.0,110.0,165.47,1.2517188810028914,217.9142096373799,VIP,,,,False
1645,14530,16.0,662.0,687.0,104.109375,1.9979665053651108,205.8331790583514,VIP,,,,False
1646,14532,10.0,462.0,698.0,136.89100000000002,0.7866160940904082,107.07783940300422,VIP,,,,True
1647,14533,13.0,586.0,610.0,12.305384615384614,1.8250301280529104,22.6620944483509,Medium,,,,False
1648,14534,27.0,632.0,634.0,91.03703703703704,3.5994263933940567,323.0772426226924,VIP,,,,False
1649,14535,9.0,594.0,653.0,238.67999999999998,1.1958581013083938,283.9680784049931,VIP,,,,False
1650,14537,2.0,566.0,623.0,17.790000000000003,0.3341981553146871,6.750680782616629,Low,,,,True
1651,14538,4.0,619.0,683.0,50.9575,0.5478394223616856,28.643575533725134,Medium,,,,True
1652,14539,1.0,29.0,44.0,50.29,1.3790022908118857,82.011863468467,High,,,,False
1653,14540,10.0,723.0,732.0,97.2,1.2055517437350802,116.63418342295272,VIP,,,,False
1654,14541,12.0,643.0,701.0,35.205000000000005,1.471470872558943,51.678525679140414,High,,,,False
1655,14543,43.0,735.0,738.0,42.769767441860466,4.9423587853003665,208.16304080362818,VIP,,,,False
1656,14544,2.0,446.0,470.0,130.985,0.43421924980661813,59.98587571601801,High,,,,True
1657,14546,11.0,729.0,733.0,177.18818181818182,1.3191936442906793,232.02329100390563,VIP,,,,False
1658,14547,7.0,51.0,54.0,110.41428571428571,6.269514529663485,693.2467812088555,VIP,,,,False
1659,14548,5.0,583.0,733.0,36.396,0.6051468996493559,22.503221990644306,Medium,,,,True
1660,14549,3.0,426.0,737.0,92.51333333333334,0.3440653129871695,32.85949300426657,Medium,,,,True
1661,14550,3.0,473.0,483.0,61.623333333333335,0.592708260514184,37.92062431309313,High,,,,True
1662,14551,6.0,663.0,681.0,38.64333333333334,0.7989916497803299,31.3028894893896,Medium,,,,True
1663,14552,2.0,441.0,592.0,103.115,0.3383682198951046,36.91792782055516,High,,,,True
1664,14553,7.0,490.0,509.0,88.52,1.2003279644896916,106.50261504604558,VIP,,,,False
1665,14554,3.0,42.0,52.0,144.86666666666667,2.967977936017931,442.0934891001989,VIP,,,,False
1666,14555,5.0,664.0,721.0,85.458,0.6369409650534971,55.06337856485625,High,,,,True
1667,14556,2.0,92.0,688.0,158.76,0.0661870491288877,11.058896811389532,Low,,,,True
1668,14557,1.0,21.0,85.0,25.44,0.8681914452779468,27.64101840156308,Medium,,,,True
1669,14558,4.0,85.0,738.0,33.05,0.005351805243595615,0.18299952440329778,Low,,,,True
1670,14560,39.0,730.0,737.0,21.38948717948718,4.490783641068943,94.81638126537298,VIP,,,,False
1671,14561,2.0,109.0,184.0,51.94,0.8880052132502244,49.538044451846275,High,,,,True
1672,14562,23.0,667.0,670.0,84.06391304347827,2.923579711307289,242.58505312554905,VIP,,,,False
1673,14563,1.0,83.0,592.0,117.07,0.1083514271970165,14.487924748381463,Medium,,,,True
1674,14564,4.0,308.0,735.0,68.8775,0.264604543436133,18.624901699291847,Medium,,,,True
1675,14565,5.0,378.0,473.0,100.768,0.907307633284733,92.38553308823109,VIP,,,,True
1676,14566,3.0,423.0,533.0,5.6866666666666665,0.5239487467654009,3.6098558457892445,Low,,,,True
1677,14567,2.0,95.0,130.0,31.875,1.2002629823905282,41.86311680532929,High,,,,False
1678,14568,1.0,11.0,435.0,0.85,0.08436316216012729,0.3791426743465412,Low,,,,True
1679,14569,3.0,602.0,603.0,23.036666666666665,0.485603483359738,11.944356150205785,Medium,,,,True
1680,14570,1.0,163.0,443.0,97.79,0.22602153619188137,25.37705169521216,Medium,,,,True
1681,14572,9.0,618.0,621.0,165.35444444444445,1.2717099105681808,209.34569005239052,VIP,,,,False
1682,14573,10.0,521.0,700.0,130.223,1.0603983381001836,137.33154618496627,VIP,,,,False
1683,14577,6.0,716.0,728.0,71.03,0.751948147915581,53.8144700672913,High,,,,True
1684,14581,1.0,528.0,544.0,26.91,0.23088709015285336,7.727515418061344,Low,,,,True
1685,14583,7.0,616.0,621.0,124.64285714285714,1.0050317531360413,125.37703680876496,VIP,,,,False
1686,14584,8.0,491.0,660.0,63.8675,0.9554913778071147,61.10316785093073,High,,,,True
1687,14585,4.0,366.0,416.0,39.67,0.855096170091816,34.95835148422302,High,,,,True
1688,14586,2.0,49.0,276.0,2.0749999999999997,0.33785264934968334,1.2923588150157244,Low,,,,True
1689,14587,8.0,313.0,331.0,93.52125000000001,1.9823718066787148,185.27073773021814,VIP,,,,False
1690,14590,18.0,308.0,732.0,44.46388888888889,0.0001601745086733896,0.007056276014117145,Low,,,,True
1691,14591,1.0,198.0,213.0,347.02,0.5143044217000856,200.26866247007004,VIP,,,,True
1692,14592,2.0,29.0,64.0,101.84,1.8034718224251924,194.39567631063233,VIP,,,,False
1693,14593,7.0,709.0,730.0,201.46,0.8631603546436574,173.79818847999837,VIP,,,,True
1694,14594,1.0,366.0,373.0,75.99000000000001,0.32364146953700595,28.493183665924853,Medium,,,,True
1695,14595,7.0,669.0,688.0,45.69714285714286,0.912129508724318,41.979911560588185,High,,,,True
1696,14597,4.0,426.0,437.0,43.9475,0.8306149245515583,37.54676669981604,High,,,,True
1697,14598,1.0,525.0,569.0,76.08,0.22022444349943432,19.41015897981541,Medium,,,,True
1698,14599,1.0,119.0,509.0,129.18,0.16567145035767414,24.383104466305685,Medium,,,,True
1699,14600,1.0,88.0,393.0,134.07,0.2124937799479898,32.42991751884554,Medium,,,,True
1700,14605,2.0,357.0,731.0,133.69,0.24040842920292202,33.88874234752652,High,,,,True
1701,14606,181.0,735.0,736.0,101.4353591160221,20.660270936126118,2056.212764334671,VIP,,,,False
1702,14607,15.0,709.0,724.0,41.38333333333333,1.7928874240237156,73.69312864775812,High,,,,False
1703,14608,10.0,729.0,733.0,16.824,1.2049962757751886,20.49403945590339,Medium,,,,False
1704,14609,10.0,596.0,668.0,0.308,1.2852909355649045,0.7997647615176718,Low,,,,False
1705,14610,1.0,119.0,514.0,10.9,0.16329033458759815,2.5584664469340135,Low,,,,True
1706,14611,2.0,159.0,598.0,25.925,0.18604481759760694,5.335036931578412,Low,,,,True
1707,14615,5.0,154.0,548.0,20.892000000000003,0.08165209558822757,1.7652311911094645,Low,,,,True
1708,14616,4.0,306.0,548.0,3.8175,0.5399099899757873,2.5174536961769425,Low,,,,True
1709,14617,1.0,13.0,415.0,10.280000000000001,0.09609734504932557,1.4394397324580455,Low,,,,True
1710,14618,7.0,537.0,546.0,29.58857142857143,1.1294299529365803,33.838562753694774,High,,,,False
1711,14619,2.0,302.0,541.0,52.45,0.33876607080756765,19.077445133301843,Medium,,,,True
1712,14620,2.0,79.0,283.0,10.565,0.44457920284367813,5.633612550296791,Low,,,,True
1713,14621,14.0,737.0,738.0,34.910000000000004,1.6520468490084308,57.394039876665786,High,,,,False
1714,14623,11.0,570.0,602.0,62.11818181818182,1.5709997874649355,97.162528769676,VIP,,,,False
1715,14624,5.0,547.0,604.0,17.654,0.7480775050649837,13.740363905728511,Medium,,,,True
1716,14625,16.0,543.0,728.0,68.33500000000001,1.1704764005819919,79.22772888510202,High,,,,False
1717,14626,14.0,721.0,729.0,49.01571428571429,1.6691391241949187,81.26636841725363,High,,,,False
1718,14627,2.0,417.0,728.0,48.650000000000006,0.2586919838599762,13.543707610852863,Medium,,,,True
1719,14628,4.0,592.0,683.0,59.365,0.5434520046806504,33.0299641667102,Medium,,,,True
1720,14629,2.0,43.0,47.0,103.695,2.256451764609448,247.5887062585578,VIP,,,,False
1721,14631,6.0,437.0,487.0,27.03,1.0714514253430691,29.533644310469725,Medium,,,,False
1722,14634,6.0,147.0,584.0,41.041666666666664,0.02127124138988343,0.8843872775255937,Low,,,,True
1723,14636,1.0,232.0,268.0,34.09,0.4227613067466806,17.52474026928684,Medium,,,,True
1724,14639,8.0,609.0,661.0,142.92000000000002,1.062319179678608,151.4994490631914,VIP,,,,False
1725,14640,15.0,671.0,686.0,47.414,1.884575608985356,88.69243172543915,VIP,,,,False
1726,14643,5.0,558.0,728.0,30.57,0.6006677993447426,18.822813180733082,Medium,,,,True
1727,14644,8.0,727.0,736.0,48.074999999999996,0.9721113276096301,46.889540720326295,High,,,,True
1728,14645,3.0,478.0,634.0,43.053333333333335,0.4411626604788573,19.8636531636921,Medium,,,,True
1729,14646,96.0,736.0,737.0,114.91739583333333,10.973820760360718,1238.191752716269,VIP,,,,False
1730,14647,1.0,322.0,523.0,67.57000000000001,0.22223530592504284,17.484697333006228,Medium,,,,True
1731,14648,15.0,326.0,729.0,54.632,0.0026945236833482646,0.1460287581663222,Low,,,,True
1732,14649,8.0,684.0,688.0,167.07,1.0357208053361067,172.59528700327155,VIP,,,,False
1733,14651,7.0,564.0,631.0,101.11428571428573,0.9734499230254349,98.59729040953233,VIP,,,,True
1734,14653,10.0,736.0,737.0,131.892,1.1994562973117546,157.32671151109696,VIP,,,,False
1735,14655,11.0,593.0,596.0,21.76,1.597060824650705,34.89905828954186,High,,,,False
1736,14656,4.0,434.0,603.0,124.77499999999999,0.5783076994034965,73.36249595684049,High,,,,True
1737,14657,5.0,418.0,435.0,91.324,1.0156357894710613,93.78504784797639,VIP,,,,False
1738,14658,1.0,112.0,117.0,66.32,0.8059332132543678,62.2925768311234,High,,,,True
1739,14659,8.0,307.0,315.0,79.76375,2.0767379448661756,165.66001782389623,VIP,,,,False
1740,14660,1.0,14.0,100.0,31.03,0.7245196408812947,27.570060834406107,Medium,,,,True
1741,14662,6.0,708.0,736.0,95.305,0.742219731592094,71.13679247170792,High,,,,True
1742,14664,1.0,14.0,33.0,78.49,1.531406028748448,139.10007111784233,VIP,,,,False
1743,14665,6.0,532.0,592.0,97.185,0.8973858183236113,87.69612824382348,VIP,,,,True
1744,14667,50.0,727.0,737.0,82.383,5.7349472437787785,464.6384533082944,VIP,,,,False
1745,14669,4.0,496.0,737.0,196.315,0.4645202475889032,92.49887030244697,VIP,,,,True
1746,14670,1.0,452.0,732.0,198.32,0.16276124300534836,36.46635681717436,High,,,,True
1747,14671,1.0,19.0,568.0,33.379999999999995,0.05723715636952488,2.3273993155829955,Low,,,,True
1748,14672,3.0,446.0,680.0,76.41,0.39475186999291406,31.212632003850935,Medium,,,,True
1749,14673,6.0,406.0,409.0,45.72666666666667,1.2707884205497704,58.78990855029538,High,,,,False
1750,14675,1.0,372.0,388.0,219.08,0.3118250521798492,77.06287611642468,High,,,,True
1751,14676,15.0,608.0,639.0,14.119333333333334,2.0024322841268756,28.35901624296359,Medium,,,,False
1752,14678,1.0,8.0,579.0,16.95,0.043679723194586476,0.9781982975278414,Low,,,,True
1753,14679,4.0,360.0,731.0,27.14,0.350936146390099,9.904674430718359,Low,,,,True
1754,14680,51.0,710.0,735.0,73.98666666666666,5.819988710631393,423.48144198660225,VIP,,,,False
1755,14681,4.0,582.0,653.0,22.450000000000003,0.5694779970280448,13.374595338189863,Medium,,,,True
1756,14682,5.0,485.0,672.0,28.52,0.6295764712727994,18.43281889988011,Medium,,,,True
1757,14684,5.0,365.0,390.0,135.986,1.1145933339596785,152.90854666873233,VIP,,,,False
1758,14685,4.0,150.0,726.0,122.775,0.03463453341884429,4.323640979454419,Low,,,,True
1759,14686,1.0,245.0,659.0,326.25,0.15510989708476514,56.81462145639345,High,,,,True
1760,14687,2.0,445.0,551.0,47.695,0.36712245809935207,18.85537192618338,Medium,,,,True
1761,14688,27.0,449.0,456.0,37.41185185185185,4.846746362923852,179.11230742865735,VIP,,,,False
1762,14690,3.0,366.0,410.0,72.69,0.6776382140569422,51.00828124215333,High,,,,True
1763,14691,3.0,182.0,212.0,67.54,1.1769550621749811,82.40992940786754,VIP,,,,False
1764,14692,12.0,480.0,617.0,33.16583333333333,1.4531946835524225,48.10281326437006,High,,,,False
1765,14693,6.0,261.0,525.0,43.15166666666667,0.5003780407046536,21.859994264479372,Medium,,,,True
1766,14695,1.0,213.0,732.0,129.46,0.1265299414328829,18.661546809426287,Medium,,,,True
1767,14696,9.0,417.0,421.0,36.364444444444445,1.8056569224387737,65.86617061184099,High,,,,False
1768,14698,4.0,50.0,51.0,93.095,3.8952462346824324,369.523840344389,VIP,,,,False
1769,14699,3.0,311.0,525.0,23.873333333333335,0.4806376296027056,12.23267652470874,Medium,,,,True
1770,14700,4.0,453.0,485.0,90.385,0.7525461696783474,69.32164125604487,High,,,,True
1771,14701,10.0,674.0,684.0,162.726,1.2835309980011065,207.6179868338214,VIP,,,,False
1772,14702,28.0,728.0,729.0,84.86285714285714,3.27849211785712,274.2814057287106,VIP,,,,False
1773,14704,10.0,613.0,624.0,95.73299999999999,1.396497199868999,133.07579046861647,VIP,,,,False
1774,14707,1.0,141.0,576.0,1.45,0.1489376465359652,0.7687023419460628,Low,,,,True
1775,14708,5.0,453.0,455.0,18.782,0.979815221045292,19.10676556211341,Medium,,,,True
1776,14709,24.0,719.0,734.0,50.16416666666667,2.7939045625325507,138.44704643458633,VIP,,,,False
1777,14710,12.0,722.0,736.0,71.89416666666666,1.4255195370824505,101.84862305198318,VIP,,,,False
1778,14711,10.0,252.0,262.0,159.164,2.986986224334527,472.62189759536886,VIP,,,,False
1779,14712,3.0,389.0,418.0,27.566666666666666,0.6700547568646199,19.57937565426051,Medium,,,,True
1780,14713,21.0,727.0,736.0,71.61904761904762,2.4495747307049496,173.33085585309078,VIP,,,,False
1781,14714,4.0,663.0,687.0,54.2575,0.5498692085374363,30.58281647974708,Medium,,,,True
1782,14715,7.0,665.0,689.0,53.261428571428574,0.9099907324174492,48.74565276738064,High,,,,True
1783,14716,2.0,401.0,444.0,37.269999999999996,0.4539712281798719,18.384757881318546,Medium,,,,True
1784,14719,4.0,248.0,249.0,123.5025,1.3485609009120831,169.34687080336113,VIP,,,,False
1785,14720,2.0,121.0,126.0,73.8,1.2659530163209058,99.46103717245921,VIP,,,,False
1786,14722,2.0,339.0,486.0,79.05,0.399371159517761,33.559673810237626,Medium,,,,True
1787,14723,9.0,725.0,735.0,93.71,1.0869821835166755,101.5726154049061,VIP,,,,False
1788,14725,2.0,510.0,534.0,100.09,0.38729177613855525,41.03517228781656,High,,,,True
1789,14727,1.0,272.0,546.0,70.84,0.20315218734214924,16.721888657249576,Medium,,,,True
1790,14729,1.0,252.0,625.0,153.3,0.16790416450101758,29.21433384488597,Medium,,,,True
1791,14730,6.0,275.0,276.0,176.155,1.783095803049297,315.0813973006629,VIP,,,,False
1792,14731,2.0,165.0,212.0,24.700000000000003,0.8335285510831004,22.83938808774385,Medium,,,,True
1793,14732,21.0,722.0,730.0,52.480952380952374,2.4687353026029273,128.10564104727257,VIP,,,,False
1794,14733,16.0,393.0,402.0,62.836875,3.2536721653356944,202.57142860445887,VIP,,,,False
1795,14734,4.0,135.0,551.0,60.4625,0.09444896803228389,5.8451790893424445,Low,,,,True
1796,14735,42.0,732.0,735.0,34.48,4.847224976644374,164.6738159007299,VIP,,,,False
1797,14737,3.0,397.0,400.0,20.48,0.7019957898507074,15.435430452094161,Medium,,,,True
1798,14738,11.0,693.0,732.0,26.915454545454544,1.311149080191136,35.34993861472615,High,,,,False
1799,14739,27.0,735.0,737.0,22.295925925925925,3.1312314136443287,69.10780597390506,High,,,,False
1800,14740,12.0,461.0,652.0,65.22250000000001,1.0682944336400042,69.26946136971415,High,,,,False
1801,14741,6.0,406.0,417.0,25.596666666666664,1.2464598710574022,32.57104801131037,Medium,,,,False
1802,14744,13.0,554.0,570.0,32.53153846153846,1.945627922588972,63.093569832777455,High,,,,False
1803,14745,12.0,525.0,637.0,20.585,1.5163540212828106,31.304994805041694,Medium,,,,False
1804,14746,2.0,17.0,423.0,3.35,0.0511706050320629,0.263716525577873,Low,,,,True
1805,14747,1.0,2.0,249.0,16.95,0.1951201121270238,4.369823926421735,Low,,,,True
1806,14748,13.0,709.0,738.0,28.066153846153846,1.5301767144278235,42.86072561128877,High,,,,False
1807,14751,1.0,42.0,726.0,7.6000000000000005,0.04926455622849539,0.5911248644464281,Low,,,,True
1808,14753,1.0,373.0,460.0,107.95,0.2621955804322104,32.400397003476904,Medium,,,,True
1809,14754,6.0,646.0,690.0,38.858333333333334,0.7849203833056831,30.92036429592445,Medium,,,,True
1810,14755,25.0,727.0,736.0,74.7564,2.90407319643093,214.20993795370413,VIP,,,,False
1811,14756,3.0,409.0,424.0,95.87333333333333,0.6646297640288791,65.75480705491238,High,,,,True
1812,14758,6.0,466.0,610.0,117.09666666666668,0.8271689450452906,97.30566149590906,VIP,,,,True
1813,14759,2.0,228.0,232.0,139.7,0.7984017305159437,117.55015287132457,VIP,,,,True
1814,14760,1.0,3.0,297.0,5.9,0.14694020806836428,1.4854469573298368,Low,,,,True
1815,14761,2.0,386.0,444.0,12.5,0.4515275207832455,6.631937314184829,Low,,,,True
1816,14762,1.0,363.0,626.0,28.02,0.18574037668342586,6.445712192681103,Low,,,,True
1817,14764,1.0,3.0,46.0,1.85,1.2269811447610586,6.879360926756739,Low,,,,False
1818,14765,2.0,147.0,176.0,44.295,0.9747321549433434,46.611316381966745,High,,,,True
1819,14766,13.0,543.0,551.0,60.83461538461539,2.010505106288563,121.49567078635783,VIP,,,,False
1820,14768,2.0,110.0,127.0,3.95,1.2459962953241952,7.200879600698796,Low,,,,False
1821,14769,20.0,721.0,723.0,182.8545,2.37778967107876,429.15784916771736,VIP,,,,False
1822,14770,8.0,420.0,652.0,75.6075,0.7681455647117006,58.09606276998106,High,,,,True
1823,14771,2.0,131.0,736.0,17.794999999999998,0.0892274945425127,1.802819630824505,Low,,,,True
1824,14773,1.0,4.0,592.0,4.95,0.037692023734961895,0.34121372681658874,Low,,,,True
1825,14775,2.0,314.0,372.0,20.049999999999997,0.5256616049593533,11.85623601438798,Medium,,,,True
1826,14776,13.0,395.0,446.0,14.614615384615385,2.368814131450181,34.82674297809296,High,,,,False
1827,14777,3.0,399.0,403.0,13.816666666666665,0.6972071851892856,10.588688853320589,Low,,,,True
1828,14778,1.0,181.0,308.0,61.8,0.35344422485392174,25.54081829102882,Medium,,,,True
1829,14779,2.0,43.0,323.0,32.65,0.21575611201658854,7.699069707658683,Low,,,,True
1830,14780,1.0,25.0,79.0,11.64,0.9355290222298979,15.429316005774211,Medium,,,,True
1831,14783,1.0,4.0,659.0,1.95,0.029673294581182393,0.1696462218205159,Low,,,,True
1832,14784,2.0,363.0,389.0,28.955000000000002,0.5125150509815007,16.315261608336122,Medium,,,,True
1833,14785,1.0,5.0,15.0,0.79,1.968986720129962,8.719161648997295,Low,,,,False
1834,14788,2.0,589.0,596.0,38.83,0.3518088967738439,14.819144494263654,Medium,,,,True
1835,14790,9.0,712.0,728.0,21.572222222222223,1.0955252654994687,23.86312410339,Medium,,,,False
1836,14792,1.0,1.0,64.0,6.2,0.9648172662157962,10.07626546868298,Low,,,,True
1837,14793,2.0,531.0,535.0,25.28,0.3883924674909722,10.876585143869818,Low,,,,True
1838,14794,12.0,485.0,487.0,54.06166666666667,2.084814243474082,112.14450121112951,VIP,,,,False
1839,14796,26.0,724.0,725.0,117.43653846153846,3.0644985915664913,354.7968672083409,VIP,,,,False
1840,14798,8.0,596.0,648.0,7.0649999999999995,1.0816212504907419,8.033406149732656,Low,,,,False
1841,14799,1.0,686.0,737.0,63.56,0.17366958991306977,12.889281169218942,Medium,,,,True
1842,14800,15.0,388.0,435.0,106.00399999999999,2.778958939424063,291.67748616039887,VIP,,,,False
1843,14802,2.0,11.0,441.0,1502.98,0.035802625620342934,56.12916025589105,High,,,,True
1844,14803,2.0,130.0,292.0,39.48,0.5478699211452536,23.449457663787474,Medium,,,,True
1845,14805,6.0,606.0,621.0,81.22,0.8702169664633927,71.14697573316944,High,,,,True
1846,14806,1.0,364.0,439.0,20.29,0.27428363003298567,7.1611586603574455,Low,,,,True
1847,14807,1.0,259.0,649.0,64.9,0.16139413285603746,12.218726620086805,Medium,,,,True
1848,14808,6.0,133.0,172.0,155.52833333333334,2.4900467333932057,388.64590049548536,VIP,,,,False
1849,14810,12.0,389.0,429.0,52.850833333333334,2.294067229356784,120.65067818396045,VIP,,,,False
1850,14813,2.0,241.0,610.0,96.38499999999999,0.2536869821575431,25.899723006111948,Medium,,,,True
1851,14815,1.0,31.0,67.0,17.76,1.074738755062723,25.039298167346665,Medium,,,,False
1852,14817,8.0,531.0,731.0,118.6325,0.8448189160054167,100.06372989767624,VIP,,,,True
1853,14818,5.0,574.0,647.0,60.81600000000001,0.6994586315133657,43.16134266434617,High,,,,True
1854,14819,3.0,654.0,718.0,60.86333333333334,0.4084332186778693,25.81386697663654,Medium,,,,True
1855,14820,8.0,656.0,677.0,30.6975,1.0479340625410019,32.426310299665914,Medium,,,,False
1856,14821,4.0,310.0,676.0,49.435,0.3415121427519405,17.330569204970963,Medium,,,,True
1857,14823,1.0,14.0,194.0,90.68,0.3408852941030234,35.580207941783925,High,,,,True
1858,14824,11.0,627.0,637.0,27.435454545454547,1.5004561788388997,41.22722392588618,High,,,,False
1859,14825,24.0,609.0,612.0,29.28625,3.3127292490279574,96.01701668057893,VIP,,,,False
1860,14826,1.0,114.0,695.0,13.5,0.09854956657391321,1.8289654607731753,Low,,,,True
1861,14828,12.0,536.0,732.0,14.729166666666666,1.0710305332075665,15.901488355324522,Medium,,,,False
1862,14829,6.0,407.0,436.0,26.871666666666666,1.1912509503755395,32.64731072817972,Medium,,,,False
1863,14831,5.0,163.0,737.0,38.79200000000001,0.01800004246612613,0.7126613809550014,Low,,,,True
1864,14834,8.0,390.0,407.0,33.128750000000004,1.658752606399933,55.340747586185465,High,,,,False
1865,14835,2.0,90.0,617.0,1.7999999999999998,0.087620344895096,0.3100495198696245,Low,,,,True
1866,14836,2.0,20.0,30.0,1.725,2.6802595985346214,9.276265445905247,Low,,,,False
1867,14837,11.0,595.0,684.0,30.072727272727274,1.360502647074784,40.937488943213594,High,,,,False
1868,14838,1.0,313.0,736.0,189.79,0.14615216498336003,31.35901886906801,Medium,,,,True
1869,14839,2.0,286.0,704.0,31.04,0.22413538288821117,7.621859804082671,Low,,,,True
1870,14840,2.0,272.0,539.0,9.85,0.3265027282911895,3.8940202304012974,Low,,,,True
1871,14841,13.0,684.0,737.0,68.70461538461538,1.5204184335085398,103.71711822181514,VIP,,,,False
1872,14842,7.0,273.0,308.0,117.55142857142857,1.8411607708372313,216.6689939296537,VIP,,,,False
1873,14844,9.0,543.0,606.0,70.52666666666667,1.276144650055724,89.85902086285327,VIP,,,,False
1874,14846,1.0,4.0,427.0,2.55,0.07525316295283381,0.48044088330590307,Low,,,,True
1875,14847,3.0,416.0,564.0,83.51333333333334,0.48857498254006887,42.17331356356368,High,,,,True
1876,14849,28.0,677.0,698.0,60.237857142857145,3.397053598398249,201.84363846287346,VIP,,,,False
1877,14850,4.0,257.0,568.0,59.9875,0.4020891518657421,24.69118981792292,Medium,,,,True
1878,14851,2.0,607.0,630.0,32.44,0.3333317643824759,11.821432873518239,Medium,,,,True
1879,14852,14.0,586.0,644.0,50.232142857142854,1.837417455226539,91.6695721047409,VIP,,,,False
1880,14853,6.0,597.0,605.0,21.325,0.8925223437069061,19.50925195480049,Medium,,,,True
1881,14854,12.0,608.0,686.0,47.94583333333333,1.4832476312079206,70.80314461392649,High,,,,False
1882,14855,4.0,491.0,610.0,115.42,0.5932879188203998,69.65585335634495,High,,,,True
1883,14856,1.0,20.0,56.0,54.01,1.1699885807788704,74.42017354005873,High,,,,False
1884,14857,7.0,575.0,634.0,78.52571428571427,0.9723129582745881,76.58033711184123,High,,,,True
1885,14859,4.0,542.0,554.0,45.54749999999999,0.6711766041223175,31.424212959783198,Medium,,,,True
1886,14860,1.0,11.0,19.0,0.85,1.8723895445445569,8.416267735685757,Low,,,,False
1887,14861,11.0,679.0,731.0,16.915454545454544,1.3074914589417346,22.29396747907195,Medium,,,,False
1888,14862,1.0,123.0,148.0,76.0,0.6720164803778633,59.17418801731879,High,,,,True
1889,14865,3.0,731.0,738.0,0.9333333333333332,0.40254809317932794,0.8205813254267673,Low,,,,True
1890,14866,17.0,460.0,470.0,26.884117647058826,3.0031389520567293,80.26283581334579,High,,,,False
1891,14867,17.0,549.0,734.0,43.273529411764706,1.1483542910317068,49.27125105828476,High,,,,False
1892,14868,10.0,417.0,420.0,49.396,1.9994411210479681,98.61772298837906,VIP,,,,False
1893,14869,8.0,720.0,723.0,72.22875,0.9892905709723706,71.49534157478976,High,,,,True
1894,14870,7.0,422.0,683.0,42.271428571428565,0.6460270536080994,27.525884492336363,Medium,,,,True
1895,14871,8.0,735.0,738.0,76.46875,0.9705787238747715,74.23795503596872,High,,,,True
1896,14872,3.0,153.0,633.0,10.386666666666667,0.12378355367259522,1.4465897749438923,Low,,,,True
1897,14873,1.0,423.0,633.0,139.84,0.189506111564516,30.136906177122782,Medium,,,,True
1898,14875,6.0,432.0,441.0,37.76499999999999,1.1869319877093505,45.45962481312502,High,,,,False
1899,14876,1.0,40.0,561.0,2.95,0.08071674519940411,0.5512150873547459,Low,,,,True
1900,14877,1.0,224.0,642.0,108.8,0.15536813873010163,19.345994952474392,Medium,,,,True
1901,14878,20.0,644.0,656.0,48.6845,2.5966847978491847,125.08104844272108,VIP,,,,False
1902,14880,2.0,211.0,288.0,73.245,0.6400518932488078,49.913969622271765,High,,,,True
1903,14882,11.0,593.0,619.0,21.78909090909091,1.534507491608932,33.57634291896035,Medium,,,,False
1904,14883,5.0,193.0,211.0,8.462,1.8625330865738772,17.020181181655595,Medium,,,,False
1905,14885,2.0,334.0,465.0,21.2,0.41844620596801513,9.939339655730741,Low,,,,True
1906,14890,2.0,406.0,659.0,41.46,0.29139230486651657,13.072722547672246,Medium,,,,True
1907,14891,3.0,288.0,436.0,30.570000000000004,0.5969896039525737,19.274240079103265,Medium,,,,True
1908,14893,5.0,608.0,617.0,47.724000000000004,0.7425968741662737,36.0613085780842,High,,,,True
1909,14894,4.0,652.0,737.0,34.4425,0.5082878763124368,18.095411681907486,Medium,,,,True
1910,14895,32.0,729.0,736.0,133.1246875,3.7008525128797825,485.1510048032094,VIP,,,,False
1911,14896,9.0,529.0,733.0,65.41777777777777,0.903168360306341,59.012012799400964,High,,,,True
1912,14897,8.0,717.0,724.0,63.92,0.9873944536871738,63.194785379125605,High,,,,True
1913,14898,15.0,713.0,736.0,57.80466666666667,1.762681665235672,101.05399231825201,VIP,,,,False
1914,14901,11.0,487.0,498.0,35.64,1.8764177303452096,66.81459654364578,High,,,,False
1915,14902,4.0,532.0,553.0,24.525,0.6709034862843656,17.163085489101746,Medium,,,,True
1916,14903,9.0,257.0,278.0,87.60555555555555,2.5578922600454863,223.51719667713388,VIP,,,,False
1917,14904,3.0,425.0,427.0,23.39333333333333,0.6628365713232843,16.545212753060483,Medium,,,,True
1918,14905,9.0,582.0,736.0,18.459999999999997,1.0010939932198455,18.711093741118688,Medium,,,,False
1919,14907,17.0,728.0,731.0,58.54117647058824,2.009741654652539,116.52187858195202,VIP,,,,False
1920,14908,1.0,389.0,463.0,32.65,0.26202578033923124,10.4419925597498,Low,,,,True
1921,14909,4.0,235.0,663.0,47.655,0.20388453987753988,9.979821120957315,Low,,,,True
1922,14910,4.0,52.0,54.0,12.6025,3.7818064047708084,51.20278320725872,High,,,,False
1923,14911,284.0,737.0,738.0,247.76271126760562,32.29919633795524,7848.949530237451,VIP,,,,False
1924,14912,7.0,666.0,682.0,180.22571428571428,0.9200665719467096,165.77431011324006,VIP,,,,True
1925,14913,7.0,450.0,485.0,48.97571428571428,1.2466734093687748,61.45349014715131,High,,,,False
1926,14915,11.0,651.0,736.0,29.435454545454547,1.2797454354333635,37.699221830128586,High,,,,False
1927,14916,10.0,547.0,617.0,24.863,1.3803272428073117,34.48479152672646,High,,,,False
1928,14918,7.0,495.0,610.0,64.80571428571429,0.9735046909481078,63.35510940599535,High,,,,True
1929,14920,1.0,353.0,565.0,214.63,0.20764119465217704,50.2873689850222,High,,,,True
1930,14921,1.0,171.0,201.0,41.33,0.5330854519935154,26.38973770533009,Medium,,,,True
1931,14922,1.0,114.0,507.0,60.55,0.163468792672822,11.585265555940701,Medium,,,,True
1932,14924,2.0,394.0,639.0,137.785,0.3000002514592451,43.56920672205422,High,,,,True
1933,14926,2.0,217.0,598.0,1.45,0.2439445649219496,0.7742483342714541,Low,,,,True
1934,14928,1.0,8.0,627.0,9.55,0.03669436482594334,0.5198536378642631,Low,,,,True
1935,14929,1.0,389.0,421.0,24.83,0.2888674704472651,9.000084844183567,Low,,,,True
1936,14930,7.0,498.0,606.0,168.86285714285714,0.984611503608748,166.24760619485568,VIP,,,,True
1937,14931,4.0,236.0,240.0,178.24,1.3880167908462224,251.05822253908647,VIP,,,,False
1938,14932,1.0,20.0,385.0,160.64,0.12440281898181059,22.660974490372624,Medium,,,,True
1939,14933,1.0,1.0,444.0,11.8,0.06452917429772448,1.0756337412157504,Low,,,,True
1940,14934,6.0,369.0,441.0,124.36166666666666,1.1519512958878895,143.8830772146483,VIP,,,,False
1941,14935,1.0,322.0,619.0,26.22,0.1827528212546877,5.976292256424362,Low,,,,True
1942,14936,9.0,574.0,583.0,200.06,1.3458324042940548,267.94819559059096,VIP,,,,False
1943,14937,2.0,74.0,130.0,30.68,1.1534339173653794,38.793494092384826,High,,,,False
1944,14938,2.0,60.0,562.0,13.35,0.06875676165457048,1.0707725304083908,Low,,,,True
1945,14940,1.0,316.0,733.0,34.41,0.14738552871404376,6.161788276515562,Low,,,,True
1946,14942,3.0,328.0,729.0,11.33,0.285426566071023,3.6104046412206583,Low,,,,True
1947,14944,16.0,631.0,660.0,58.8925,2.070262564068812,120.82602763261357,VIP,,,,False
1948,14947,5.0,552.0,624.0,29.814,0.7227976186667249,22.10134389145822,Medium,,,,True
1949,14948,6.0,196.0,219.0,19.86,2.1256877265391236,43.351873573966884,High,,,,False
1950,14949,5.0,262.0,721.0,14.104000000000003,0.1444408472462242,2.13814510682793,Low,,,,True
1951,14950,1.0,11.0,19.0,9.95,1.8723895445445569,27.364056717719308,Medium,,,,False
1952,14952,32.0,690.0,736.0,37.8590625,3.6274445819229095,135.48920059241502,VIP,,,,False
1953,14953,2.0,410.0,435.0,155.495,0.46489322913988085,76.09644174050749,High,,,,True
1954,14954,1.0,691.0,703.0,230.19,0.1827175507839201,47.412027852882304,High,,,,True
1955,14957,1.0,391.0,644.0,20.89,0.182792439590948,4.894334540907552,Low,,,,True
1956,14958,5.0,589.0,736.0,66.95599999999999,0.6040911856287415,41.00073964872878,High,,,,True
1957,14959,4.0,237.0,296.0,16.79,1.128476338740982,20.051156061087283,Medium,,,,False
1958,14960,1.0,163.0,171.0,39.87,0.6120251666356854,29.304281044417873,Medium,,,,True
1959,14961,24.0,725.0,735.0,79.63125000000001,2.7934279928680152,219.52013049566372,VIP,,,,False
1960,14962,3.0,314.0,584.0,15.666666666666666,0.4113133964543448,7.023256872737653,Low,,,,True
1961,14963,10.0,516.0,525.0,99.54299999999999,1.6351862752059185,162.00269282936858,VIP,,,,False
1962,14966,4.0,710.0,724.0,63.1625,0.5247721909012507,33.9077858628072,High,,,,True
1963,14967,4.0,687.0,736.0,97.29499999999999,0.5134341491427342,50.8790888982284,High,,,,True
1964,14968,1.0,428.0,458.0,71.79,0.2683801863835714,22.37455478001126,Medium,,,,True
1965,14970,9.0,595.0,663.0,63.93111111111111,1.1750412390971217,75.04069537209398,High,,,,False
1966,14971,1.0,8.0,43.0,142.8,1.3092012646143618,212.53957198129825,VIP,,,,False
1967,14972,1.0,253.0,381.0,89.05,0.30007265540301026,30.775495854605687,Medium,,,,True
1968,14973,2.0,118.0,225.0,117.98,0.7293510761573324,90.87683954440588,VIP,,,,True
1969,14975,1.0,364.0,421.0,11.17,0.2863682312626284,4.572876062336592,Low,,,,True
1970,14976,4.0,269.0,326.0,51.4475,1.0455694030070974,55.186161212056724,High,,,,False
1971,14978,9.0,518.0,590.0,158.09444444444446,1.29998596533038,204.6249941463738,VIP,,,,False
1972,14981,2.0,177.0,423.0,10.79,0.3756385826011321,4.847998270792967,Low,,,,True
1973,14984,4.0,678.0,697.0,58.910000000000004,0.543090069011006,32.75831696537634,Medium,,,,True
1974,14985,1.0,160.0,358.0,77.46000000000001,0.29108118539075556,26.10239491189876,Medium,,,,True
1975,14986,1.0,308.0,684.0,97.03,0.15964148887606264,17.788945418016674,Medium,,,,True
1976,14987,6.0,722.0,737.0,6.158333333333332,0.7430424641762468,4.971535201073344,Low,,,,True
1977,14988,6.0,391.0,602.0,69.62333333333333,0.7366900427510182,51.686412906326375,High,,,,True
1978,14990,1.0,118.0,730.0,49.64,0.09241519338903406,5.428517826238796,Low,,,,True
1979,14994,4.0,241.0,623.0,135.415,0.2699617832705467,37.14832999159689,High,,,,True
1980,14995,1.0,242.0,280.0,62.06,0.4074576196019497,29.56189177191549,Medium,,,,True
1981,14997,4.0,609.0,655.0,4.145,0.5717496156612621,2.855061979596316,Low,,,,True
1982,14998,3.0,435.0,605.0,106.58999999999999,0.4545751665010755,49.944476687081405,High,,,,True
1983,15002,8.0,581.0,696.0,94.00999999999999,0.9826056680585341,92.30906527243734,VIP,,,,True
1984,15003,5.0,209.0,682.0,102.93199999999999,0.08042329477618229,8.363668349656457,Low,,,,True
1985,15005,56.0,723.0,738.0,107.37803571428572,6.395361563083055,675.0134474377473,VIP,,,,False
1986,15006,1.0,402.0,453.0,259.49,0.26922408235161427,78.63050943836188,High,,,,True
1987,15008,1.0,157.0,637.0,1.2000000000000002,0.1347422654976066,0.6579816191221504,Low,,,,True
1988,15009,2.0,13.0,25.0,111.18,2.831270743657,332.75574179397097,VIP,,,,False
1989,15011,1.0,21.0,416.0,18.25,0.10955681586311493,2.611884674600486,Low,,,,True
1990,15012,2.0,523.0,576.0,158.265,0.35910177753837635,59.81578933358497,High,,,,True
1991,15013,9.0,190.0,677.0,51.56555555555556,0.0021781323021717713,0.11234387749499619,Low,,,,True
1992,15014,1.0,133.0,176.0,52.480000000000004,0.5828655323876925,36.08044900399528,High,,,,True
1993,15015,11.0,224.0,725.0,56.689090909090915,0.0007269168296252166,0.041046807553604084,Low,,,,True
1994,15016,3.0,371.0,543.0,86.76666666666667,0.49416457644387957,44.29664195319492,High,,,,True
1995,15018,3.0,329.0,367.0,68.39333333333333,0.7473894456086696,52.981489802497606,High,,,,True
1996,15021,11.0,490.0,498.0,136.36363636363637,1.8778854161609788,254.31572899107712,VIP,,,,False
1997,15022,3.0,666.0,677.0,117.53000000000002,0.435762078558351,52.74270289263316,High,,,,True
1998,15023,19.0,671.0,674.0,188.56842105263158,2.413770722031898,449.41498651352845,VIP,,,,False
1999,15024,11.0,415.0,424.0,64.3809090909091,2.166953604597506,138.88155300575653,VIP,,,,False
2000,15025,1.0,535.0,568.0,178.41,0.22116267887783198,44.655614876693406,High,,,,True
2001,15026,4.0,368.0,448.0,50.25,0.7895811948465323,40.71913798627568,High,,,,True
2002,15027,11.0,594.0,624.0,24.520909090909093,1.521520920163128,37.411342679530684,High,,,,False
2003,15028,4.0,386.0,394.0,44.5825,0.9107924389656881,41.75551138035124,High,,,,True
2004,15029,1.0,1.0,619.0,2.95,0.03146938912766707,0.21490398747212336,Low,,,,True
2005,15030,8.0,574.0,645.0,12.907499999999999,1.0779232427528003,14.272643909229743,Medium,,,,False
2006,15031,12.0,727.0,731.0,93.7475,1.43703412548924,133.76479510843964,VIP,,,,False
2007,15032,6.0,473.0,729.0,31.333333333333332,0.6112965881302544,19.480459589577972,Medium,,,,True
2008,15033,9.0,325.0,329.0,98.06777777777778,2.238336617579525,218.85612427685624,VIP,,,,False
2009,15034,13.0,562.0,577.0,158.2930769230769,1.924661372918029,301.8869086632495,VIP,,,,False
2010,15036,2.0,107.0,179.0,114.05000000000001,0.9095791953810881,109.60973035200917,VIP,,,,True
2011,15038,9.0,382.0,425.0,97.02222222222223,1.7609247974664985,170.34583833479283,VIP,,,,False
2012,15039,82.0,720.0,729.0,107.55146341463414,9.45903721409842,999.1498373524468,VIP,,,,False
2013,15041,1.0,274.0,444.0,135.59,0.2580653426761139,39.820810729512495,High,,,,True
2014,15042,1.0,396.0,595.0,27.93,0.20051896017146148,6.938515859693773,Low,,,,True
2015,15043,5.0,502.0,533.0,21.308,0.8438386967812294,18.595388455810248,Medium,,,,True
2016,15044,28.0,704.0,723.0,156.88071428571428,3.2907095113512947,508.62326097950535,VIP,,,,False
2017,15045,2.0,106.0,257.0,27.240000000000002,0.5971397862228611,17.94241891473233,Medium,,,,True
2018,15046,26.0,685.0,694.0,41.84653846153846,3.1866697092130174,131.7142227716396,VIP,,,,False
2019,15048,3.0,303.0,368.0,58.89333333333334,0.7352894038770778,44.994526690377754,High,,,,True
2020,15050,3.0,455.0,480.0,83.99000000000001,0.5936918590459389,51.535986875646245,High,,,,True
2021,15051,8.0,715.0,738.0,75.57625,0.9672458814725832,73.12402557113151,High,,,,True
2022,15053,2.0,277.0,281.0,35.755,0.6819279195726855,26.540476255678854,Medium,,,,True
2023,15054,1.0,28.0,40.0,77.9,1.4453445512467402,130.33336699147466,VIP,,,,False
2024,15055,2.0,249.0,723.0,50.725,0.19280608354889867,10.51114287534998,Low,,,,True
2025,15057,5.0,459.0,734.0,40.284000000000006,0.520199845253238,21.375184223696465,Medium,,,,True
2026,15058,13.0,628.0,653.0,75.00538461538461,1.7143938832671077,127.63678238459116,VIP,,,,False
2027,15059,16.0,693.0,733.0,107.051875,1.8733826274096994,198.44244671684976,VIP,,,,False
2028,15060,1.0,1.0,9.0,10.35,2.1677764230568726,32.6459674843124,Medium,,,,False
2029,15061,72.0,735.0,738.0,29.745555555555555,8.232898919128758,240.83459744419605,VIP,,,,False
2030,15062,7.0,539.0,610.0,41.14714285714286,1.0015233252556388,41.55012724868216,High,,,,False
2031,15064,3.0,307.0,717.0,61.343333333333334,0.2752098442101996,17.5286809433709,Medium,,,,True
2032,15065,6.0,373.0,410.0,133.23166666666665,1.2526967705951186,167.57933027882976,VIP,,,,False
2033,15066,1.0,22.0,53.0,62.19,1.2186329111787144,88.59930986289227,VIP,,,,False
2034,15067,4.0,529.0,607.0,145.4325,0.6066588264455607,89.61923878548396,VIP,,,,True
2035,15068,3.0,575.0,621.0,123.02333333333333,0.46823699566563715,59.29859884461867,High,,,,True
2036,15070,2.0,352.0,724.0,25.450000000000003,0.2421034816337874,6.8227185086187525,Low,,,,True
2037,15071,3.0,477.0,570.0,68.78,0.49818224139153805,35.51155903881721,High,,,,True
2038,15073,7.0,672.0,681.0,77.67428571428572,0.9224968287980294,71.87338697388054,High,,,,True
2039,15074,2.0,362.0,467.0,53.870000000000005,0.42334703991721884,24.46708557658699,Medium,,,,True
2040,15076,4.0,350.0,522.0,45.5475,0.6405962699963934,29.992509891439326,Medium,,,,True
2041,15077,3.0,274.0,730.0,28.650000000000002,0.22840594532742037,6.926568237731149,Low,,,,True
2042,15078,46.0,728.0,735.0,45.02413043478261,5.29867449971193,234.84573507935502,VIP,,,,False
2043,15079,13.0,519.0,731.0,40.43769230769231,0.9542154269285548,38.40732395734087,High,,,,True
2044,15080,1.0,74.0,501.0,19.05,0.13540883377967008,3.3486301330582693,Low,,,,True
2045,15081,12.0,513.0,535.0,34.902499999999996,1.9051391505469655,66.33898717406018,High,,,,False
2046,15084,1.0,266.0,645.0,109.28999999999999,0.16415286073100505,20.529271276728423,Medium,,,,True
2047,15086,1.0,61.0,625.0,13.25,0.08239534682940584,1.5062638316034107,Low,,,,True
2048,15088,2.0,46.0,67.0,50.794999999999995,1.8336297378490645,100.10891147878687,VIP,,,,False
2049,15089,5.0,118.0,128.0,53.54600000000001,2.718155408704491,147.89726531648162,VIP,,,,False
2050,15091,4.0,685.0,738.0,38.4525,0.5117100911548079,20.290175243085656,Medium,,,,True
2051,15092,3.0,247.0,462.0,47.160000000000004,0.5123071377300829,25.214423423397335,Medium,,,,True
2052,15093,25.0,713.0,731.0,33.9072,2.9164255531711696,97.77273508690686,VIP,,,,False
2053,15094,1.0,181.0,644.0,5.5,0.1416246316568642,1.3686839983944072,Low,,,,True
2054,15095,8.0,584.0,687.0,35.755,1.0019544699806873,36.045929483842514,High,,,,False
2055,15097,1.0,579.0,583.0,56.65,0.2173637317122395,14.462278251168957,Medium,,,,True
2056,15100,12.0,371.0,701.0,11.691666666666665,0.10075453156147417,1.1928783539233554,Low,,,,True
2057,15101,10.0,582.0,590.0,31.358000000000004,1.4709187912585424,46.226167467279836,High,,,,False
2058,15102,1.0,16.0,546.0,30.5,0.05870908006116034,2.199261176123058,Low,,,,True
2059,15103,1.0,55.0,86.0,89.25,0.9494249122561426,97.59237541505229,VIP,,,,True
2060,15104,2.0,116.0,282.0,112.08500000000001,0.5473382158788066,64.83527693415144,High,,,,True
2061,15105,6.0,608.0,626.0,53.775,0.8633080308545026,46.88695546965595,High,,,,True
2062,15106,6.0,252.0,269.0,29.99,1.8084792394262392,55.20401119606122,High,,,,False
2063,15107,10.0,140.0,451.0,26.458999999999996,0.005569081356229834,0.1479520717678353,Low,,,,True
2064,15108,4.0,86.0,227.0,51.5375,0.86901774292274,45.947389007026224,High,,,,True
2065,15109,3.0,495.0,735.0,79.55,0.37069068669856303,30.498009219644903,Medium,,,,True
2066,15110,8.0,462.0,485.0,40.59375,1.4175344772544505,57.8225171514747,High,,,,False
2067,15111,4.0,563.0,592.0,113.57750000000001,0.6294809777253632,72.73353681904061,High,,,,True
2068,15113,2.0,45.0,54.0,28.06,2.0946085417201985,64.7330006584819,High,,,,False
2069,15114,11.0,391.0,421.0,30.317272727272726,2.1614542142849413,65.56290186461446,High,,,,False
2070,15115,2.0,714.0,732.0,41.045,0.2905414192365125,12.90887876604468,Medium,,,,True
2071,15116,3.0,187.0,204.0,22.983333333333334,1.2240630141642441,30.042912475050674,Medium,,,,False
2072,15117,6.0,620.0,634.0,39.214999999999996,0.8540098339630493,33.94669841833429,High,,,,True
2073,15120,1.0,4.0,133.0,3.75,0.4900420026385602,3.782640528644124,Low,,,,True
2074,15121,1.0,238.0,288.0,59.95,0.3955768455721588,27.771835136856943,Medium,,,,True
2075,15122,14.0,534.0,619.0,46.91357142857142,1.852651447917422,86.35095333950741,VIP,,,,False
2076,15123,4.0,626.0,633.0,126.8975,0.5948034018739939,76.730370523,High,,,,True
2077,15124,3.0,629.0,651.0,14.423333333333332,0.4508446048392357,7.1261452779902985,Low,,,,True
2078,15125,26.0,593.0,618.0,27.898076923076925,3.5260204099018786,97.30411856029463,VIP,,,,False
2079,15126,1.0,151.0,687.0,48.92,0.11758376880895959,6.812816011059179,Low,,,,True
2080,15127,1.0,454.0,519.0,29.41,0.23773737229136546,8.617616885763963,Low,,,,True
2081,15128,8.0,370.0,430.0,30.25625,1.5433680363801021,47.07957100996248,High,,,,False
2082,15129,20.0,560.0,610.0,24.6585,2.7215154528617838,66.61014524262622,High,,,,False
2083,15132,4.0,244.0,262.0,16.035,1.2833110254351392,21.82360187156409,Medium,,,,False
2084,15133,4.0,393.0,520.0,19.487499999999997,0.6745215148696369,13.823008666143993,Medium,,,,True
2085,15134,9.0,408.0,422.0,20.11777777777778,1.796485753351997,36.536632654074545,High,,,,False
2086,15135,2.0,323.0,556.0,19.150000000000002,0.33494196083932154,7.240368583239027,Low,,,,True
2087,15136,3.0,94.0,96.0,31.236666666666665,2.1220447637356847,69.96111287553619,High,,,,False
2088,15137,3.0,211.0,731.0,24.846666666666668,0.146351174267873,3.8701198823461676,Low,,,,True
2089,15138,1.0,8.0,393.0,8.33,0.09681687320845374,1.2403098106263262,Low,,,,True
2090,15139,1.0,97.0,336.0,3.71,0.27190290321517135,2.0866245670278873,Low,,,,True
2091,15140,7.0,390.0,442.0,30.495714285714286,1.3411165319465925,41.39432721073666,High,,,,False
2092,15141,7.0,164.0,621.0,16.984285714285715,0.010280115262921694,0.17878728486902093,Low,,,,True
2093,15142,5.0,454.0,500.0,51.376,0.8890050380504277,46.43132732935877,High,,,,True
2094,15143,1.0,207.0,432.0,39.67,0.24968428747621044,11.899035358245351,Medium,,,,True
2095,15144,25.0,718.0,726.0,42.9696,2.9417849907665383,124.8830512938774,VIP,,,,False
2096,15145,3.0,244.0,248.0,37.01666666666667,1.0539397559176342,40.96256689950113,High,,,,False
2097,15146,2.0,127.0,291.0,26.729999999999997,0.5451488098502417,16.09043267897854,Medium,,,,True
2098,15147,1.0,22.0,240.0,4.95,0.27609421895285063,2.4994838700587865,Low,,,,True
2099,15149,3.0,516.0,649.0,137.97,0.4373683979297069,62.06105194702245,High,,,,True
2100,15150,12.0,526.0,543.0,110.31,1.882673399395397,206.12179451044926,VIP,,,,False
2101,15151,1.0,86.0,509.0,108.49,0.1421516062604697,17.65144171465108,Medium,,,,True
2102,15152,16.0,692.0,701.0,61.670625,1.9683871060861726,120.28104988200144,VIP,,,,False
2103,15154,2.0,404.0,478.0,120.02000000000001,0.42081297275731966,53.32590445354783,High,,,,True
2104,15156,2.0,32.0,33.0,57.865,2.6333436599199804,163.17801658395206,VIP,,,,False
2105,15157,6.0,726.0,729.0,44.565,0.7520752723925347,33.91858178147123,High,,,,True
2106,15158,2.0,356.0,401.0,89.18499999999999,0.49573030842940574,46.89231162792297,High,,,,True
2107,15159,26.0,430.0,431.0,82.535,4.919672553499495,400.48837901140644,VIP,,,,False
2108,15160,3.0,64.0,421.0,16.273333333333337,0.09740396584144634,1.7235190734847563,Low,,,,True
2109,15162,1.0,3.0,731.0,27.6,0.022792173462661523,0.7803057327672724,Low,,,,True
2110,15163,1.0,174.0,192.0,38.63,0.5566932976019602,25.8872259451459,Medium,,,,True
2111,15164,9.0,622.0,690.0,95.92,1.1337072719802272,108.42797068215769,VIP,,,,False
2112,15167,3.0,353.0,673.0,184.12,0.35275371500022085,66.66921344481578,High,,,,True
2113,15169,1.0,344.0,726.0,21.25,0.15319029716144628,4.163029046092288,Low,,,,True
2114,15171,1.0,7.0,331.0,5.1,0.1309822478711693,1.2076106556770418,Low,,,,True
2115,15172,4.0,228.0,236.0,39.6425,1.4045099949285922,57.38208782282521,High,,,,False
2116,15173,7.0,237.0,617.0,24.20285714285714,0.09444464532132024,2.3223910723708574,Low,,,,True
2117,15174,1.0,88.0,410.0,17.04,0.19996440724578468,4.498224554576938,Low,,,,True
2118,15176,1.0,71.0,667.0,2.95,0.07972418736066852,0.5444341268665756,Low,,,,True
2119,15179,16.0,718.0,736.0,52.73125,1.8780574950703648,98.17979455373671,VIP,,,,False
2120,15180,2.0,222.0,589.0,24.095,0.2544924007015389,6.812581283537875,Low,,,,True
2121,15181,6.0,665.0,731.0,7.260000000000001,0.7401695709809502,5.767788143384764,Low,,,,True
2122,15182,9.0,525.0,679.0,48.00555555555556,1.059318938611477,50.8913071707268,High,,,,False
2123,15183,3.0,37.0,584.0,34.39666666666667,0.010291065939743448,0.37244268572488265,Low,,,,True
2124,15184,3.0,694.0,723.0,78.85333333333334,0.4087587625967975,33.339385086051095,Medium,,,,True
2125,15186,4.0,682.0,696.0,40.45,0.5442962387146759,22.680649456846023,Medium,,,,True
2126,15187,15.0,211.0,212.0,17.383333333333333,5.250585472866625,91.2990421074983,VIP,,,,False
2127,15189,50.0,508.0,509.0,21.967399999999998,8.069877022592461,174.71171669535894,VIP,,,,False
2128,15191,1.0,225.0,688.0,34.6,0.14153248746587258,5.94699701297943,Low,,,,True
2129,15192,4.0,560.0,679.0,46.335,0.5405359877115055,25.73755072506723,Medium,,,,True
2130,15194,36.0,733.0,736.0,33.20194444444444,4.158544828172467,136.1681316762269,VIP,,,,False
2131,15196,1.0,294.0,726.0,44.15,0.14564728692531692,7.6663731835000615,Low,,,,True
2132,15197,9.0,720.0,728.0,23.112222222222222,1.097054014704574,25.574750526578377,Medium,,,,False
2133,15198,5.0,597.0,689.0,15.136,0.6566040303649373,10.400059667168987,Low,,,,True
2134,15199,9.0,516.0,575.0,18.461111111111112,1.339697738571706,25.04146087671441,Medium,,,,False
2135,15201,12.0,533.0,611.0,16.7025,1.6392221708280263,27.54025346269816,Medium,,,,False
2136,15202,1.0,2.0,422.0,10796.84,0.07344448447440603,881.9260090260401,VIP,,,,True
2137,15203,13.0,706.0,731.0,32.53923076923077,1.5452182288577596,50.12035587297234,High,,,,False
2138,15205,2.0,42.0,127.0,10.25,1.0392629958882478,12.828767845134017,Medium,,,,False
2139,15206,3.0,265.0,275.0,7.066666666666666,0.965324235495221,8.010595971085197,Low,,,,True
2140,15207,4.0,138.0,547.0,6.4775,0.10415495777789713,0.7655326218299191,Low,,,,True
2141,15208,6.0,422.0,423.0,34.321666666666665,1.2341838892017987,43.01939155457886,High,,,,False
2142,15210,2.0,350.0,575.0,123.245,0.3296717519123735,42.88394961218407,High,,,,True
2143,15211,1.0,305.0,365.0,166.99,0.3231879116073437,61.153215779804334,High,,,,True
2144,15212,2.0,137.0,376.0,14.774999999999999,0.3901001048419038,6.654481119366521,Low,,,,True
2145,15213,1.0,11.0,329.0,5.2,0.14255309977468958,1.3301402169660217,Low,,,,True
2146,15214,7.0,241.0,242.0,25.332857142857144,2.291185373554738,58.92410644001738,High,,,,False
2147,15215,9.0,568.0,612.0,72.58555555555556,1.2752255747173802,92.40253251625187,VIP,,,,False
2148,15216,1.0,531.0,618.0,9.6,0.2021845666156286,2.8756149944498826,Low,,,,True
2149,15218,19.0,672.0,682.0,58.86052631578947,2.384442508762014,138.84955741319726,VIP,,,,False
2150,15219,1.0,472.0,648.0,88.95,0.188460792143805,19.307261833788687,Medium,,,,True
2151,15220,6.0,229.0,280.0,43.56166666666667,1.701248802407648,75.02177175971612,High,,,,False
2152,15221,6.0,271.0,637.0,55.71666666666667,0.2261278567308604,12.720275806414737,Medium,,,,True
2153,15222,14.0,405.0,723.0,11.198571428571428,0.08611662987116815,0.9729055553186492,Low,,,,True
2154,15223,4.0,509.0,734.0,38.9775,0.47336268954388894,19.02069364831206,Medium,,,,True
2155,15224,6.0,335.0,693.0,17.863333333333333,0.33132195357825944,6.0951905111585205,Low,,,,True
2156,15227,7.0,597.0,633.0,64.32571428571428,0.9807585107143765,63.35766957426917,High,,,,True
2157,15228,6.0,433.0,499.0,98.68166666666667,1.0405484923362218,103.24456406000807,VIP,,,,False
2158,15230,1.0,1.0,240.0,4.95,0.20334613809591265,1.8408947283908081,Low,,,,True
2159,15231,1.0,25.0,621.0,7.15,0.052832468881008676,0.6075053695018029,Low,,,,True
2160,15232,1.0,27.0,140.0,17.009999999999998,0.5622592684980282,12.6300317956493,Medium,,,,True
2161,15235,11.0,171.0,388.0,40.902727272727276,0.07863564366761433,3.210170642396739,Low,,,,True
2162,15237,3.0,226.0,227.0,23.11,1.1340034020901106,27.9789730707468,Medium,,,,False
2163,15238,4.0,155.0,184.0,54.9375,1.681071129235199,94.65829044764868,VIP,,,,False
2164,15239,2.0,68.0,78.0,23.6,1.7145786748558909,45.01834687289476,High,,,,False
2165,15240,19.0,690.0,734.0,30.754736842105263,2.204233400321714,67.24042215637547,High,,,,False
2166,15241,11.0,588.0,654.0,26.611818181818183,1.4367312061026367,38.303551318911026,High,,,,False
2167,15243,1.0,361.0,435.0,53.9,0.2765665021410975,17.555883438290877,Medium,,,,True
2168,15244,3.0,601.0,666.0,47.160000000000004,0.4373141882698314,21.52322373784272,Medium,,,,True
2169,15245,7.0,461.0,595.0,33.04571428571428,0.9732837906907233,32.51561694059022,Medium,,,,True
2170,15246,2.0,317.0,555.0,49.225,0.3335304885629953,17.66180813430753,Medium,,,,True
2171,15247,3.0,415.0,537.0,12.383333333333333,0.5172166732454998,7.0984310654367215,Low,,,,True
2172,15248,3.0,123.0,534.0,47.4,0.14326264927427268,7.086071860829488,Low,,,,True
2173,15249,19.0,592.0,623.0,71.01,2.5739430704585264,180.73466534712665,VIP,,,,False
2174,15251,28.0,670.0,679.0,35.395714285714284,3.496536463246731,122.23837903439143,VIP,,,,False
2175,15252,6.0,575.0,611.0,38.348333333333336,0.8788652015439972,34.17299265410375,High,,,,True
2176,15253,8.0,570.0,586.0,27.16375,1.1974579800055756,32.84253182161857,Medium,,,,False
2177,15254,3.0,611.0,738.0,72.54333333333334,0.3914907671931357,29.409789744372112,Medium,,,,True
2178,15255,8.0,670.0,736.0,66.97375,0.9589399353600387,64.28753572980143,High,,,,True
2179,15256,1.0,413.0,561.0,10.9,0.21563752388404725,3.3786433810195207,Low,,,,True
2180,15257,2.0,133.0,414.0,150.85,0.3260487093399247,51.791578065279566,High,,,,True
2181,15258,1.0,49.0,217.0,99.4,0.38588256336454313,44.01797918860505,High,,,,True
2182,15259,2.0,170.0,682.0,206.005,0.14950912946603825,32.3408038119649,Medium,,,,True
2183,15260,24.0,633.0,733.0,51.25541666666667,2.4835841241479404,125.73979062638006,VIP,,,,False
2184,15261,3.0,299.0,434.0,46.096666666666664,0.6079466375855177,29.26184927929839,Medium,,,,True
2185,15262,2.0,165.0,488.0,23.900000000000002,0.28519047087127547,7.57644596822867,Low,,,,True
2186,15264,2.0,466.0,530.0,28.665000000000003,0.3856198269926356,12.159055559258773,Medium,,,,True
2187,15265,3.0,587.0,738.0,216.1833333333333,0.3881058080640351,86.0505863272459,VIP,,,,True
2188,15266,5.0,363.0,701.0,48.072,0.4156989690611255,20.33198015623392,Medium,,,,True
2189,15267,4.0,160.0,182.0,2.1375,1.7063601764058731,5.060526517964112,Low,,,,False
2190,15268,2.0,127.0,605.0,17.225,0.14173614590270103,2.7795789589484166,Low,,,,True
2191,15269,2.0,367.0,390.0,100.815,0.5118912870844265,54.624315270819224,High,,,,True
2192,15270,22.0,707.0,722.0,50.814090909090915,2.605989893939658,130.89392900383064,VIP,,,,False
2193,15271,24.0,484.0,491.0,50.29416666666666,4.04265333921887,200.84665278430398,VIP,,,,False
2194,15272,5.0,606.0,663.0,176.498,0.6875999361224853,122.29909232207413,VIP,,,,True
2195,15274,1.0,14.0,18.0,48.56,1.9163361826110237,110.28618635724993,VIP,,,,False
2196,15275,1.0,6.0,37.0,5.95,1.407384993114804,14.307526850181429,Medium,,,,False
2197,15276,2.0,368.0,434.0,116.28,0.4590601171064573,56.38386469540835,High,,,,True
2198,15277,1.0,379.0,425.0,21.25,0.2851522199012372,7.749296998554011,Low,,,,True
2199,15278,1.0,104.0,665.0,18.17,0.10075395203356878,2.3930215540885094,Low,,,,True
2200,15279,6.0,321.0,675.0,50.10833333333333,0.3229711176639751,16.356478448599475,Medium,,,,True
2201,15280,2.0,399.0,571.0,32.54,0.3447702895585632,12.263053400526411,Medium,,,,True
2202,15281,19.0,369.0,427.0,67.5978947368421,3.419750052296062,228.61643149069218,VIP,,,,False
2203,15283,3.0,128.0,518.0,9.450000000000001,0.17103333788432468,1.835283221108718,Low,,,,True
2204,15287,5.0,715.0,737.0,15.26,0.6288206160872027,10.038270365498915,Low,,,,True
2205,15288,8.0,622.0,665.0,59.7725,1.0594726781766126,63.435566371890474,High,,,,False
2206,15289,6.0,592.0,621.0,15.036666666666667,0.8675077604193132,13.506894683544342,Medium,,,,True
2207,15290,26.0,649.0,653.0,31.529230769230768,3.3744570660390645,105.18881683751505,VIP,,,,False
2208,15291,46.0,711.0,736.0,31.097826086956523,5.253749850652935,160.9417405173984,VIP,,,,False
2209,15294,1.0,10.0,410.0,11.049999999999999,0.09286725896711245,1.4705633415918147,Low,,,,True
2210,15296,15.0,643.0,687.0,106.19933333333333,1.8651869910291659,196.1259617238644,VIP,,,,False
2211,15297,3.0,53.0,63.0,24.646666666666665,2.6921411247377414,70.65018689437568,High,,,,False
2212,15298,26.0,729.0,731.0,37.91961538461538,3.040631402936667,113.9186340278542,VIP,,,,False
2213,15299,11.0,671.0,738.0,122.74454545454546,1.288613429265857,157.11871339839016,VIP,,,,False
2214,15301,15.0,400.0,450.0,66.38333333333334,2.6911270349964242,177.096620687795,VIP,,,,False
2215,15302,1.0,8.0,730.0,16.95,0.026080493583949586,0.5840634020177321,Low,,,,True
2216,15303,3.0,393.0,683.0,87.38,0.36906488025093365,33.31357564969627,Medium,,,,True
2217,15304,10.0,361.0,421.0,18.29,1.92865001340431,35.60724178617161,High,,,,False
2218,15306,8.0,595.0,659.0,43.62625,1.0605702099051009,46.46153992506442,High,,,,False
2219,15308,1.0,4.0,274.0,8.2,0.17258709134358405,2.186082125722889,Low,,,,True
2220,15309,6.0,125.0,735.0,24.665000000000003,0.0019155721253389206,0.04826986143305624,Low,,,,True
2221,15311,201.0,738.0,738.0,60.919154228855724,22.88201578174089,1367.7295614645525,VIP,,,,False
2222,15312,12.0,648.0,723.0,32.71,1.4187923086334489,46.32351258418329,High,,,,False
2223,15314,3.0,229.0,428.0,14.81,0.5508492440299158,8.92433920661787,Low,,,,True
2224,15315,2.0,52.0,116.0,8.379999999999999,1.1995104203903049,12.469552096470922,Medium,,,,False
2225,15317,1.0,54.0,731.0,16.75,0.05635179021225226,1.2494475279550012,Low,,,,True
2226,15321,12.0,673.0,722.0,78.88166666666667,1.437738856300833,112.6685715286242,VIP,,,,False
2227,15322,2.0,412.0,476.0,75.26,0.423955711811725,33.95132948621119,High,,,,True
2228,15323,3.0,128.0,661.0,36.1,0.07202418543283252,2.731816143914353,Low,,,,True
2229,15325,7.0,558.0,661.0,62.32142857142857,0.9175844406607953,57.442552620046825,High,,,,True
2230,15326,9.0,405.0,738.0,37.79555555555555,0.3190561941942614,12.091827438496843,Medium,,,,True
2231,15329,19.0,690.0,725.0,36.41105263157895,2.237780046588681,80.75044092602727,High,,,,False
2232,15330,1.0,28.0,60.0,3.1100000000000003,1.1469696622999066,8.037663244184511,Low,,,,False
2233,15331,2.0,110.0,609.0,16.22,0.11718657635729467,2.1754230488417288,Low,,,,True
2234,15332,3.0,147.0,513.0,68.58333333333333,0.2252957818612032,16.014426009439834,Medium,,,,True
2235,15334,2.0,17.0,173.0,48.67,0.4831473632149317,25.3065473797069,Medium,,,,True
2236,15337,1.0,9.0,411.0,16.95,0.09058540512314463,2.0286653088569873,Low,,,,True
2237,15339,5.0,603.0,669.0,119.26200000000001,0.6802077392658339,81.89204233601873,High,,,,True
2238,15341,2.0,480.0,560.0,32.085,0.3653453408301664,12.82168107148103,Medium,,,,True
2239,15342,1.0,13.0,129.0,3.08,0.5558489329976725,3.876512477910044,Low,,,,True
2240,15344,4.0,74.0,74.0,35.6325,3.195687481450096,117.62350334373768,VIP,,,,False
2241,15345,1.0,10.0,45.0,25.85,1.286697879135523,41.553440553210194,High,,,,False
2242,15346,3.0,99.0,431.0,20.29,0.19564242911830657,4.263821124618283,Low,,,,True
2243,15347,4.0,71.0,437.0,12.2125,0.046746899606958124,0.6144274123121009,Low,,,,True
2244,15349,1.0,29.0,187.0,38.55,0.40971850695574447,19.016220660843263,Medium,,,,True
2245,15350,1.0,10.0,383.0,13.350000000000001,0.10584260946986683,1.9467026066750093,Low,,,,True
2246,15351,9.0,420.0,432.0,95.58444444444444,1.7608490920056268,167.82335465452832,VIP,,,,False
2247,15353,6.0,483.0,737.0,152.69833333333335,0.6120993555815569,93.79835265561172,VIP,,,,True
2248,15354,1.0,5.0,603.0,94.8,0.03713461615769951,4.0458752805668485,Low,,,,True
2249,15355,1.0,24.0,53.0,37.7,1.225795057009873,55.73855147475422,High,,,,False
2250,15356,12.0,391.0,422.0,102.3725,2.3413638763034212,237.94188516663215,VIP,,,,False
2251,15358,42.0,728.0,732.0,50.970238095238095,4.864844703682608,244.1409707459386,VIP,,,,False
2252,15359,4.0,139.0,693.0,3.705,0.034140674669776626,0.15530755004272193,Low,,,,True
2253,15361,3.0,182.0,543.0,31.436666666666667,0.2695094542831423,8.939628017570278,Low,,,,True
2254,15362,1.0,290.0,738.0,61.03,0.14185216749996835,10.12885696437614,Low,,,,True
2255,15363,2.0,251.0,492.0,27.875,0.3574015794408924,10.975128773527912,Low,,,,True
2256,15364,1.0,159.0,254.0,47.510000000000005,0.42150660981368393,23.76225313779425,Medium,,,,True
2257,15365,7.0,648.0,673.0,145.51000000000002,0.9296971283232356,135.32471653216896,VIP,,,,True
2258,15366,6.0,576.0,651.0,38.665,0.8195051856049897,32.12436410810175,Medium,,,,True
2259,15367,10.0,672.0,729.0,61.80499999999999,1.1957962449233155,73.70007336652591,High,,,,False
2260,15368,1.0,373.0,394.0,14.24,0.30718585593846637,5.953864137545003,Low,,,,True
2261,15369,9.0,587.0,731.0,198.60555555555555,1.019317164004254,201.46672463198655,VIP,,,,False
2262,15370,8.0,370.0,410.0,46.235,1.6305271804435992,75.66404610311677,High,,,,False
2263,15372,6.0,526.0,663.0,16.061666666666667,0.7788982470265492,12.925668792595012,Medium,,,,True
2264,15373,16.0,578.0,586.0,59.683125,2.3215546209648448,137.3053738742433,VIP,,,,False
2265,15374,1.0,496.0,624.0,11.45,0.1980456221982766,3.224107926420194,Low,,,,True
2266,15376,2.0,182.0,222.0,87.36,0.8092874812914334,75.01549404038073,High,,,,True
2267,15377,3.0,33.0,415.0,25.099999999999998,0.03557665051890315,0.9500061679856528,Low,,,,True
2268,15378,1.0,39.0,501.0,11.7,0.0988659865563733,1.6369930090827274,Low,,,,True
2269,15379,8.0,231.0,400.0,63.08125,0.9530744849189534,60.20391068157389,High,,,,True
2270,15380,11.0,730.0,738.0,23.506363636363634,1.310037944534135,30.894090615290736,Medium,,,,False
2271,15381,5.0,370.0,583.0,16.208000000000002,0.6583136145102179,11.135798462898784,Low,,,,True
2272,15382,17.0,721.0,735.0,84.23882352941176,1.9956484648060986,166.33294978614416,VIP,,,,False
2273,15384,4.0,423.0,592.0,54.195,0.5865658548186689,32.58692181684493,Medium,,,,True
2274,15385,2.0,637.0,677.0,19.12,0.3109820192051863,6.712672471418433,Low,,,,True
2275,15389,4.0,509.0,681.0,1.0425,0.5237259181879936,0.9737794042051542,Low,,,,True
2276,15390,1.0,13.0,409.0,67.39,0.0988236285907714,7.75538827323232,Low,,,,True
2277,15391,1.0,14.0,584.0,6.95,0.048950922215769625,0.5519884722338729,Low,,,,True
2278,15392,7.0,427.0,431.0,43.36571428571428,1.3981443963426374,61.09861267682035,High,,,,False
2279,15393,4.0,708.0,724.0,25.505000000000003,0.5245945512044877,13.939460552278614,Medium,,,,True
2280,15394,11.0,715.0,724.0,73.04545454545455,1.3333330203106695,96.9017154084088,VIP,,,,False
2281,15396,1.0,471.0,583.0,50.39,0.21135566523294974,12.591468782078978,Medium,,,,True
2282,15398,2.0,62.0,78.0,60.575,1.7003577179846001,110.16113077514223,VIP,,,,False
2283,15399,2.0,78.0,79.0,26.505000000000003,1.71878831739855,50.33201230322582,High,,,,False
2284,15400,8.0,468.0,560.0,4.8875,1.2022192634758362,6.324217097767629,Low,,,,False
2285,15401,1.0,116.0,568.0,31.5,0.13854241042625598,5.343874565435203,Low,,,,True
2286,15402,5.0,443.0,591.0,65.908,0.7227430318998284,48.293591704935274,High,,,,True
2287,15403,1.0,239.0,730.0,1.6099999999999999,0.1335775423867842,0.7131831965530251,Low,,,,True
2288,15405,1.0,387.0,576.0,28.8,0.20699003923354029,7.362662419215771,Low,,,,True
2289,15406,4.0,435.0,453.0,51.4425,0.8029614376207336,42.376480959037764,High,,,,True
2290,15407,3.0,272.0,305.0,191.56333333333336,0.8760037316874438,172.22107766402732,VIP,,,,True
2291,15409,1.0,20.0,721.0,9.15,0.034956352007942344,0.47968280804928043,Low,,,,True
2292,15410,9.0,515.0,599.0,56.20777777777778,1.2725025264655216,71.50178361909342,High,,,,False
2293,15411,4.0,156.0,182.0,87.9275,1.7000465078034106,152.38778111842302,VIP,,,,False
2294,15413,5.0,308.0,738.0,1880.988,0.22635384757098634,427.66100751972044,VIP,,,,True
2295,15414,2.0,233.0,242.0,52.575,0.769769841770003,43.45090363167735,High,,,,True
2296,15416,7.0,612.0,676.0,98.53428571428572,0.9159855726665658,90.42012469301562,VIP,,,,True
2297,15418,1.0,161.0,586.0,102.99,0.15414917466636313,18.19849147291479,Medium,,,,True
2298,15420,5.0,300.0,734.0,13.957999999999998,0.21307805060485804,3.1229371185671604,Low,,,,True
2299,15421,8.0,674.0,732.0,99.48,0.9662026489741952,96.0270419902711,VIP,,,,True
2300,15422,5.0,347.0,670.0,71.776,0.4359667560643979,31.699894866808922,Medium,,,,True
2301,15423,3.0,583.0,621.0,15.409999999999998,0.46912802248063523,7.887549982180408,Low,,,,True
2302,15424,1.0,209.0,463.0,29.560000000000002,0.23053963097446975,8.395191451357622,Low,,,,True
2303,15425,3.0,263.0,663.0,79.66666666666667,0.2726019242313437,22.460424596994997,Medium,,,,True
2304,15426,7.0,567.0,586.0,126.54142857142857,1.0567108720281262,133.82482816779117,VIP,,,,False
2305,15427,1.0,14.0,47.0,419.91,1.2746137801057043,599.688458475378,VIP,,,,False
2306,15428,3.0,707.0,722.0,53.79,0.410290252341127,22.969370286223178,Medium,,,,True
2307,15429,1.0,49.0,75.0,98.91,1.035462224138256,117.55963416151897,VIP,,,,False
2308,15430,2.0,61.0,528.0,19.25,0.0839741909363267,1.8240049385078592,Low,,,,True
2309,15432,3.0,518.0,541.0,16.19666666666667,0.5335318487784799,9.398777350935791,Low,,,,True
2310,15433,2.0,188.0,267.0,16.465,0.677289596560289,12.746343330742743,Medium,,,,True
2311,15434,11.0,676.0,684.0,32.92909090909091,1.4056721690579255,46.27565661995635,High,,,,False
2312,15436,2.0,222.0,234.0,182.87,0.7898767251726649,151.82640089956453,VIP,,,,True
2313,15437,1.0,378.0,640.0,128.04,0.18272098423650476,26.660622556058044,Medium,,,,True
2314,15439,2.0,249.0,653.0,43.075,0.2313262371723654,10.767253839681091,Low,,,,True
2315,15440,2.0,154.0,208.0,50.83,0.8396996875823519,45.87174032521314,High,,,,True
2316,15441,2.0,334.0,730.0,80.405,0.2325698590122235,19.87126693052751,Medium,,,,True
2317,15443,14.0,641.0,642.0,121.82857142857142,1.879670843820734,226.83594649251853,VIP,,,,False
2318,15444,1.0,31.0,40.0,451.09,1.4537730264138065,734.3922752686838,VIP,,,,False
2319,15445,1.0,326.0,590.0,27.75,0.19403809044153986,6.675428245958114,Low,,,,True
2320,15446,3.0,350.0,726.0,58.19333333333333,0.3061624025863142,18.51584246589979,Medium,,,,True
2321,15447,4.0,295.0,625.0,24.305,0.38789980549441994,9.837025500314493,Low,,,,True
2322,15448,1.0,362.0,674.0,100.17999999999999,0.17012394510264497,19.55284236670878,Medium,,,,True
2323,15449,4.0,235.0,261.0,16.6,1.2815060097255009,22.524389189833855,Medium,,,,False
2324,15451,1.0,165.0,599.0,92.55,0.15095949382495893,16.069632639573932,Medium,,,,True
2325,15452,5.0,482.0,511.0,37.872,0.8768760816270924,33.90777279560581,High,,,,True
2326,15453,6.0,186.0,187.0,98.80166666666666,2.4407642496825237,242.47913068918575,VIP,,,,False
2327,15454,1.0,256.0,618.0,69.55,0.1712379140364276,13.849301457893766,Medium,,,,True
2328,15456,8.0,448.0,731.0,52.045,0.5955700984374865,31.079918984515366,Medium,,,,True
2329,15458,1.0,377.0,402.0,8.57,0.3014534799585437,3.9423238819652218,Low,,,,True
2330,15459,1.0,80.0,497.0,4.4,0.14258681478084556,1.2036055081186348,Low,,,,True
2331,15461,2.0,278.0,738.0,1.895,0.20270457981681644,0.73734313834116,Low,,,,True
2332,15462,3.0,351.0,445.0,5.683333333333334,0.6160002982222671,4.241994600589889,Low,,,,True
2333,15465,32.0,710.0,729.0,44.0721875,3.722276588470074,161.78805868747145,VIP,,,,False
2334,15466,3.0,651.0,736.0,117.00666666666666,0.39728226368302477,47.872983131518446,High,,,,True
2335,15467,2.0,143.0,152.0,32.8,1.103676147814038,39.55778316668633,High,,,,False
2336,15468,5.0,357.0,392.0,29.032,1.1050179266685247,32.9215156486758,Medium,,,,False
2337,15469,5.0,395.0,438.0,35.92,0.9999667821660526,36.70777317197586,High,,,,True
2338,15471,2.0,548.0,550.0,142.20999999999998,0.37892269235844656,56.778511539393456,High,,,,True
2339,15473,4.0,430.0,444.0,9.225,0.8183139247772817,8.28593172083705,Low,,,,True
2340,15476,2.0,62.0,442.0,63.225,0.13887399925220323,9.379859920009974,Low,,,,True
2341,15478,2.0,535.0,575.0,75.08500000000001,0.3608597571509692,28.832485650646376,Medium,,,,True
2342,15480,3.0,560.0,676.0,1439.9366666666667,0.4248594759892372,624.826838026124,VIP,,,,True
2343,15482,16.0,722.0,737.0,164.008125,1.87687794787347,304.3928907346858,VIP,,,,False
2344,15483,5.0,523.0,684.0,68.634,0.6361406452963893,44.24789940886791,High,,,,True
2345,15484,6.0,733.0,734.0,77.85333333333334,0.7475353371175905,58.599667020629234,High,,,,True
2346,15485,6.0,708.0,738.0,70.83333333333333,0.740067995532431,52.81867237915871,High,,,,True
2347,15488,4.0,491.0,583.0,7.699999999999999,0.6252048730793068,5.367339122856083,Low,,,,True
2348,15489,11.0,671.0,693.0,33.62909090909091,1.3848955987625804,46.55237511237805,High,,,,False
2349,15491,5.0,140.0,235.0,68.348,1.4565192380530465,100.89660190604222,VIP,,,,False
2350,15492,1.0,46.0,74.0,9.29,1.0392065403940538,14.423739439918656,Medium,,,,False
2351,15493,7.0,622.0,654.0,332.8157142857143,0.9529225542011288,316.6943437489306,VIP,,,,True
2352,15494,4.0,708.0,729.0,168.24,0.5208077884724601,88.93617571554267,VIP,,,,True
2353,15497,10.0,704.0,721.0,44.211,1.220849093797506,53.93450412364693,High,,,,False
2354,15498,40.0,723.0,723.0,109.84575,4.692909291881031,507.23614591295245,VIP,,,,False
2355,15500,3.0,73.0,81.0,73.22,2.342687893188888,177.62532676558612,VIP,,,,False
2356,15501,1.0,11.0,415.0,85.75,0.09250885164140019,9.148263267601934,Low,,,,True
2357,15502,16.0,539.0,554.0,498.23625,2.4388650090914297,1200.6196262891995,VIP,,,,False
2358,15503,1.0,364.0,726.0,137.67,0.1557061446749552,24.385979968117514,Medium,,,,True
2359,15504,4.0,584.0,665.0,36.1225,0.5584727820403432,20.829909368381337,Medium,,,,True
2360,15505,6.0,103.0,155.0,28.541666666666668,2.547696209777925,74.08055061656037,High,,,,False
2361,15506,5.0,455.0,477.0,90.244,0.9344428728534363,85.27396649293759,VIP,,,,True
2362,15508,3.0,46.0,235.0,79.21666666666667,0.4040416994978497,33.105873416041604,Medium,,,,True
2363,15511,4.0,74.0,85.0,123.5475,2.90625662494979,365.11093439028923,VIP,,,,False
2364,15512,3.0,521.0,676.0,31.003333333333334,0.41801670864803736,13.68065598458238,Medium,,,,True
2365,15513,31.0,664.0,695.0,86.48967741935483,3.749639434816743,319.53200241625376,VIP,,,,False
2366,15514,14.0,723.0,735.0,49.12714285714286,1.6552967629352102,80.77476537020326,High,,,,False
2367,15516,1.0,2.0,46.0,2.89,1.2197842684695415,8.249658567785428,Low,,,,False
2368,15518,17.0,655.0,719.0,67.13647058823528,1.9949371283810358,132.59156232578903,VIP,,,,False
2369,15519,1.0,63.0,446.0,76.85,0.15180567009781804,13.509934865064972,Medium,,,,True
2370,15521,17.0,667.0,703.0,85.18529411764706,2.066604682990132,174.17817469659357,VIP,,,,False
2371,15522,1.0,55.0,87.0,8.9,0.9413708035336673,12.65745061232306,Medium,,,,True
2372,15523,14.0,653.0,737.0,39.69428571428572,1.6015073570375291,63.21377735457473,High,,,,False
2373,15524,1.0,582.0,606.0,110.0,0.20894713008543891,26.29632001929087,Medium,,,,True
2374,15525,3.0,380.0,382.0,140.78666666666666,0.7311232991095292,105.84743881025918,VIP,,,,True
2375,15527,21.0,706.0,724.0,63.27809523809523,2.4823586821315007,155.237262527622,VIP,,,,False
2376,15529,11.0,372.0,394.0,104.61,2.299321973549396,239.03525254936102,VIP,,,,False
2377,15530,4.0,491.0,512.0,76.67,0.719184410723514,56.28383197436034,High,,,,True
2378,15531,1.0,22.0,30.0,110.9,1.628605654006843,206.6254158491892,VIP,,,,False
2379,15532,9.0,524.0,549.0,231.60666666666668,1.4155615436741171,326.1936324420007,VIP,,,,False
2380,15533,2.0,70.0,89.0,93.375,1.5655666053417,154.93841240247366,VIP,,,,False
2381,15535,7.0,276.0,449.0,74.31285714285715,0.9778773068215731,72.91122734789279,High,,,,True
2382,15538,9.0,126.0,663.0,42.46666666666667,0.00013351843362792621,0.005679763784774515,Low,,,,True
2383,15540,1.0,364.0,375.0,25.7,0.32173142413294753,10.33527125273747,Low,,,,True
2384,15542,1.0,225.0,737.0,244.60999999999999,0.12841017544781444,35.378923459786506,High,,,,True
2385,15543,1.0,171.0,459.0,61.58,0.21943504593910734,15.80302570801955,Medium,,,,True
2386,15544,24.0,672.0,680.0,33.06541666666667,3.0033927992189495,98.2333490747222,VIP,,,,False
2387,15545,1.0,317.0,371.0,121.83,0.31959146484999335,44.42546091772653,High,,,,True
2388,15547,22.0,726.0,733.0,156.64954545454546,2.57390171135885,397.7840053132307,VIP,,,,False
2389,15549,8.0,620.0,697.0,61.166250000000005,1.0030549745465587,61.44861175343887,High,,,,False
2390,15550,10.0,732.0,736.0,67.422,1.2004270636761185,80.67490911446743,High,,,,False
2391,15551,4.0,514.0,550.0,91.2225,0.6716233736358745,62.43533538657326,High,,,,True
2392,15552,1.0,406.0,623.0,30.33,0.1913619211998478,7.13228091574999,Low,,,,True
2393,15555,31.0,721.0,733.0,100.19645161290323,3.5969467780333244,355.03870899931513,VIP,,,,False
2394,15561,7.0,652.0,663.0,33.754285714285714,0.9452503255974132,32.24688110687335,Medium,,,,True
2395,15562,2.0,375.0,726.0,11.895,0.24854142222310566,3.4937893994443923,Low,,,,True
2396,15563,8.0,672.0,680.0,52.35625,1.0462759593442739,54.92422125719264,High,,,,False
2397,15564,1.0,213.0,676.0,5.95,0.14180228260090685,1.4413464784926333,Low,,,,True
2398,15565,1.0,20.0,70.0,15.38,1.0045737377886894,20.745943990127273,Medium,,,,False
2399,15566,1.0,332.0,724.0,16.6,0.1520824411037474,3.3466513261209627,Low,,,,True
2400,15568,2.0,71.0,73.0,45.144999999999996,1.7983319711499266,87.59311592711879,VIP,,,,False
2401,15569,8.0,546.0,649.0,35.575,1.052078558470689,37.66079105034745,High,,,,False
2402,15570,22.0,614.0,621.0,115.38227272727272,2.999955931721906,341.60620843248,VIP,,,,False
2403,15571,12.0,722.0,733.0,123.13833333333334,1.4317157053830434,174.93297862532341,VIP,,,,False
2404,15572,7.0,600.0,604.0,157.53142857142856,1.0311413197160986,162.45232433149718,VIP,,,,False
2405,15573,4.0,698.0,729.0,108.2175,0.5198598500071674,57.25206859639331,High,,,,True
2406,15574,5.0,287.0,464.0,98.878,0.7994453440958533,79.88546348493477,High,,,,True
2407,15577,3.0,575.0,726.0,44.52,0.39370668189051194,18.316174611835308,Medium,,,,True
2408,15579,4.0,364.0,432.0,90.1525,0.8201705198345282,75.35859701326333,High,,,,True
2409,15580,8.0,294.0,670.0,75.53125,0.11760107037616754,8.885425510726227,Low,,,,True
2410,15581,30.0,617.0,737.0,212.375,2.1869608404922003,457.3625273586538,VIP,,,,False
2411,15582,2.0,196.0,220.0,28.585,0.824228923396267,25.921185289411206,Medium,,,,True
2412,15584,5.0,647.0,670.0,100.728,0.6865652569395531,69.88039275013317,High,,,,True
2413,15586,3.0,109.0,700.0,6.91,0.039941987431861684,0.32505489624887957,Low,,,,True
2414,15587,6.0,441.0,491.0,5.855,1.0637723319296322,6.794848958138344,Low,,,,False
2415,15589,2.0,58.0,310.0,53.07,0.3010397235425563,17.1477463071534,Medium,,,,True
2416,15590,4.0,317.0,606.0,44.962500000000006,0.4577613130833769,21.161610928004805,Medium,,,,True
2417,15591,2.0,91.0,673.0,10.55,0.0695026008747786,0.8796078520523374,Low,,,,True
2418,15594,5.0,219.0,234.0,56.61600000000001,1.7187643352892967,98.81483303049049,VIP,,,,False
2419,15596,15.0,399.0,499.0,36.34733333333334,2.173858448131196,78.53524759006945,High,,,,False
2420,15597,2.0,546.0,575.0,19.175,0.36180365196341385,7.830448685455405,Low,,,,True
2421,15598,3.0,392.0,427.0,12.763333333333334,0.6563073413125022,9.261956643298277,Low,,,,True
2422,15599,2.0,419.0,445.0,49.115,0.4555233381324646,24.069797548494297,Medium,,,,True
2423,15600,4.0,165.0,593.0,48.65,0.12217318656660403,6.103005643508199,Low,,,,True
2424,15601,31.0,727.0,738.0,68.26322580645162,3.575152229290425,240.5354803863613,VIP,,,,False
2425,15602,21.0,729.0,737.0,16.777619047619048,2.4469375690642203,40.84190735696005,High,,,,False
2426,15603,2.0,570.0,648.0,1.13,0.3207880676556,0.9111770440822891,Low,,,,True
2427,15605,9.0,658.0,694.0,48.09888888888889,1.1399630840014905,54.87124024216722,High,,,,False
2428,15606,18.0,590.0,647.0,31.522222222222222,2.3240505448919486,72.70197404728725,High,,,,False
2429,15607,11.0,364.0,700.0,20.566363636363636,0.12419409863544527,2.5669744353491244,Low,,,,True
2430,15608,3.0,387.0,415.0,65.11333333333333,0.6745225491819117,45.55780307603901,High,,,,True
2431,15609,1.0,2.0,184.0,22.7,0.31174426622993673,8.974912157577606,Low,,,,True
2432,15611,28.0,674.0,683.0,19.78642857142857,3.477613166549349,68.13433126087304,High,,,,False
2433,15612,1.0,25.0,61.0,25.2,1.1248694742906742,35.513552102588775,High,,,,False
2434,15614,5.0,310.0,738.0,58.517999999999994,0.23101169992801743,13.721897449490815,Medium,,,,True
2435,15615,43.0,727.0,737.0,53.1506976744186,4.941340515309677,258.5468426325202,VIP,,,,False
2436,15617,2.0,111.0,507.0,48.75,0.18503950681670644,9.707046503610567,Low,,,,True
2437,15618,3.0,104.0,136.0,28.49,1.6249718557975674,49.01663157956614,High,,,,False
2438,15620,7.0,359.0,409.0,55.279999999999994,1.4351898822466842,79.76932783472296,High,,,,False
2439,15621,3.0,17.0,21.0,10.636666666666667,4.240526853547366,50.64743872530131,High,,,,False
2440,15622,21.0,698.0,701.0,84.38904761904762,2.5656313958158106,213.84460967624463,VIP,,,,False
2441,15623,7.0,588.0,729.0,55.23857142857143,0.8223438926447358,45.67193633110584,High,,,,True
2442,15624,3.0,140.0,256.0,21.67,0.8912179514141747,20.67883576632053,Medium,,,,True
2443,15625,12.0,442.0,542.0,18.375,1.7447329568208274,32.20225907378478,Medium,,,,False
2444,15626,3.0,347.0,421.0,29.100000000000005,0.6530716190693943,20.105121260549183,Medium,,,,True
2445,15627,1.0,65.0,522.0,17.81,0.11824909346699096,2.7612408494740266,Low,,,,True
2446,15628,20.0,722.0,726.0,37.386,2.367899108308489,87.6761151614045,VIP,,,,False
2447,15629,2.0,82.0,532.0,48.79,0.11677927598058246,6.1310189422531005,Low,,,,True
2448,15630,3.0,599.0,644.0,58.52666666666667,0.4530977422304331,27.556307876595653,Medium,,,,True
2449,15632,9.0,259.0,274.0,46.75,2.5986901914085583,121.60771701017333,VIP,,,,False
2450,15633,16.0,222.0,731.0,38.20875,6.3708410199131725e-06,0.0002416721233661856,Low,,,,True
2451,15634,1.0,366.0,383.0,55.9,0.3152665402232586,20.71364622201837,Medium,,,,True
2452,15636,3.0,480.0,569.0,43.153333333333336,0.4997372660201549,22.552088564075756,Medium,,,,True
2453,15637,4.0,672.0,724.0,28.1375,0.5209161636708467,15.227047775096743,Medium,,,,True
2454,15638,7.0,380.0,681.0,14.664285714285715,0.494509731067893,7.456222239027046,Low,,,,True
2455,15639,4.0,471.0,605.0,40.442499999999995,0.5923074476069117,24.676867471636196,Medium,,,,True
2456,15640,26.0,721.0,725.0,80.46076923076923,3.0630250944268433,243.0861540777753,VIP,,,,False
2457,15641,11.0,628.0,733.0,52.96909090909091,1.2656777532362797,66.80300889374155,High,,,,False
2458,15643,4.0,103.0,282.0,21.8875,0.6355955384169103,14.566680006723551,Medium,,,,True
2459,15644,2.0,95.0,261.0,144.715,0.5571398795206456,84.93966054376534,VIP,,,,True
2460,15645,3.0,407.0,425.0,52.86333333333334,0.6626652419421465,36.47202019777037,High,,,,True
2461,15646,5.0,253.0,410.0,30.389999999999997,0.8967271267793586,27.93869027929948,Medium,,,,True
2462,15648,3.0,63.0,267.0,25.433333333333334,0.4140959287019403,11.198722933811236,Low,,,,True
2463,15649,3.0,51.0,387.0,4.25,0.09050101253014531,0.4908339578978014,Low,,,,True
2464,15650,2.0,113.0,628.0,31.3,0.11191227272939891,3.8359749685380775,Low,,,,True
2465,15651,3.0,560.0,596.0,33.056666666666665,0.4872194964492004,16.966572174983078,Medium,,,,True
2466,15652,5.0,394.0,485.0,71.22999999999999,0.8913152964339404,64.32103584125647,High,,,,True
2467,15653,1.0,23.0,115.0,1.44,0.6702542600273639,3.452160857746751,Low,,,,True
2468,15654,1.0,17.0,26.0,45.78,1.7056433143138172,92.88634355200811,VIP,,,,False
2469,15655,1.0,10.0,243.0,29.65,0.232760542474991,8.499597007454224,Low,,,,True
2470,15656,3.0,239.0,284.0,44.89333333333334,0.9223978710736852,43.26503816854695,High,,,,True
2471,15658,11.0,546.0,736.0,50.936363636363645,1.061795894622042,53.90309667253183,High,,,,False
2472,15659,2.0,610.0,653.0,48.675,0.3212303758029874,16.826294392298465,Medium,,,,True
2473,15660,13.0,647.0,672.0,26.393076923076926,1.669865566560441,44.00948461757769,High,,,,False
2474,15661,7.0,261.0,578.0,5.277142857142857,0.25017093234755994,1.430263188910144,Low,,,,True
2475,15662,1.0,77.0,738.0,35.22,0.06918024287394861,2.9545401478475553,Low,,,,True
2476,15664,6.0,599.0,649.0,25.788333333333338,0.8287174423704301,21.81363072038299,Medium,,,,True
2477,15665,4.0,467.0,635.0,128.7175,0.5557453384934883,72.71362484397909,High,,,,True
2478,15666,1.0,23.0,495.0,76.75999999999999,0.08104704833959099,7.2046396142111835,Low,,,,True
2479,15669,4.0,223.0,263.0,15.287500000000001,1.2611864607669376,20.494946263079154,Medium,,,,False
2480,15670,2.0,260.0,556.0,19.525,0.3059639903070925,6.7335102493171615,Low,,,,True
2481,15671,8.0,252.0,270.0,20.43625,2.35117745173734,48.7473077898277,High,,,,False
2482,15673,9.0,567.0,655.0,73.90555555555555,1.1746552646861412,86.65540299693915,VIP,,,,False
2483,15674,15.0,658.0,731.0,121.93333333333334,1.7353517389333963,209.45374169526747,VIP,,,,False
2484,15675,3.0,323.0,404.0,20.153333333333332,0.6733679093655469,14.581458079253409,Medium,,,,True
2485,15676,4.0,274.0,283.0,130.6175,1.2089544442292197,160.50464921741047,VIP,,,,False
2486,15677,2.0,414.0,463.0,93.805,0.4366785520315047,43.408391439642195,High,,,,True
2487,15678,2.0,470.0,522.0,64.865,0.3923129251530513,27.167938873204125,Medium,,,,True
2488,15679,3.0,158.0,182.0,34.74666666666667,1.3294117994349088,48.58988485575155,High,,,,False
2489,15680,11.0,728.0,737.0,62.221818181818186,1.3114715543958637,81.24560017361812,High,,,,False
2490,15681,11.0,546.0,564.0,21.768181818181816,1.6737722571463358,36.58899070492205,High,,,,False
2491,15682,2.0,88.0,687.0,17.005,0.06252483643127409,1.2118337138476059,Low,,,,True
2492,15683,1.0,356.0,473.0,21.63,0.25274649187465276,6.975398177974993,Low,,,,True
2493,15684,5.0,188.0,735.0,7.219999999999999,0.03351417213305375,0.2644488421775242,Low,,,,True
2494,15687,9.0,322.0,330.0,71.50666666666667,2.229323092401947,159.150276708612,VIP,,,,False
2495,15689,2.0,498.0,617.0,15.75,0.33089055228372516,5.980523751841698,Low,,,,True
2496,15690,1.0,96.0,100.0,8.1,0.8953763585479625,11.242428303587797,Low,,,,True
2497,15691,3.0,481.0,733.0,10.883333333333333,0.36788145697686003,4.485685677195797,Low,,,,True
2498,15694,27.0,732.0,732.0,25.336296296296293,3.152077844430503,79.00445642771805,High,,,,False
2499,15695,2.0,415.0,681.0,67.36,0.2815542284612946,20.22962848810696,Medium,,,,True
2500,15696,19.0,651.0,684.0,60.97684210526315,2.3621357077282097,142.48211151142675,VIP,,,,False
2501,15700,1.0,1.0,173.0,8.299999999999999,0.33474149464269315,4.277342594337284,Low,,,,True
2502,15701,3.0,108.0,110.0,93.58666666666666,1.940886692388154,187.5040597679885,VIP,,,,False
2503,15702,1.0,206.0,682.0,74.66,0.13805569359721723,11.949935719516265,Medium,,,,True
2504,15704,5.0,443.0,583.0,103.23799999999999,0.736120346937626,76.7797837849442,High,,,,True
2505,15706,6.0,57.0,116.0,29.49833333333333,2.6447601078297813,79.43478042410106,High,,,,False
2506,15707,3.0,51.0,86.0,118.02333333333333,2.1402929004615507,260.1550625418459,VIP,,,,False
2507,15708,11.0,385.0,425.0,112.63181818181819,2.1302555969942034,238.39381808297753,VIP,,,,False
2508,15709,1.0,306.0,589.0,14.49,0.19137756079619908,3.762415700002566,Low,,,,True
2509,15711,1.0,128.0,684.0,59.2,0.10822532509639264,7.5075688402336365,Low,,,,True
2510,15712,12.0,729.0,738.0,50.81583333333333,1.4231938636067145,71.98052036129312,High,,,,False
2511,15713,5.0,580.0,723.0,39.410000000000004,0.6147379179663105,24.720308641185703,Medium,,,,True
2512,15714,4.0,544.0,555.0,32.7975,0.6702234175143379,22.746823689890675,Medium,,,,True
2513,15715,2.0,64.0,619.0,48.230000000000004,0.05590072716367383,2.902207690883691,Low,,,,True
2514,15716,10.0,587.0,732.0,66.749,1.1124230523912473,74.01785749209006,High,,,,False
2515,15717,4.0,358.0,592.0,18.4375,0.5349001416385968,10.394307215780307,Low,,,,True
2516,15719,37.0,706.0,738.0,112.51432432432432,4.2157130616797,466.858558872328,VIP,,,,False
2517,15720,1.0,526.0,550.0,315.66,0.2281829849988488,80.89401454349097,High,,,,True
2518,15722,8.0,605.0,640.0,77.35625,1.0996563750481088,85.0823298857311,VIP,,,,False
2519,15723,3.0,210.0,574.0,58.31666666666666,0.2865201668588119,17.364112355770512,Medium,,,,True
2520,15724,4.0,199.0,400.0,12.15,0.6554454370837954,8.573624095114189,Low,,,,True
2521,15727,13.0,668.0,684.0,165.70538461538462,1.6463996931851383,270.3135503051935,VIP,,,,False
2522,15728,2.0,395.0,444.0,19.85,0.4530268275482856,10.123489091335141,Low,,,,True
2523,15729,4.0,205.0,403.0,10.0875,0.6660698844922815,7.324759175463001,Low,,,,True
2524,15730,6.0,366.0,431.0,48.04833333333334,1.1805744880083713,57.35740238316073,High,,,,False
2525,15732,10.0,461.0,673.0,20.244,0.915227856183492,18.671139016840147,Medium,,,,True
2526,15734,3.0,433.0,547.0,148.46333333333334,0.5114009636052337,78.04318904092698,High,,,,True
2527,15736,1.0,5.0,435.0,26.2,0.07418891117375992,2.4244676680423787,Low,,,,True
2528,15737,8.0,228.0,242.0,27.4325,2.577520929306,71.38509894121216,High,,,,False
2529,15738,40.0,711.0,729.0,24.0895,4.636462211405529,110.1844013238336,VIP,,,,False
2530,15741,1.0,160.0,618.0,28.990000000000002,0.14223833458353638,5.089473035121982,Low,,,,True
2531,15743,3.0,168.0,184.0,101.06,1.326547427001244,138.26877652431008,VIP,,,,False
2532,15745,5.0,228.0,236.0,39.554,1.7134229572401052,69.15209033504324,High,,,,False
2533,15747,8.0,678.0,690.0,56.5125,1.0315127192541593,58.41527535134436,High,,,,False
2534,15748,1.0,409.0,449.0,73.51,0.27229598451248116,23.22176160852079,Medium,,,,True
2535,15749,1.0,97.0,332.0,30.439999999999998,0.2761090938826949,10.324910980303493,Low,,,,True
2536,15750,20.0,736.0,738.0,83.2385,2.3328055778794177,191.86403173736588,VIP,,,,False
2537,15751,6.0,273.0,733.0,93.085,0.10141095388602862,9.494414877302958,Low,,,,True
2538,15752,8.0,418.0,457.0,111.53625,1.4845691681086668,165.3577074892467,VIP,,,,False
2539,15754,10.0,605.0,655.0,25.847,1.3212953669645788,34.29981170915285,High,,,,False
2540,15755,19.0,734.0,735.0,53.029999999999994,2.228072113305807,116.9282484920115,VIP,,,,False
2541,15756,3.0,188.0,249.0,118.73666666666668,1.0093232204800835,123.4116333551082,VIP,,,,False
2542,15757,5.0,482.0,547.0,107.53600000000002,0.8148915609126298,88.51284812697675,VIP,,,,True
2543,15759,9.0,519.0,737.0,8.742222222222223,0.860428458580974,7.775630019725019,Low,,,,True
2544,15762,1.0,12.0,77.0,51.74,0.8981597146825101,54.861563086679894,High,,,,True
2545,15763,2.0,46.0,77.0,129.115,1.6626827189188353,226.47590564532197,VIP,,,,False
2546,15764,10.0,397.0,478.0,58.629999999999995,1.6934625647748642,99.0395633984948,VIP,,,,False
2547,15766,3.0,618.0,682.0,30.08,0.4280773415757795,13.606517113601292,Medium,,,,True
2548,15767,1.0,94.0,735.0,46.0,0.07922597893034923,4.3331417103356324,Low,,,,True
2549,15768,33.0,621.0,736.0,184.4618181818182,2.2597532497789894,410.33411550014085,VIP,,,,False
2550,15769,43.0,721.0,728.0,10.576976744186046,5.001584960665055,52.37042473021653,High,,,,False
2551,15771,2.0,89.0,693.0,26.495,0.061905419383207684,1.8119646481633813,Low,,,,True
2552,15773,1.0,404.0,409.0,13.34,0.2987364338496668,5.49115265849953,Low,,,,True
2553,15774,6.0,588.0,656.0,77.02833333333332,0.8159968521339331,63.29334000616529,High,,,,True
2554,15775,1.0,386.0,631.0,17.3,0.1866043972256797,4.2515718499262745,Low,,,,True
2555,15777,7.0,327.0,568.0,26.294285714285714,0.6602518377568526,17.6126269328684,Medium,,,,True
2556,15779,1.0,69.0,532.0,35.2,0.1180258863343498,5.038056368667029,Low,,,,True
2557,15780,2.0,174.0,357.0,29.935000000000002,0.4724588038458804,15.52262503171637,Medium,,,,True
2558,15781,3.0,280.0,305.0,17.25,0.8794674280932987,16.438637113976444,Medium,,,,True
2559,15782,5.0,713.0,722.0,63.44,0.6423559053445486,41.33006287878118,High,,,,True
2560,15784,1.0,205.0,672.0,61.42,0.14069481642072695,10.107249688729501,Low,,,,True
2561,15785,21.0,695.0,724.0,30.194285714285716,2.474297696293519,74.02758670589569,High,,,,False
2562,15786,7.0,493.0,536.0,163.37857142857143,1.137080773181281,185.7734346830206,VIP,,,,False
2563,15787,1.0,35.0,61.0,233.56,1.1547502276107429,304.0023534192727,VIP,,,,False
2564,15788,1.0,8.0,508.0,2.1,0.05772474761738918,0.33964995730699465,Low,,,,True
2565,15789,5.0,265.0,623.0,33.688,0.29440332306675987,10.147321285360885,Low,,,,True
2566,15791,8.0,598.0,641.0,55.42125,1.0955432723789813,60.85187525632168,High,,,,False
2567,15792,1.0,219.0,618.0,78.9,0.16216749973746786,14.80155424781936,Medium,,,,True
2568,15793,8.0,729.0,738.0,9.879999999999999,0.969662251004816,9.917967445636604,Low,,,,True
2569,15794,1.0,1.0,737.0,2.55,0.021126707462041892,0.134877516030319,Low,,,,True
2570,15795,6.0,541.0,690.0,56.93833333333333,0.7465960780798131,42.91002092962389,High,,,,True
2571,15796,21.0,737.0,738.0,60.57523809523809,2.4466724589145006,146.4857031693925,VIP,,,,False
2572,15797,5.0,568.0,681.0,7.470000000000001,0.6575785917471154,5.353806800033724,Low,,,,True
2573,15798,2.0,189.0,681.0,81.12,0.1680340532249991,14.48240172907353,Medium,,,,True
2574,15799,3.0,343.0,418.0,74.07000000000001,0.6566822722491846,50.35570829237336,High,,,,True
2575,15800,3.0,511.0,618.0,143.16333333333333,0.4614399818600394,67.92256862942907,High,,,,True
2576,15801,3.0,63.0,109.0,62.35666666666666,1.808929678181962,117.09533473659275,VIP,,,,False
2577,15803,3.0,625.0,676.0,22.223333333333333,0.4328739942282362,10.288019675879848,Low,,,,True
2578,15804,17.0,198.0,198.0,57.874117647058824,6.257782328769693,358.71409966578256,VIP,,,,False
2579,15805,28.0,706.0,729.0,54.25821428571429,3.261393606295518,174.5829385227348,VIP,,,,False
2580,15806,2.0,230.0,276.0,17.265,0.677844042843432,13.321808799634482,Medium,,,,True
2581,15807,4.0,616.0,666.0,48.41,0.5625767104869767,27.9663120185935,Medium,,,,True
2582,15808,20.0,432.0,738.0,130.9095,0.016240311929589107,2.0991986730536207,Low,,,,True
2583,15809,8.0,500.0,535.0,99.065,1.2931511580337125,127.9882546454156,VIP,,,,False
2584,15810,11.0,639.0,717.0,45.20909090909091,1.3151110493237281,59.29864505445891,High,,,,False
2585,15811,9.0,371.0,388.0,54.64,1.9315955831875056,105.52930755624737,VIP,,,,False
2586,15812,12.0,617.0,724.0,29.2225,1.3810883454134315,40.323555445795094,High,,,,False
2587,15813,1.0,32.0,239.0,47.93,0.30500238027079385,17.336864110465445,Medium,,,,True
2588,15814,6.0,600.0,603.0,49.14000000000001,0.8960811322316675,44.51330940545736,High,,,,True
2589,15815,4.0,196.0,259.0,18.215,1.2463842554747273,23.940641429813233,Medium,,,,False
2590,15817,2.0,123.0,543.0,133.78,0.17634820061088916,24.875354145105785,Medium,,,,True
2591,15819,8.0,582.0,631.0,54.505,1.109109990726782,60.59425401559558,High,,,,False
2592,15821,1.0,17.0,61.0,101.38,1.0937515563577722,127.1831163680435,VIP,,,,False
2593,15822,6.0,730.0,733.0,27.563333333333333,0.7482579697423262,21.023947336503593,Medium,,,,True
2594,15823,5.0,394.0,731.0,18.887999999999998,0.4280606538922816,8.39278735130177,Low,,,,True
2595,15824,1.0,79.0,532.0,25.43,0.12663458763304342,4.029930454558624,Low,,,,True
2596,15826,4.0,517.0,568.0,56.01,0.6496115756755003,37.28060318424104,High,,,,True
2597,15827,34.0,627.0,700.0,35.51676470588235,3.7097902390471638,129.96496125709982,VIP,,,,False
2598,15829,1.0,41.0,140.0,15.61,0.6021283592988194,12.588288140231878,Medium,,,,True
2599,15830,1.0,8.0,37.0,9.2,1.4192791508499942,19.55775308210932,Medium,,,,False
2600,15831,2.0,266.0,324.0,76.55,0.5901084569604069,48.05113199426657,High,,,,True
2601,15834,6.0,354.0,424.0,227.60666666666665,1.192402990611277,272.05564148248266,VIP,,,,False
2602,15835,3.0,286.0,330.0,34.68,0.8153800456997867,29.74571114868222,Medium,,,,True
2603,15836,1.0,5.0,50.0,19.9,1.1781381451200263,30.252355835238493,Medium,,,,False
2604,15837,1.0,421.0,485.0,98.19,0.2524744721291323,28.459305279746197,Medium,,,,True
2605,15838,32.0,713.0,724.0,12.595625,3.7545455173737277,46.90232778360921,High,,,,False
2606,15839,4.0,123.0,148.0,27.115000000000002,1.9795029000275004,55.822443133794465,High,,,,False
2607,15840,2.0,114.0,172.0,12.395,0.9577340925384233,13.96282965247959,Medium,,,,True
2608,15841,11.0,665.0,729.0,15.395454545454545,1.3046868947688082,20.280854396879956,Medium,,,,False
2609,15842,2.0,139.0,527.0,29.465000000000003,0.21299624916913776,6.893577617131239,Low,,,,True
2610,15845,13.0,665.0,682.0,45.26307692307692,1.6504949686396237,74.31230929033094,High,,,,False
2611,15847,4.0,603.0,641.0,38.5625,0.5842471090461022,23.231400671044092,Medium,,,,True
2612,15850,5.0,707.0,726.0,106.976,0.6379876384041105,68.93840761278608,High,,,,True
2613,15852,2.0,340.0,526.0,36.905,0.3643841435400552,14.618025339508804,Medium,,,,True
2614,15854,18.0,725.0,729.0,45.66444444444445,2.129313001645653,96.32678895735052,VIP,,,,False
2615,15855,5.0,340.0,476.0,30.176,0.8624145437726388,26.684178998986845,Medium,,,,True
2616,15856,43.0,732.0,736.0,48.71860465116279,4.953983582105055,237.62383751227708,VIP,,,,False
2617,15857,1.0,412.0,430.0,13.2,0.2847663548279035,5.190028391996049,Low,,,,True
2618,15858,12.0,714.0,729.0,87.7725,1.4379466561388219,125.34296568541298,VIP,,,,False
2619,15860,16.0,693.0,733.0,65.045625,1.8733826274096994,120.72015409141446,VIP,,,,False
2620,15861,9.0,668.0,680.0,160.63555555555556,1.1677776222625225,186.7618529304509,VIP,,,,False
2621,15862,9.0,714.0,722.0,115.33777777777777,1.1055177100691977,127.0569936640529,VIP,,,,False
2622,15863,4.0,697.0,722.0,29.825,0.5251053529209954,16.244677123800635,Medium,,,,True
2623,15864,7.0,359.0,381.0,9.691428571428572,1.548680319970348,15.671479618632748,Medium,,,,False
2624,15865,4.0,663.0,703.0,88.055,0.5366021197762186,48.16610694298931,High,,,,True
2625,15867,29.0,720.0,725.0,115.31965517241379,3.4084645729456136,387.2884471676382,VIP,,,,False
2626,15869,1.0,349.0,626.0,32.13,0.1840165153590656,7.226782539698869,Low,,,,True
2627,15870,2.0,414.0,446.0,102.19,0.45379504107065455,49.074738162355914,High,,,,True
2628,15872,2.0,536.0,550.0,198.29000000000002,0.3779589903619124,78.71969735971707,High,,,,True
2629,15873,2.0,8.0,500.0,0.755,0.021203810056542458,0.05194328345186768,Low,,,,True
2630,15874,18.0,638.0,701.0,131.02833333333334,2.1551908691061095,279.05181901234664,VIP,,,,False
2631,15876,1.0,39.0,448.0,37.82,0.12123404262444581,5.528191610067383,Low,,,,True
2632,15877,1.0,16.0,17.0,66.69,1.9557731806432332,151.9871438046684,VIP,,,,False
2633,15878,1.0,172.0,733.0,32.8,0.11371535543626018,4.550573206081166,Low,,,,True
2634,15879,3.0,318.0,722.0,172.87666666666667,0.2818666667738834,50.03735393488458,High,,,,True
2635,15881,2.0,52.0,364.0,46.22,0.1905842113402374,9.495616341145993,Low,,,,True
2636,15882,5.0,531.0,729.0,17.184000000000005,0.5859746805885772,10.48633719034223,Low,,,,True
2637,15883,1.0,31.0,33.0,79.99,1.5898848581773914,147.0637590138474,VIP,,,,False
2638,15884,1.0,304.0,736.0,3.95,0.14472403429352135,1.1492228003038358,Low,,,,True
2639,15885,16.0,595.0,687.0,31.27,1.9014356144566982,59.09863062241513,High,,,,False
2640,15886,2.0,538.0,598.0,67.50999999999999,0.34653582999411736,24.952799373540742,Medium,,,,True
2641,15887,2.0,149.0,555.0,9.75,0.20431711090066834,2.415487402388085,Low,,,,True
2642,15888,3.0,447.0,526.0,37.28333333333334,0.5375813177522787,21.039378502922826,Medium,,,,True
2643,15889,7.0,573.0,729.0,93.04142857142857,0.8115984525368456,75.67003561708039,High,,,,True
2644,15890,2.0,210.0,604.0,56.075,0.23382142836213277,14.050671280106455,Medium,,,,True
2645,15894,1.0,116.0,369.0,6.62,0.255503511132102,2.7874503928466794,Low,,,,True
2646,15898,26.0,727.0,728.0,78.44115384615385,3.052753351364787,236.19906235055504,VIP,,,,False
2647,15900,3.0,539.0,562.0,77.69333333333333,0.515461179943014,41.43234670132836,High,,,,True
2648,15901,5.0,527.0,543.0,63.477999999999994,0.8330438214568613,53.63139663837043,High,,,,True
2649,15903,14.0,722.0,731.0,21.291428571428572,1.6646071683799657,35.41685758952876,High,,,,False
2650,15906,8.0,431.0,450.0,103.07625,1.5171666441966138,156.21658388239817,VIP,,,,False
2651,15907,2.0,207.0,210.0,221.17,0.8651573795973299,200.82516076859065,VIP,,,,True
2652,15908,1.0,22.0,512.0,35.95,0.0745676732728975,3.245182731309748,Low,,,,True
2653,15910,14.0,687.0,687.0,75.35428571428572,1.7659108925689482,131.96444966927095,VIP,,,,False
2654,15911,7.0,282.0,730.0,133.15428571428572,0.07495698905265148,9.987000258462905,Low,,,,True
2655,15912,5.0,551.0,729.0,22.387999999999998,0.596364460997489,13.788483948899309,Medium,,,,True
2656,15916,11.0,713.0,729.0,92.03545454545454,1.3231671028490453,121.06390842328427,VIP,,,,False
2657,15917,3.0,490.0,737.0,90.19666666666667,0.36791548426540194,34.26738842530153,High,,,,True
2658,15918,2.0,441.0,631.0,50.285,0.3143651847592113,16.994075444486832,Medium,,,,True
2659,15919,1.0,349.0,368.0,190.9,0.3261683147214633,70.3881916795347,High,,,,True
2660,15920,4.0,571.0,725.0,65.54,0.5023373597754437,33.66468873865313,Medium,,,,True
2661,15921,3.0,468.0,640.0,96.66333333333334,0.43363294075787284,43.2503096690984,High,,,,True
2662,15922,1.0,1.0,373.0,2.95,0.09168439444921728,0.6261224468056066,Low,,,,True
2663,15932,10.0,285.0,289.0,15.266,2.7603379742273315,42.68138441056023,High,,,,False
2664,15933,2.0,65.0,86.0,46.215,1.593213320495109,79.37785689087276,High,,,,False
2665,15934,1.0,12.0,429.0,26.85,0.08841284831710303,2.9531988601104193,Low,,,,True
2666,15935,2.0,492.0,731.0,163.76999999999998,0.27137813125623994,46.759941309635735,High,,,,True
2667,15936,1.0,88.0,467.0,19.55,0.16460435934327294,4.162146581177463,Low,,,,True
2668,15938,8.0,444.0,556.0,9.25,1.1835730662739752,11.364021883053233,Medium,,,,False
2669,15939,15.0,285.0,374.0,9.375333333333334,2.540748307890183,24.07275848351403,Medium,,,,False
2670,15940,1.0,98.0,409.0,12.95,0.2094615566080492,3.759340247339761,Low,,,,True
2671,15941,1.0,124.0,637.0,21.8,0.11948556046509479,3.320162999043923,Low,,,,True
2672,15943,1.0,28.0,677.0,12.24,0.04629746156738684,0.7943688996018645,Low,,,,True
2673,15944,3.0,450.0,726.0,39.15,0.36203436550846446,14.858557607423288,Medium,,,,True
2674,15945,3.0,373.0,738.0,28.400000000000002,0.31349852787620264,9.427069084382817,Low,,,,True
2675,15946,1.0,131.0,633.0,31.759999999999998,0.12425050205782913,4.828507941102626,Low,,,,True
2676,15948,2.0,416.0,424.0,75.64500000000001,0.47784880341908414,38.45906361229919,High,,,,True
2677,15949,1.0,55.0,71.0,13.260000000000002,1.0853851558361132,19.856150891044717,Medium,,,,False
2678,15950,10.0,681.0,682.0,112.23299999999999,1.2889951749034914,143.93152128869409,VIP,,,,False
2679,15951,3.0,380.0,381.0,56.876666666666665,0.7330065174292336,43.34607729431143,High,,,,True
2680,15952,3.0,192.0,225.0,74.93,1.1208702405020445,86.93677082535991,VIP,,,,False
2681,15953,18.0,721.0,736.0,32.056666666666665,2.1061945351469396,66.99751906025546,High,,,,False
2682,15955,18.0,630.0,654.0,52.61611111111111,2.343100434076302,122.07260768135144,VIP,,,,False
2683,15956,1.0,175.0,726.0,34.35,0.11646053870697938,4.861130626959194,Low,,,,True
2684,15957,1.0,389.0,420.0,117.09,0.28956301372803384,38.72504500449407,High,,,,True
2685,15958,3.0,476.0,550.0,55.72,0.5178406754898315,30.01062470548743,Medium,,,,True
2686,15960,4.0,61.0,435.0,17.474999999999998,0.03253674642467068,0.6006309344225285,Low,,,,True
2687,15963,1.0,26.0,45.0,20.990000000000002,1.3534236720396384,36.39402068301158,High,,,,False
2688,15965,10.0,719.0,736.0,83.036,1.1977626384830216,99.0497250390581,VIP,,,,False
2689,15966,1.0,6.0,450.0,17.05,0.07086026095076557,1.5947927928327086,Low,,,,True
2690,15967,10.0,715.0,738.0,138.11700000000002,1.1933451727550755,163.89493192124453,VIP,,,,False
2691,15969,5.0,520.0,522.0,47.908,0.8660061305224487,42.21440628497893,High,,,,True
2692,15970,1.0,295.0,598.0,28.6,0.18610805403853542,6.57849545208653,Low,,,,True
2693,15971,16.0,714.0,731.0,6.665,1.8903731705219282,12.816277686098523,Medium,,,,False
2694,15972,3.0,144.0,600.0,158.25666666666666,0.13149851669555196,21.381818463025013,Medium,,,,True
2695,15973,4.0,194.0,429.0,15.84,0.5418311628429094,9.107287977568447,Low,,,,True
2696,15974,7.0,249.0,288.0,57.325714285714284,1.9384026648631099,111.694414306461,VIP,,,,False
2697,15976,5.0,386.0,551.0,170.89600000000002,0.7455277822667746,128.4094384205955,VIP,,,,True
2698,15977,1.0,22.0,39.0,96.09,1.4443034576932137,159.45411388141153,VIP,,,,False
2699,15978,3.0,567.0,644.0,68.59333333333333,0.4493350232434249,31.9439032306789,Medium,,,,True
2700,15980,5.0,468.0,556.0,26.120000000000005,0.7946655130400508,21.351403603923227,Medium,,,,True
2701,15981,26.0,596.0,620.0,29.005,3.5173533483584882,100.89934334285341,VIP,,,,False
2702,15983,7.0,711.0,733.0,69.11,0.859724797619021,59.64025639235017,High,,,,True
2703,15984,24.0,736.0,738.0,75.01041666666667,2.7867947557703303,206.31198898762383,VIP,,,,False
2704,15985,6.0,438.0,561.0,25.628333333333334,0.9030519137007418,23.62587411793526,Medium,,,,True
2705,15986,1.0,351.0,381.0,12.559999999999999,0.3153077569514161,5.522320140726782,Low,,,,True
2706,15987,6.0,367.0,379.0,47.905,1.3548825232545345,65.63213858167072,High,,,,False
2707,15988,2.0,637.0,656.0,152.83,0.3214395366063652,51.721825980466804,High,,,,True
2708,15989,1.0,362.0,737.0,160.18,0.15261029329234602,27.720551807307547,Medium,,,,True
2709,15990,6.0,605.0,649.0,58.89333333333334,0.8301130327687074,49.33315195856878,High,,,,True
2710,15992,2.0,450.0,453.0,38.65,0.45117287556470426,18.920173781520045,Medium,,,,True
2711,15993,5.0,36.0,44.0,140.376,5.032870164149333,712.7197829525946,VIP,,,,False
2712,15994,4.0,581.0,635.0,65.03,0.5869098369422566,39.030158514249635,High,,,,True
2713,15996,6.0,309.0,397.0,84.29333333333334,1.2343208239031105,104.7105642681114,VIP,,,,False
2714,15998,16.0,702.0,738.0,215.328125,1.8642999564542464,396.8477020136636,VIP,,,,False
2715,16001,1.0,161.0,542.0,67.49,0.17216169915472151,13.529751827977744,Medium,,,,True
2716,16003,7.0,707.0,736.0,119.89,0.8553078789899419,102.64483094203044,VIP,,,,True
2717,16004,3.0,209.0,683.0,71.94,0.17724029294292293,13.205634972262487,Medium,,,,True
2718,16005,8.0,438.0,450.0,121.43,1.5204808397499099,184.32701619384602,VIP,,,,False
2719,16006,1.0,176.0,387.0,12.620000000000001,0.27240166510070446,4.789029433955545,Low,,,,True
2720,16007,6.0,496.0,543.0,182.83,0.9741255455368656,178.63084813969027,VIP,,,,True
2721,16008,14.0,607.0,630.0,41.37714285714286,1.903203019819245,78.2890984446651,High,,,,False
2722,16009,3.0,137.0,159.0,43.75666666666666,1.4723946853561956,67.35654267504655,High,,,,False
2723,16010,10.0,166.0,411.0,54.443,0.056389032113797255,3.0636068082197383,Low,,,,True
2724,16011,28.0,730.0,738.0,35.29678571428571,3.2373899306170313,112.86311134678382,VIP,,,,False
2725,16012,4.0,494.0,529.0,108.515,0.6957371541819637,76.83119416033037,High,,,,True
2726,16013,53.0,728.0,731.0,14.784339622641511,6.131171272750735,89.42614229406706,VIP,,,,False
2727,16014,5.0,642.0,677.0,112.756,0.6783191416058343,77.23338112344013,High,,,,True
2728,16015,2.0,46.0,49.0,64.365,2.2156737278329244,152.3019942114831,VIP,,,,False
2729,16016,9.0,399.0,402.0,94.96222222222224,1.8812516805456045,178.1363170251201,VIP,,,,False
2730,16017,4.0,656.0,703.0,62.515,0.535787522614594,34.269090769025766,High,,,,True
2731,16018,3.0,693.0,732.0,36.34333333333333,0.40335627576180166,15.39909064437537,Medium,,,,True
2732,16019,26.0,724.0,725.0,58.715384615384615,3.0644985915664913,177.57499132006478,VIP,,,,False
2733,16020,1.0,49.0,65.0,51.79,1.1388700779954368,69.62874585769734,High,,,,False
2734,16021,1.0,149.0,544.0,210.65,0.16587631755110446,39.43860721187651,High,,,,True
2735,16023,2.0,220.0,266.0,115.28999999999999,0.6983470955674004,85.0555673364774,VIP,,,,True
2736,16024,1.0,399.0,411.0,71.14,0.29685370294182045,24.533921904089816,Medium,,,,True
2737,16027,16.0,609.0,700.0,23.833750000000002,1.8759002715345874,44.52746903826403,High,,,,False
2738,16029,80.0,693.0,731.0,309.75225,8.56700575908861,2605.705461471127,VIP,,,,False
2739,16031,1.0,155.0,247.0,141.04,0.431675674087189,69.227339022145,High,,,,True
2740,16032,5.0,67.0,523.0,69.374,0.005092962550599129,0.3580371405193393,Low,,,,True
2741,16033,24.0,480.0,485.0,185.42166666666665,4.089838735537955,747.6730960489685,VIP,,,,False
2742,16034,6.0,213.0,409.0,15.774999999999999,0.7491652573294026,12.217667103885393,Medium,,,,True
2743,16036,3.0,533.0,620.0,108.19,0.46345299234172904,51.676646299665606,High,,,,True
2744,16037,6.0,379.0,648.0,30.388333333333332,0.5867472397199213,18.143677140029578,Medium,,,,True
2745,16038,3.0,194.0,201.0,12.363333333333335,1.2456579758090152,17.071061726599098,Medium,,,,False
2746,16039,2.0,205.0,628.0,19.18,0.21338685831772228,4.619391598593582,Low,,,,True
2747,16040,7.0,544.0,609.0,65.11285714285715,1.0056500352450541,65.7551277865727,High,,,,False
2748,16041,1.0,111.0,141.0,0.79,0.692126221021156,3.064536389667389,Low,,,,True
2749,16042,8.0,431.0,453.0,41.605000000000004,1.5067134229776815,62.976513968497116,High,,,,False
2750,16043,7.0,444.0,481.0,30.53857142857143,1.2548625380882579,38.78556624145604,High,,,,False
2751,16045,7.0,379.0,498.0,51.63142857142857,1.1350099072845015,58.95496342014525,High,,,,False
2752,16048,4.0,464.0,549.0,19.517500000000002,0.6610442363371392,13.566829185848654,Medium,,,,True
2753,16049,5.0,476.0,516.0,196.234,0.8662876176883674,171.2496588608799,VIP,,,,True
2754,16050,2.0,228.0,401.0,19.475,0.4491248065594271,9.860838512536057,Low,,,,True
2755,16053,6.0,578.0,610.0,86.62,0.8810975287023471,76.7948448495861,High,,,,True
2756,16054,6.0,472.0,617.0,119.38833333333334,0.8190096142387779,98.22282051698286,VIP,,,,True
2757,16057,13.0,725.0,729.0,71.67307692307692,1.555472951742814,110.67664120412229,VIP,,,,False
2758,16059,11.0,504.0,569.0,91.35000000000001,1.624815935941472,147.56069588794412,VIP,,,,False
2759,16060,2.0,94.0,494.0,26.825,0.1646692136621409,4.876519970870777,Low,,,,True
2760,16061,2.0,162.0,431.0,16.45,0.3470516394742669,6.525828078573996,Low,,,,True
2761,16062,6.0,527.0,536.0,59.669999999999995,0.9963880312293275,59.989028883592674,High,,,,True
2762,16065,5.0,98.0,463.0,112.824,0.039022689315518215,4.445836762184733,Low,,,,True
2763,16066,4.0,108.0,124.0,72.76,2.263819365278173,168.2373188449937,VIP,,,,False
2764,16067,5.0,113.0,675.0,23.064,0.006942170362864609,0.1652217264134178,Low,,,,True
2765,16070,1.0,10.0,32.0,15.14,1.5335191362130252,31.26161427817084,Medium,,,,False
2766,16071,3.0,611.0,655.0,49.03333333333333,0.4462491235384989,22.816167483285817,Medium,,,,True
2767,16072,2.0,261.0,549.0,554.765,0.3122029887824064,180.98812421863374,VIP,,,,True
2768,16073,1.0,6.0,297.0,2.55,0.15594430558043063,0.9956148337868874,Low,,,,True
2769,16075,2.0,62.0,564.0,33.345,0.07078922556507494,2.5772633774816915,Low,,,,True
2770,16076,8.0,205.0,208.0,35.905,2.9282277772373697,105.78677988116547,VIP,,,,False
2771,16077,1.0,51.0,625.0,5.45,0.07441797128630914,0.7150512280507794,Low,,,,True
2772,16078,1.0,386.0,669.0,4.95,0.17436156414173978,1.5784333983777976,Low,,,,True
2773,16079,2.0,24.0,40.0,14.29,2.3650938512783717,39.15444167386476,High,,,,False
2774,16080,5.0,369.0,450.0,9.431999999999999,0.9560620211190919,9.66758530116194,Low,,,,True
2775,16081,7.0,618.0,674.0,145.68142857142857,0.9208974679498272,134.20127835965593,VIP,,,,True
2776,16083,3.0,288.0,388.0,18.956666666666667,0.6862759481223867,14.022832591463573,Medium,,,,True
2777,16085,11.0,665.0,688.0,84.93636363636364,1.3938536161258641,117.72545257336768,VIP,,,,False
2778,16086,10.0,678.0,737.0,32.902,1.1831208602220813,38.99368436496229,High,,,,False
2779,16087,4.0,300.0,689.0,4.19,0.3058363974506762,1.5411115285072963,Low,,,,True
2780,16088,1.0,16.0,591.0,12.86,0.04970350411450054,0.8870755972471993,Low,,,,True
2781,16089,1.0,123.0,509.0,68.24,0.16810752621625016,13.35135428571786,Medium,,,,True
2782,16091,1.0,44.0,198.0,21.55,0.41949992399952507,11.540671283051143,Medium,,,,True
2783,16092,7.0,481.0,579.0,21.108571428571427,1.0311504139486383,22.174239321367658,Medium,,,,False
2784,16094,16.0,717.0,728.0,56.280625,1.8998917010863856,105.98143509904536,VIP,,,,False
2785,16096,3.0,381.0,645.0,118.46,0.39536187237066783,48.22816102010131,High,,,,True
2786,16098,13.0,637.0,724.0,39.292307692307695,1.5144080308437584,59.239065063140785,High,,,,False
2787,16099,7.0,596.0,646.0,18.115714285714287,0.9588798851850371,17.75827469616166,Medium,,,,True
2788,16101,6.0,552.0,561.0,68.62333333333333,0.9560027218807223,66.11752760784611,High,,,,True
2789,16102,2.0,86.0,128.0,35.31,1.1992136546016081,46.119053025130526,High,,,,False
2790,16103,24.0,693.0,700.0,29.943749999999998,2.9244927676401242,86.65838393394033,VIP,,,,False
2791,16104,9.0,672.0,733.0,74.27444444444444,1.0762047712964975,79.78677427575695,High,,,,False
2792,16105,4.0,356.0,604.0,28.27,0.514641468637769,15.112590880257674,Medium,,,,True
2793,16107,6.0,166.0,183.0,10.818333333333333,2.455074402726563,27.869307360153577,Medium,,,,False
2794,16108,6.0,547.0,631.0,56.15,0.83940875012109,47.58269097105406,High,,,,True
2795,16109,3.0,480.0,698.0,12.123333333333333,0.39211086758216,5.277354870146089,Low,,,,True
2796,16110,3.0,477.0,522.0,262.06,0.5476851321881075,147.07704917306725,VIP,,,,True
2797,16112,3.0,195.0,338.0,2.7133333333333334,0.7118821976349806,2.744454716157553,Low,,,,True
2798,16115,11.0,565.0,574.0,82.79727272727273,1.6508661548546564,135.93390455604242,VIP,,,,False
2799,16116,1.0,6.0,211.0,9.95,0.271772658624082,3.97128418113539,Low,,,,True
2800,16117,2.0,402.0,591.0,85.755,0.33175961508866253,30.19582413715362,Medium,,,,True
2801,16118,4.0,259.0,652.0,5.7675,0.2711234438372571,1.798264924159025,Low,,,,True
2802,16119,7.0,715.0,723.0,18.981428571428573,0.8728941550971493,16.919350569876315,Medium,,,,True
2803,16120,1.0,363.0,422.0,56.71,0.2855659687730444,19.019368967163018,Medium,,,,True
2804,16121,4.0,508.0,565.0,165.965,0.6514640286986463,109.75133542071134,VIP,,,,True
2805,16122,5.0,352.0,425.0,14.968,1.0088793384745443,15.809855444094271,Medium,,,,False
2806,16124,5.0,416.0,732.0,73.904,0.4646087195004259,34.77516939315674,High,,,,True
2807,16125,13.0,358.0,725.0,65.03923076923077,0.028450543480899922,1.8376156936727905,Low,,,,True
2808,16126,14.0,708.0,737.0,85.125,1.6449628862791632,138.81687922512907,VIP,,,,False
2809,16127,1.0,687.0,726.0,124.25,0.17649481479944085,25.008356889715234,Medium,,,,True
2810,16128,12.0,721.0,738.0,35.62166666666666,1.4211210499714266,50.496439302148886,High,,,,False
2811,16129,2.0,100.0,507.0,137.97,0.16550100725981706,24.067877549912854,Medium,,,,True
2812,16130,3.0,195.0,617.0,81.42333333333333,0.2116030434589002,17.813962841899333,Medium,,,,True
2813,16131,10.0,686.0,737.0,57.428999999999995,1.1863042798367385,67.96484990790371,High,,,,False
2814,16132,1.0,83.0,627.0,21.95,0.09794785765822413,2.7380282419026893,Low,,,,True
2815,16133,68.0,615.0,618.0,35.45735294117647,9.166011044263664,319.59684017421023,VIP,,,,False
2816,16134,6.0,519.0,540.0,27.090000000000003,0.9868614789414126,27.2611208860362,Medium,,,,True
2817,16135,1.0,321.0,583.0,72.3,0.19603658564382553,16.454379425231892,Medium,,,,True
2818,16136,4.0,604.0,663.0,25.375000000000004,0.5635992523890421,14.901905717065826,Medium,,,,True
2819,16138,3.0,222.0,590.0,34.99666666666667,0.2886082767735069,10.621713697947605,Low,,,,True
2820,16139,4.0,718.0,736.0,26.28,0.5164806392710487,14.128216867369872,Medium,,,,True
2821,16140,3.0,389.0,441.0,25.206666666666667,0.63399797971479,16.998681165053746,Medium,,,,True
2822,16141,1.0,329.0,417.0,140.65,0.2850275910556811,45.58488914112821,High,,,,True
2823,16143,15.0,726.0,729.0,54.044000000000004,1.7852956267738411,95.71615563866109,VIP,,,,False
2824,16145,28.0,576.0,584.0,32.105357142857144,4.016531117052116,127.40665942466333,VIP,,,,False
2825,16146,3.0,291.0,448.0,20.246666666666666,0.5789033669829824,12.59097032402057,Medium,,,,True
2826,16147,5.0,539.0,672.0,62.024,0.6581036357879846,41.40767082765646,High,,,,True
2827,16148,2.0,426.0,722.0,9.18,0.2635483571798456,2.9591841239063963,Low,,,,True
2828,16149,2.0,425.0,429.0,11.285,0.47342086669607425,6.3541563808253265,Low,,,,True
2829,16150,19.0,700.0,738.0,41.98421052631579,2.199034580436312,91.44232781971839,VIP,,,,False
2830,16153,12.0,513.0,562.0,43.471666666666664,1.8014145177132226,78.01118971798914,High,,,,False
2831,16155,4.0,158.0,539.0,27.762500000000003,0.16308250639615338,4.7053687258046,Low,,,,True
2832,16156,23.0,729.0,737.0,32.106521739130436,2.6739579098699853,84.96560145077274,VIP,,,,False
2833,16157,3.0,57.0,72.0,13.543333333333331,2.4820359378135834,37.00648425826639,High,,,,False
2834,16158,8.0,212.0,734.0,28.44375,0.005433951389247747,0.15595654421727714,Low,,,,True
2835,16159,4.0,455.0,736.0,32.505,0.4413729116028107,14.84929082762078,Medium,,,,True
2836,16160,3.0,21.0,85.0,7.586666666666666,1.7497224240356408,15.44946461681734,Medium,,,,False
2837,16161,42.0,668.0,669.0,81.84357142857142,5.290975921636218,426.1204473900329,VIP,,,,False
2838,16163,12.0,512.0,737.0,16.625,0.8726083837112507,14.59349394637637,Medium,,,,True
2839,16164,3.0,25.0,42.0,20.116666666666667,3.2121868643111413,69.44690821479406,High,,,,False
2840,16166,2.0,263.0,691.0,27.384999999999998,0.21825346765803208,6.590652135372991,Low,,,,True
2841,16167,4.0,324.0,738.0,65.965,0.2882445729306812,19.440773527951173,Medium,,,,True
2842,16168,61.0,726.0,736.0,20.001967213114757,6.990439956133832,137.70129308927739,VIP,,,,False
2843,16169,3.0,67.0,75.0,44.79,2.4508899162314126,114.70923069460089,VIP,,,,False
2844,16170,24.0,609.0,659.0,34.700833333333335,3.0254659711592122,103.83011578908496,VIP,,,,False
2845,16172,6.0,418.0,513.0,35.12666666666667,0.9965636111154369,35.53883455560915,High,,,,True
2846,16173,5.0,83.0,98.0,41.244,3.2261896274950885,135.6876128824303,VIP,,,,False
2847,16174,6.0,477.0,603.0,24.03,0.8495669543682037,20.86855251818333,Medium,,,,True
2848,16175,6.0,469.0,563.0,48.73666666666667,0.9219702896424367,45.427570456121316,High,,,,True
2849,16176,5.0,199.0,620.0,34.26,0.11184344837606677,3.919192233236704,Low,,,,True
2850,16177,10.0,597.0,647.0,45.582,1.3360682414583192,60.84206555603353,High,,,,False
2851,16178,1.0,263.0,401.0,25.55,0.28609789065001234,9.142843202029912,Low,,,,True
2852,16180,13.0,434.0,534.0,49.27538461538462,1.8824469913388828,92.22898060015416,VIP,,,,False
2853,16182,8.0,568.0,640.0,11.17125,1.0849119376029235,12.49079592046372,Medium,,,,False
2854,16183,3.0,340.0,407.0,28.826666666666668,0.6746493793926507,20.58122553051491,Medium,,,,True
2855,16184,6.0,147.0,211.0,20.08666666666667,2.0257381631510007,41.77277316186309,High,,,,False
2856,16185,2.0,548.0,564.0,51.185,0.3692735828579864,20.308696366016147,Medium,,,,True
2857,16186,26.0,708.0,730.0,35.66153846153846,3.030644900308966,106.80484373200079,VIP,,,,False
2858,16187,12.0,253.0,284.0,44.471666666666664,3.265054848605074,144.63137557591824,VIP,,,,False
2859,16188,5.0,364.0,408.0,31.762,1.0629724281550388,34.58269209180423,High,,,,False
2860,16189,1.0,70.0,85.0,34.05,0.9794334136608832,40.559684269038904,High,,,,True
2861,16190,7.0,685.0,725.0,69.28714285714285,0.8652034971924113,60.173173082657215,High,,,,True
2862,16191,29.0,726.0,728.0,23.273448275862073,3.3971179844849173,78.1949222448001,High,,,,False
2863,16193,1.0,174.0,410.0,44.6,0.2535917740755533,13.475326027755084,Medium,,,,True
2864,16197,8.0,254.0,723.0,36.24625,0.02224155993112282,0.8110250336657825,Low,,,,True
2865,16198,1.0,362.0,437.0,62.69,0.2753655793207096,20.17084769762235,Medium,,,,True
2866,16199,6.0,239.0,631.0,5.108333333333333,0.13692660719771424,0.7723668295798689,Low,,,,True
2867,16200,9.0,733.0,737.0,157.51777777777778,1.0852865590994218,170.20738764637085,VIP,,,,False
2868,16201,5.0,412.0,415.0,46.83,1.0629672241579122,50.66529446319913,High,,,,False
2869,16202,7.0,377.0,737.0,63.048571428571435,0.32682131480222976,20.69656754026888,Medium,,,,True
2870,16203,6.0,446.0,504.0,23.595,1.035793063986173,24.99249886721621,Medium,,,,False
2871,16204,3.0,708.0,731.0,65.49666666666667,0.40505053235615374,27.51542951986434,Medium,,,,True
2872,16205,6.0,512.0,542.0,63.525,0.9811536809487584,62.854429606495806,High,,,,True
2873,16206,12.0,671.0,725.0,60.98499999999999,1.4296301646363307,86.70048197577415,VIP,,,,False
2874,16208,9.0,609.0,653.0,84.94,1.2024197966391537,101.88423693051143,VIP,,,,False
2875,16209,8.0,458.0,546.0,22.58875,1.2323068611226442,28.18837670380895,Medium,,,,False
2876,16210,32.0,736.0,737.0,32.641875,3.699989772837667,119.2043267746279,VIP,,,,False
2877,16211,3.0,357.0,438.0,31.03,0.6290630847124915,20.60508254601119,Medium,,,,True
2878,16212,4.0,651.0,670.0,66.6025,0.563250059035965,38.35146838374908,High,,,,True
2879,16214,3.0,265.0,435.0,66.37333333333333,0.5795640133411312,39.88945327338734,High,,,,True
2880,16217,3.0,47.0,282.0,11.436666666666667,0.2409025287084615,3.073541856278646,Low,,,,True
2881,16218,15.0,532.0,561.0,16.892,2.2547696125721735,38.11046412126494,High,,,,False
2882,16221,9.0,450.0,486.0,59.46444444444445,1.5721995809427332,93.42873427583841,VIP,,,,False
2883,16222,1.0,403.0,721.0,399.9,0.16128217597910827,72.28216104569935,High,,,,True
2884,16223,1.0,21.0,395.0,162.91,0.12053831221873716,22.26122959784952,Medium,,,,True
2885,16224,4.0,330.0,387.0,58.8775,0.9062895906929693,54.63720053620197,High,,,,True
2886,16225,15.0,626.0,670.0,54.190666666666665,1.9080873337973354,102.5762166493338,VIP,,,,False
2887,16226,4.0,210.0,413.0,5.0975,0.649802747940176,3.8701467857371696,Low,,,,True
2888,16227,5.0,316.0,535.0,18.336,0.6653059872241248,12.675701258734096,Medium,,,,True
2889,16228,2.0,26.0,400.0,21.455000000000002,0.08107975007695527,1.9474388069087336,Low,,,,True
2890,16229,6.0,599.0,686.0,78.825,0.7782945813904901,61.767297465088475,High,,,,True
2891,16230,1.0,31.0,220.0,27.1,0.33825273999476696,11.39281312159416,Medium,,,,True
2892,16231,3.0,218.0,597.0,48.626666666666665,0.2736948853820048,13.880124157220903,Medium,,,,True
2893,16232,8.0,518.0,550.0,24.07375,1.2627136943158472,30.74979994199414,Medium,,,,False
2894,16233,11.0,666.0,737.0,28.771818181818183,1.2878339443869566,37.0905257699898,High,,,,False
2895,16234,3.0,88.0,561.0,8.576666666666666,0.06030683249090502,0.5933718256314021,Low,,,,True
2896,16235,9.0,430.0,470.0,47.35666666666667,1.6161702478220763,76.60233197330167,High,,,,False
2897,16239,6.0,407.0,463.0,13.0,1.1164923414943473,15.109582201285615,Medium,,,,False
2898,16240,4.0,69.0,77.0,57.022499999999994,3.094536890140283,180.77611522938173,VIP,,,,False
2899,16241,14.0,401.0,410.0,143.77642857142857,2.811558474579258,400.3114723649386,VIP,,,,False
2900,16242,12.0,626.0,634.0,136.81,1.6380689623943598,222.32060574618083,VIP,,,,False
2901,16243,1.0,21.0,54.0,143.52,1.2009665367171305,195.92735758558632,VIP,,,,False
2902,16244,1.0,161.0,372.0,67.73,0.2787649529847983,21.982120107670656,Medium,,,,True
2903,16245,4.0,233.0,256.0,52.894999999999996,1.3041987141312057,70.7448211030152,High,,,,False
2904,16246,1.0,210.0,669.0,188.0,0.14304091426523385,30.406855344835197,Medium,,,,True
2905,16249,4.0,187.0,239.0,42.1125,1.3434900378260108,58.2415248701234,High,,,,False
2906,16250,2.0,125.0,386.0,37.06,0.3526303137863679,14.203605187673332,Medium,,,,True
2907,16252,1.0,16.0,382.0,67.1,0.11842457294060145,9.255453252928419,Low,,,,True
2908,16253,8.0,700.0,731.0,65.73,0.9742128978830542,64.10575249307686,High,,,,True
2909,16254,2.0,254.0,632.0,101.52,0.24768133494989664,26.611782236961393,Medium,,,,True
2910,16255,17.0,668.0,684.0,81.54941176470588,2.1320440892877324,172.04085756245124,VIP,,,,False
2911,16256,3.0,340.0,597.0,22.243333333333336,0.4170527470440932,9.92054670497534,Low,,,,True
2912,16258,13.0,594.0,639.0,65.35,1.7363205340878927,112.68286119307825,VIP,,,,False
2913,16259,1.0,195.0,605.0,136.09,0.1596335979372313,24.720776573308015,Medium,,,,True
2914,16261,5.0,425.0,442.0,90.72,1.0013911611697794,91.86229757064517,VIP,,,,False
2915,16262,2.0,320.0,680.0,79.21499999999999,0.252934397392835,21.297673184988998,Medium,,,,True
2916,16264,1.0,8.0,446.0,63.8,0.075425582877589,5.618094093898202,Low,,,,True
2917,16265,13.0,398.0,407.0,102.2976923076923,2.6353861764734448,267.3690563322698,VIP,,,,False
2918,16266,11.0,600.0,673.0,40.31818181818182,1.3950731506718574,56.14241149303746,High,,,,False
2919,16269,1.0,9.0,437.0,1.49,0.08025832392358093,0.41780544851235313,Low,,,,True
2920,16271,9.0,640.0,642.0,52.80222222222222,1.233607152696416,65.14268490438099,High,,,,False
2921,16273,1.0,8.0,656.0,12.75,0.03319066500055221,0.5883041669096267,Low,,,,True
2922,16275,2.0,445.0,641.0,156.53,0.30929588379318557,50.96028343085831,High,,,,True
2923,16276,2.0,431.0,607.0,21.97,0.3271063941095514,8.03212456686969,Low,,,,True
2924,16278,6.0,476.0,499.0,62.181666666666665,1.0589066249569756,66.41302362790886,High,,,,False
2925,16279,9.0,575.0,596.0,86.37777777777778,1.315378518954711,113.33457734742295,VIP,,,,False
2926,16281,3.0,610.0,682.0,28.03,0.42721301010236773,12.685227594694105,Medium,,,,True
2927,16282,2.0,379.0,718.0,36.225,0.2536134607597129,9.994444154059455,Low,,,,True
2928,16283,7.0,644.0,649.0,155.54285714285714,0.965074379542236,150.12967679371974,VIP,,,,True
2929,16284,2.0,362.0,393.0,111.485,0.5070958421492435,59.75045411637238,High,,,,True
2930,16286,2.0,146.0,623.0,12.8,0.15514597153732257,2.3272223366092635,Low,,,,True
2931,16287,4.0,520.0,689.0,21.025,0.5197892357846141,11.459330314408046,Medium,,,,True
2932,16290,3.0,101.0,565.0,115.77,0.07826564783175192,9.33239026070011,Low,,,,True
2933,16292,8.0,487.0,604.0,27.509999999999998,1.1022393694274695,30.61072515391841,Medium,,,,False
2934,16293,13.0,720.0,728.0,64.52307692307691,1.556434106577546,99.73499244327212,VIP,,,,False
2935,16295,3.0,55.0,64.0,71.87333333333333,2.6737270017277353,199.05288354248768,VIP,,,,False
2936,16296,4.0,95.0,721.0,55.667500000000004,0.008410466610326262,0.47975564806362825,Low,,,,True
2937,16297,3.0,56.0,268.0,2.316666666666667,0.3538013856027839,1.2207571870883673,Low,,,,True
2938,16298,8.0,420.0,442.0,22.62125,1.539827092483121,35.27278365527907,High,,,,False
2939,16299,1.0,5.0,477.0,3.75,0.06140450511126837,0.47395200512083846,Low,,,,True
2940,16300,2.0,245.0,675.0,199.025,0.2157338636794407,45.097087032591844,High,,,,True
2941,16302,1.0,19.0,126.0,0.85,0.5967164891226816,2.6819181006725823,Low,,,,True
2942,16303,8.0,606.0,631.0,94.59375,1.1168534426505894,105.56974292999345,VIP,,,,False
2943,16306,6.0,221.0,434.0,12.243333333333332,0.6642880461099845,8.487199227934333,Low,,,,True
2944,16307,2.0,148.0,577.0,50.055,0.1868628277537016,10.056747522414987,Low,,,,True
2945,16308,6.0,687.0,724.0,0.32,0.7521891455597369,0.6409146157924133,Low,,,,True
2946,16309,2.0,149.0,240.0,43.14,0.7212182303083142,33.619801389442586,Medium,,,,True
2947,16310,1.0,228.0,642.0,40.17,0.15641241200149109,7.5408963699845,Low,,,,True
2948,16311,1.0,32.0,49.0,36.08,1.3084112667586103,57.1384962802677,High,,,,False
2949,16313,1.0,46.0,49.0,14.129999999999999,1.3399173655796788,25.80942661405146,Medium,,,,False
2950,16314,2.0,83.0,472.0,79.85,0.16076683977743914,13.643470913280105,Medium,,,,True
2951,16315,1.0,206.0,536.0,74.92,0.1913257631927824,16.616356279073592,Medium,,,,True
2952,16316,16.0,429.0,493.0,75.266875,2.5943077135095076,193.36820385952632,VIP,,,,False
2953,16317,5.0,465.0,584.0,69.784,0.7476305977562383,52.866317784871484,High,,,,True
2954,16320,6.0,509.0,681.0,286.6516666666667,0.7375070208968287,211.81430729615272,VIP,,,,True
2955,16321,4.0,666.0,738.0,14.875,0.5094229102976653,8.065800295148016,Low,,,,True
2956,16322,1.0,35.0,36.0,13.969999999999999,1.538937133895822,29.36963759949068,Medium,,,,False
2957,16323,1.0,381.0,577.0,4.15,0.20596073991641048,1.6813008499400295,Low,,,,True
2958,16324,1.0,49.0,177.0,140.69,0.4875811221385298,78.00450244921166,High,,,,True
2959,16325,16.0,691.0,735.0,22.08625,1.865866462889028,41.068898498516205,High,,,,False
2960,16326,22.0,675.0,680.0,107.57681818181818,2.7603900134460813,293.08896044642785,VIP,,,,False
2961,16327,18.0,711.0,725.0,93.32944444444445,2.1362690086857925,197.12658610452115,VIP,,,,False
2962,16329,3.0,311.0,738.0,56.699999999999996,0.26230949797239145,15.463956426370686,Medium,,,,True
2963,16330,5.0,645.0,662.0,52.886,0.6950160386984372,37.35307054579888,High,,,,True
2964,16331,3.0,210.0,642.0,19.366666666666667,0.21371795514200015,4.456303237082896,Low,,,,True
2965,16332,10.0,561.0,589.0,52.824,1.4658108459826928,77.2819421936041,High,,,,False
2966,16333,12.0,302.0,309.0,3.8925,3.0993848152422614,12.761735434841263,Medium,,,,False
2967,16335,6.0,184.0,735.0,185.545,0.013120590148106646,2.441600649502669,Low,,,,True
2968,16336,2.0,211.0,631.0,38.91,0.21663620454759389,9.143347458592668,Low,,,,True
2969,16340,2.0,444.0,551.0,211.24,0.36697536322143864,81.38386803560634,High,,,,True
2970,16341,7.0,585.0,609.0,33.99857142857143,1.0190581710263797,35.013136356657746,High,,,,False
2971,16342,3.0,104.0,179.0,9.256666666666668,1.236150789115891,13.021292852335971,Medium,,,,False
2972,16343,1.0,391.0,407.0,113.15,0.2990557790089553,38.68454197670714,High,,,,True
2973,16344,3.0,510.0,668.0,19.94,0.42165940961588216,9.038877761127708,Low,,,,True
2974,16345,1.0,439.0,483.0,153.28,0.25498397551816965,44.36040123126617,High,,,,True
2975,16347,11.0,626.0,637.0,98.05454545454545,1.5001524079080755,146.2061559281311,VIP,,,,False
2976,16348,6.0,398.0,430.0,103.60333333333334,1.2044029832884828,125.4311822228567,VIP,,,,False
2977,16350,10.0,407.0,428.0,42.483000000000004,1.954842149991943,83.01081156463425,VIP,,,,False
2978,16351,16.0,403.0,735.0,23.14625,0.028361888721779534,0.6539555319637166,Low,,,,True
2979,16352,1.0,20.0,37.0,31.57,1.4749086195159542,57.013581352630105,High,,,,False
2980,16353,34.0,729.0,732.0,12.866470588235293,3.951004388990789,50.37568456440894,High,,,,False
2981,16354,4.0,528.0,591.0,77.38,0.6245146733015743,49.322642832194695,High,,,,True
2982,16355,1.0,1.0,375.0,3.35,0.09072748567850744,0.6599379693003093,Low,,,,True
2983,16356,4.0,354.0,551.0,23.9475,0.5953644677976284,14.883304292849791,Medium,,,,True
2984,16357,3.0,348.0,381.0,51.90333333333333,0.7252298298285462,39.20507220618941,High,,,,True
2985,16358,5.0,393.0,394.0,41.676,1.1132996041313348,47.30283871013677,High,,,,False
2986,16359,18.0,654.0,661.0,54.4,2.330195379934968,125.50234647852065,VIP,,,,False
2987,16360,5.0,84.0,88.0,287.01,3.5001783920550644,1011.0524968684167,VIP,,,,False
2988,16361,3.0,62.0,71.0,69.91666666666667,2.525308156114987,182.95876044741482,VIP,,,,False
2989,16362,6.0,405.0,437.0,42.916666666666664,1.1874714308460355,51.59825436271197,High,,,,False
2990,16364,1.0,126.0,137.0,70.98,0.7185634679054365,59.262268332747155,High,,,,True
2991,16365,14.0,711.0,728.0,39.60285714285714,1.668425410931889,65.7043289171551,High,,,,False
2992,16366,3.0,705.0,723.0,65.70666666666666,0.4095555401408888,27.909243408777893,Medium,,,,True
2993,16367,2.0,346.0,383.0,150.18,0.5173889275345818,81.82427493823154,High,,,,True
2994,16368,2.0,433.0,435.0,83.60499999999999,0.46786492795725704,41.53603850574681,High,,,,True
2995,16369,6.0,593.0,611.0,69.42333333333333,0.8826859718207882,61.75295903214052,High,,,,True
2996,16370,3.0,143.0,225.0,159.91333333333333,1.0516614655781114,172.78637542713284,VIP,,,,False
2997,16372,4.0,574.0,607.0,172.21249999999998,0.6147317363926166,107.44268544275937,VIP,,,,True
2998,16373,1.0,29.0,411.0,16.3,0.12543100980123384,2.7183848561127135,Low,,,,True
2999,16374,4.0,522.0,588.0,185.0625,0.6267452513887068,117.67855006447007,VIP,,,,True
3000,16376,1.0,9.0,17.0,96.42,1.9248179243228285,213.21818911361157,VIP,,,,False
3001,16377,1.0,350.0,617.0,2.67,0.18729557664783653,1.2207308394281335,Low,,,,True
3002,16378,2.0,63.0,310.0,14.225000000000001,0.3208869557341694,5.289961268942465,Low,,,,True
3003,16379,4.0,74.0,78.0,43.37,3.086056756040626,137.71297781037066,VIP,,,,False
3004,16381,1.0,23.0,418.0,4.35,0.11192637349453226,0.9385778467854236,Low,,,,True
3005,16382,1.0,142.0,550.0,69.25,0.15991926600032882,12.880581455302616,Medium,,,,True
3006,16383,6.0,599.0,673.0,161.13666666666666,0.7957104161920673,128.65019285569397,VIP,,,,True
3007,16384,3.0,501.0,590.0,53.089999999999996,0.4839994254659008,26.75022065197201,Medium,,,,True
3008,16385,4.0,571.0,631.0,53.8925,0.5892925806638282,32.55826309141584,Medium,,,,True
3009,16386,2.0,359.0,387.0,70.78,0.5144569759560659,38.79765537503354,High,,,,True
3010,16387,4.0,316.0,638.0,64.13499999999999,0.4064280865326414,26.660444857143943,Medium,,,,True
3011,16389,4.0,230.0,283.0,21.0925,1.1761789031605738,26.011200083301212,Medium,,,,False
3012,16390,2.0,143.0,679.0,32.575,0.1232201090155314,4.387259114686455,Low,,,,True
3013,16391,3.0,161.0,561.0,202.12333333333333,0.20163184247126195,41.81270600156455,High,,,,True
3014,16392,2.0,292.0,561.0,121.55000000000001,0.3185879477905931,40.879519487122614,High,,,,True
3015,16393,22.0,736.0,738.0,59.42363636363636,2.559801161884066,150.29642445773288,VIP,,,,False
3016,16394,8.0,239.0,289.0,10.19875,2.1546100646411177,22.722057463367683,Medium,,,,False
3017,16395,11.0,673.0,733.0,114.12181818181817,1.300373996237782,147.4407315540493,VIP,,,,False
3018,16396,1.0,3.0,476.0,5.199999999999999,0.05873510346576288,0.5480398680336465,Low,,,,True
3019,16398,3.0,109.0,253.0,70.33666666666666,0.7907044202574406,57.621258610143826,High,,,,True
3020,16399,2.0,370.0,389.0,100.69,0.5137117639988522,54.75167527438894,High,,,,True
3021,16400,8.0,637.0,731.0,67.5275,0.9537845964962328,64.46748275376117,High,,,,True
3022,16401,29.0,554.0,555.0,21.303793103448275,4.361718059643482,91.9419810403022,VIP,,,,False
3023,16402,1.0,105.0,369.0,10.350000000000001,0.24713344805142104,3.7210575121338847,Low,,,,True
3024,16403,1.0,10.0,312.0,7.949999999999999,0.15383919956760897,1.9058370081559497,Low,,,,True
3025,16404,1.0,662.0,732.0,118.8,0.1741010793582426,23.614206702557595,Medium,,,,True
3026,16405,1.0,8.0,310.0,4.8,0.1501258289845895,1.334035789959701,Low,,,,True
3027,16406,2.0,635.0,653.0,118.15,0.32285825394535417,40.28349285108561,High,,,,True
3028,16407,11.0,420.0,432.0,53.81636363636364,2.12941079926127,114.18097299065218,VIP,,,,False
3029,16409,11.0,690.0,726.0,162.63636363636363,1.3222043092741957,213.4853790857877,VIP,,,,False
3030,16411,3.0,409.0,428.0,57.28,0.6583719052554735,39.20342852684293,High,,,,True
3031,16412,4.0,620.0,673.0,61.4225,0.556822344611248,34.999975475623835,High,,,,True
3032,16413,1.0,319.0,375.0,78.31,0.31641589016368626,28.67324156734471,Medium,,,,True
3033,16414,4.0,673.0,694.0,47.165,0.5450581595643693,26.40988158595775,Medium,,,,True
3034,16415,2.0,632.0,676.0,113.83500000000001,0.31114702265535515,37.423285564191765,High,,,,True
3035,16416,8.0,628.0,654.0,60.545,1.0805649816551683,65.5291082705832,High,,,,False
3036,16418,4.0,378.0,422.0,122.8875,0.8468378500792368,105.81395826293618,VIP,,,,True
3037,16419,7.0,556.0,668.0,47.628571428571426,0.9040751004588561,43.35052102173237,High,,,,True
3038,16421,2.0,93.0,469.0,47.795,0.1841881695965766,9.479127831369986,Low,,,,True
3039,16422,118.0,721.0,738.0,17.034661016949155,13.30335079405404,222.74215464479408,VIP,,,,False
3040,16424,2.0,191.0,382.0,14.245000000000001,0.4484335857461598,7.401903157376463,Low,,,,True
3041,16426,6.0,274.0,276.0,116.65166666666666,1.7824383160939545,208.8935796996074,VIP,,,,False
3042,16427,1.0,21.0,284.0,8.0,0.21150863417336901,2.6320448205635536,Low,,,,True
3043,16428,2.0,416.0,497.0,59.07,0.4056444538928712,25.641818743131736,Medium,,,,True
3044,16430,6.0,624.0,681.0,21.37,0.791607464656757,17.338967198237736,Medium,,,,True
3045,16431,1.0,84.0,297.0,59.22,0.3041012970423757,21.102850957815665,Medium,,,,True
3046,16433,1.0,380.0,408.0,32.41,0.2972878566385341,11.767947942101912,Medium,,,,True
3047,16434,11.0,662.0,691.0,51.90181818181818,1.3862596147257467,71.70126144879666,High,,,,False
3048,16435,1.0,2.0,514.0,312.54,0.04864600675845429,17.07696706979754,Medium,,,,True
3049,16436,2.0,65.0,733.0,29.715000000000003,0.03389353757095337,1.1057756313210836,Low,,,,True
3050,16437,1.0,48.0,429.0,21.85,0.14320789175725032,3.987352163268015,Low,,,,True
3051,16438,4.0,77.0,82.0,49.36,2.9921435068921207,151.62977298829932,VIP,,,,False
3052,16440,5.0,486.0,493.0,125.154,0.9108141721697739,115.04496376902728,VIP,,,,True
3053,16441,4.0,560.0,627.0,52.245000000000005,0.5914499663223957,31.69308619204366,Medium,,,,True
3054,16442,4.0,725.0,726.0,117.0875,0.5245204806209601,62.46540146694127,High,,,,True
3055,16444,15.0,579.0,625.0,57.99333333333333,2.0295195336706118,116.7305800943985,VIP,,,,False
3056,16445,2.0,378.0,411.0,152.535,0.48736853491301024,78.2723236824121,High,,,,True
3057,16446,2.0,431.0,431.0,3.5300000000000002,0.47195646702876715,2.520825806120267,Low,,,,True
3058,16447,2.0,525.0,660.0,125.39999999999999,0.3100811611073172,41.03169914998851,High,,,,True
3059,16448,1.0,273.0,471.0,55.44,0.24141151173215475,15.737627941212091,Medium,,,,True
3060,16449,2.0,90.0,280.0,37.815,0.4880149901838986,20.04096727693576,Medium,,,,True
3061,16450,3.0,580.0,729.0,51.336666666666666,0.39260516574426735,20.996277842693715,Medium,,,,True
3062,16451,3.0,648.0,735.0,42.663333333333334,0.3975707220878381,17.742581916578082,Medium,,,,True
3063,16452,1.0,63.0,693.0,15.42,0.06888652207707864,1.425507785722894,Low,,,,True
3064,16453,1.0,18.0,548.0,27.85,0.06052313785716316,2.088891500187046,Low,,,,True
3065,16454,6.0,631.0,675.0,5.675000000000001,0.8008734609997278,4.971366610016123,Low,,,,True
3066,16455,11.0,556.0,619.0,38.04090909090909,1.51113163907463,57.402796421842325,High,,,,False
3067,16456,11.0,521.0,620.0,140.0590909090909,1.4625859260774823,203.42815791993277,VIP,,,,False
3068,16458,29.0,560.0,562.0,25.08310344827586,4.311343499262914,106.91941757465631,VIP,,,,False
3069,16460,2.0,53.0,81.0,103.21000000000001,1.6281380500582052,177.81831552045946,VIP,,,,False
3070,16461,2.0,469.0,646.0,192.725,0.3103688909753502,62.84232176882803,High,,,,True
3071,16462,3.0,219.0,283.0,8.5,0.9110438920978386,8.892903848065583,Low,,,,True
3072,16463,5.0,183.0,204.0,25.536,1.907920797197121,50.146104121674256,High,,,,False
3073,16464,2.0,123.0,142.0,182.845,1.1500304610146566,221.02970180274355,VIP,,,,False
3074,16465,2.0,31.0,444.0,26.18,0.06913283659115796,2.000847302606049,Low,,,,True
3075,16466,15.0,609.0,642.0,71.096,1.9924663774824825,140.39655986828805,VIP,,,,False
3076,16467,7.0,229.0,737.0,3.995714285714285,0.019519728154001874,0.08665322790808339,Low,,,,True
3077,16468,2.0,407.0,481.0,44.65,0.41852464200288986,20.167574752701203,Medium,,,,True
3078,16469,3.0,491.0,514.0,168.31333333333333,0.5587147044275472,96.58265052717765,VIP,,,,True
3079,16470,9.0,677.0,728.0,109.22555555555556,1.0864518731428745,118.26887240192332,VIP,,,,False
3080,16471,5.0,378.0,652.0,24.35,0.5356559172187957,13.440156073523827,Medium,,,,True
3081,16472,1.0,163.0,597.0,75.63,0.1508788344218879,13.222661849901279,Medium,,,,True
3082,16473,4.0,210.0,374.0,12.24,0.7818427383915091,10.298090717108616,Low,,,,True
3083,16474,6.0,138.0,145.0,101.59499999999998,2.9432621979885245,300.62692107400284,VIP,,,,False
3084,16475,3.0,185.0,273.0,33.949999999999996,0.9097694518622361,32.51156788188569,Medium,,,,True
3085,16476,2.0,14.0,431.0,5.3999999999999995,0.043251375795502,0.31529085836360765,Low,,,,True
3086,16477,10.0,421.0,484.0,49.667,1.7112531082560598,84.86319946602461,VIP,,,,False
3087,16478,2.0,40.0,65.0,9.95,1.8459800657523753,22.210821063678363,Medium,,,,False
3088,16481,2.0,23.0,682.0,5.075,0.013864011685467411,0.09636854390258097,Low,,,,True
3089,16484,2.0,17.0,190.0,12.64,0.40221837367329505,5.966603312198917,Low,,,,True
3090,16485,5.0,656.0,733.0,84.794,0.6240279148365476,53.53097185268153,High,,,,True
3091,16487,1.0,82.0,659.0,39.55,0.0889214572355735,4.225747605327898,Low,,,,True
3092,16488,3.0,115.0,148.0,34.26666666666667,1.5306728378648087,55.19672601426762,High,,,,False
3093,16489,1.0,56.0,436.0,16.9,0.1493242971524452,3.3358173234643442,Low,,,,True
3094,16490,1.0,6.0,436.0,11.25,0.07554754879810952,1.2131005748048294,Low,,,,True
3095,16491,2.0,367.0,413.0,51.195,0.4830448523975329,26.57101620152565,Medium,,,,True
3096,16493,8.0,551.0,623.0,16.150000000000002,1.1111552848100696,18.297831944214686,Medium,,,,False
3097,16495,1.0,273.0,276.0,192.02,0.41901172822561417,90.94706562169068,VIP,,,,True
3098,16496,5.0,501.0,509.0,62.848,0.8847963420684869,56.40362738987044,High,,,,True
3099,16497,16.0,687.0,736.0,76.75,1.8596236210508488,141.33054532810115,VIP,,,,False
3100,16498,1.0,1.0,162.0,8.2,0.36640246121867437,4.641185459081295,Low,,,,True
3101,16499,10.0,186.0,546.0,43.576,0.007426113733181177,0.32339403593589355,Low,,,,True
3102,16500,8.0,539.0,543.0,26.83375,1.2868070486678977,34.87062386054262,High,,,,False
3103,16503,11.0,430.0,536.0,75.35272727272728,1.6133891336925883,120.94522268620284,VIP,,,,False
3104,16506,1.0,21.0,40.0,1.95,1.4223825419524039,8.133157453255034,Low,,,,False
3105,16510,5.0,319.0,691.0,54.041999999999994,0.32648414439965295,17.925569434876824,Medium,,,,True
3106,16511,5.0,627.0,648.0,160.794,0.7082490947071691,114.80388719322485,VIP,,,,True
3107,16513,3.0,39.0,43.0,26.75666666666667,3.2754221751983077,93.01364204612236,VIP,,,,False
3108,16515,9.0,488.0,540.0,55.599999999999994,1.4213500972506703,79.00757989840265,High,,,,False
3109,16518,5.0,495.0,556.0,35.366,0.8044652560368872,29.08337114406187,Medium,,,,True
3110,16519,3.0,623.0,648.0,32.026666666666664,0.45249057514164837,15.281499693146259,Medium,,,,True
3111,16520,5.0,461.0,647.0,168.142,0.6478438139232735,109.7923817941838,VIP,,,,True
3112,16521,1.0,233.0,648.0,545.78,0.15572831456694414,95.05163564357728,VIP,,,,True
3113,16522,1.0,15.0,450.0,26.23,0.08518405796865344,2.7866231032032243,Low,,,,True
3114,16523,33.0,730.0,731.0,47.4969696969697,3.8427668990840274,179.9434376508974,VIP,,,,False
3115,16524,1.0,245.0,691.0,135.17000000000002,0.14553002038165508,22.387757908008496,Medium,,,,True
3116,16525,51.0,735.0,737.0,24.65705882352941,5.858498222257452,142.30498074365354,VIP,,,,False
3117,16526,1.0,413.0,584.0,84.23,0.20635302877277456,20.057415206393287,Medium,,,,True
3118,16527,1.0,343.0,424.0,40.92,0.28189476166680905,13.82585995626971,Medium,,,,True
3119,16529,3.0,340.0,530.0,124.14999999999999,0.4936772985343225,63.088378320932215,High,,,,True
3120,16531,11.0,419.0,441.0,31.007272727272724,2.0832777246568788,64.61604651640566,High,,,,False
3121,16532,4.0,603.0,620.0,4.4775,0.6050739311874743,3.2247176723409963,Low,,,,True
3122,16533,3.0,49.0,68.0,85.87666666666667,2.540624008530498,225.45675779877558,VIP,,,,False
3123,16535,2.0,675.0,680.0,82.035,0.3117463240878727,27.165794361725276,Medium,,,,True
3124,16536,1.0,3.0,110.0,9.95,0.5996629453474833,8.762930259309245,Low,,,,True
3125,16538,1.0,54.0,595.0,15.91,0.0844241919658027,1.7930396522346164,Low,,,,True
3126,16539,9.0,530.0,532.0,77.12222222222222,1.4648397038585297,112.7441053112193,VIP,,,,False
3127,16542,1.0,348.0,401.0,15.39,0.2991199655947818,6.179992624873166,Low,,,,True
3128,16543,1.0,8.0,591.0,2.95,0.041775728974302546,0.285286220440681,Low,,,,True
3129,16544,2.0,143.0,662.0,11.845,0.13113487406133795,1.8365579861986925,Low,,,,True
3130,16545,1.0,211.0,375.0,11.3,0.2946139304106942,4.7471531315765425,Low,,,,True
3131,16546,4.0,152.0,442.0,35.9125,0.3189475983620754,11.828588895003477,Medium,,,,True
3132,16549,31.0,726.0,736.0,205.87548387096774,3.5849749116138683,726.6932697211892,VIP,,,,False
3133,16550,18.0,629.0,737.0,113.91944444444445,1.935022446191611,217.87398651071226,VIP,,,,False
3134,16551,6.0,631.0,726.0,41.32666666666666,0.7374744781303227,30.871743722605533,Medium,,,,True
3135,16552,1.0,131.0,373.0,46.68,0.2619381049890349,14.524660660580963,Medium,,,,True
3136,16553,18.0,503.0,666.0,33.78,1.3214566338979423,44.28265176261358,High,,,,False
3137,16554,16.0,721.0,724.0,44.913125,1.9122781495343928,85.20292956856129,VIP,,,,False
3138,16555,3.0,470.0,505.0,49.093333333333334,0.5657855209926602,28.962787647538754,Medium,,,,True
3139,16556,22.0,666.0,732.0,107.46772727272727,2.500032119201054,265.1757258910459,VIP,,,,False
3140,16557,1.0,113.0,137.0,15.15,0.710440310711512,14.489334594730572,Medium,,,,True
3141,16558,43.0,736.0,736.0,56.84372093023255,4.957191179789378,277.3730826055423,VIP,,,,False
3142,16560,9.0,710.0,731.0,82.96111111111111,1.0903198445794264,90.24204324238576,VIP,,,,False
3143,16561,1.0,54.0,59.0,55.53,1.2180389227538377,79.5350297027085,High,,,,False
3144,16563,5.0,685.0,738.0,41.693999999999996,0.6240646641732824,26.52656241786461,Medium,,,,True
3145,16565,3.0,191.0,555.0,13.133333333333335,0.2731661658032216,3.95810117745365,Low,,,,True
3146,16566,5.0,277.0,292.0,7.3340000000000005,1.4329481454842914,11.47129469501624,Medium,,,,False
3147,16567,1.0,142.0,336.0,12.92,0.30390188210632885,5.444228215864713,Low,,,,True
3148,16568,1.0,214.0,641.0,16.55,0.15296520543789985,3.3575845221219933,Low,,,,True
3149,16569,4.0,720.0,723.0,10.245000000000001,0.5263809728371583,5.872249499185186,Low,,,,True
3150,16570,27.0,728.0,736.0,52.34703703703703,3.1319242031267143,161.79785472759605,VIP,,,,False
3151,16571,15.0,628.0,631.0,35.508,2.0403403621679392,72.01887953229748,High,,,,False
3152,16572,3.0,148.0,275.0,52.78666666666667,0.8301234265252597,45.62452535731423,High,,,,True
3153,16573,3.0,217.0,290.0,32.81666666666667,0.8859100352543678,30.634104696598797,Medium,,,,True
3154,16574,2.0,587.0,658.0,38.295,0.3169421266157322,13.173743906883256,Medium,,,,True
3155,16576,4.0,112.0,521.0,15.885000000000002,0.07093255471958883,1.1954759601167244,Low,,,,True
3156,16579,1.0,60.0,425.0,2.55,0.160583692688602,1.0252191643208075,Low,,,,True
3157,16581,1.0,27.0,182.0,5.9,0.41735279719014273,4.219207812459265,Low,,,,True
3158,16583,1.0,300.0,673.0,35.9,0.16161642798658027,7.024498722234235,Low,,,,True
3159,16584,6.0,581.0,661.0,32.190000000000005,0.8068156269756268,26.402435475588312,Medium,,,,True
3160,16585,1.0,102.0,695.0,46.09,0.09220822134304447,5.052419515434984,Low,,,,True
3161,16586,2.0,387.0,635.0,52.32,0.3006468225720811,16.889973074109612,Medium,,,,True
3162,16588,3.0,188.0,574.0,52.923333333333325,0.24400521346592188,13.444458613654282,Medium,,,,True
3163,16589,3.0,379.0,450.0,20.463333333333335,0.6178402651453518,13.574456811019676,Medium,,,,True
3164,16590,2.0,33.0,414.0,35.975,0.08945213306469738,3.5019047351044317,Low,,,,True
3165,16592,23.0,717.0,721.0,40.86173913043478,2.73098551548216,110.33952079268934,VIP,,,,False
3166,16593,8.0,684.0,734.0,43.3025,0.9660357097867134,42.008838771154366,High,,,,True
3167,16595,4.0,630.0,691.0,165.82999999999998,0.5424815159487588,91.31668829289848,VIP,,,,True
3168,16596,3.0,714.0,729.0,21.796666666666667,0.40663514729376654,9.487318849947524,Low,,,,True
3169,16598,1.0,8.0,285.0,1.45,0.17367810270083667,0.8964182909204464,Low,,,,True
3170,16600,15.0,717.0,721.0,16.085333333333335,1.8034124547567127,29.043840892177638,Medium,,,,False
3171,16601,2.0,583.0,623.0,106.25,0.3355362959742839,37.70494769586529,High,,,,True
3172,16602,3.0,357.0,388.0,32.41,0.7144537709182478,24.408439572181177,Medium,,,,True
3173,16603,1.0,17.0,91.0,21.1,0.8033165340528474,21.698768132666643,Medium,,,,True
3174,16604,2.0,20.0,568.0,7.625,0.022648580304992155,0.21760867538099693,Low,,,,True
3175,16606,1.0,30.0,434.0,30.1,0.11515730815974755,4.262649171222215,Low,,,,True
3176,16607,26.0,572.0,589.0,51.346923076923076,3.6960522580211808,187.35073440273254,VIP,,,,False
3177,16608,1.0,210.0,663.0,159.47,0.1448616616607153,26.198788911694987,Medium,,,,True
3178,16609,8.0,237.0,252.0,105.86375000000001,2.492548167093945,263.56784449183294,VIP,,,,False
3179,16611,6.0,453.0,639.0,68.83833333333334,0.7558780521257054,52.4391562009517,High,,,,True
3180,16612,9.0,704.0,736.0,56.35555555555556,1.0809500853546579,60.89682955457551,High,,,,False
3181,16614,2.0,396.0,578.0,107.25999999999999,0.339265837006232,38.48116840614942,High,,,,True
3182,16615,1.0,58.0,626.0,6.75,0.07979968076949887,0.8821035884408368,Low,,,,True
3183,16616,1.0,142.0,157.0,35.83,0.6491406778444624,28.16554737830723,Medium,,,,True
3184,16618,4.0,291.0,322.0,55.942499999999995,1.0738533451581698,61.555488657613736,High,,,,False
3185,16619,4.0,402.0,655.0,42.07,0.4909151904534751,21.259724918129205,Medium,,,,True
3186,16620,5.0,735.0,738.0,21.830000000000002,0.6299978605013447,14.213132798121972,Medium,,,,True
3187,16621,3.0,226.0,277.0,35.79666666666667,0.9370603275450562,35.25293373609063,High,,,,True
3188,16622,1.0,1.0,543.0,9.9,0.04205741688553808,0.6122017375515245,Low,,,,True
3189,16623,4.0,347.0,592.0,38.1975,0.522336723546445,20.5771037802004,Medium,,,,True
3190,16624,1.0,117.0,197.0,57.67,0.5151369335830699,34.860436645808264,High,,,,True
3191,16625,5.0,269.0,543.0,42.0,0.49996068459802295,21.405181844687416,Medium,,,,True
3192,16626,18.0,266.0,266.0,28.775555555555556,5.2093441710385875,148.84576378695084,VIP,,,,False
3193,16628,7.0,612.0,641.0,44.895714285714284,0.971303518469764,43.92716922041289,High,,,,True
3194,16629,1.0,23.0,96.0,32.76,0.790867883621463,31.616243890187697,Medium,,,,True
3195,16630,1.0,28.0,435.0,6.4,0.11165160406724467,1.1907596927832873,Low,,,,True
3196,16631,6.0,170.0,651.0,39.39833333333333,0.02054971883831563,0.8206138125216693,Low,,,,True
3197,16632,1.0,96.0,581.0,22.5,0.12112072253837992,3.4598756481942,Low,,,,True
3198,16633,5.0,217.0,234.0,118.998,1.7167017000251041,206.23153223079328,VIP,,,,False
3199,16634,9.0,465.0,687.0,43.03333333333333,0.8466751980320784,36.49345032599656,High,,,,True
3200,16636,3.0,208.0,646.0,38.28,0.206738027306179,8.301370535046663,Low,,,,True
3201,16637,4.0,193.0,225.0,27.955000000000002,1.4367547771264293,41.735144670138865,High,,,,False
3202,16638,14.0,456.0,478.0,32.71,2.442428694758245,79.54115678851542,High,,,,False
3203,16639,4.0,384.0,409.0,45.78,0.8766867706803345,41.25245372609386,High,,,,True
3204,16641,1.0,596.0,701.0,25.66,0.17966834995053552,5.763538405526764,Low,,,,True
3205,16642,4.0,411.0,415.0,30.6,0.8710941720852289,27.630670122152473,Medium,,,,True
3206,16643,2.0,177.0,422.0,52.86,0.37696368636647404,21.389750160383272,Medium,,,,True
3207,16644,1.0,35.0,212.0,12.54,0.36550751608506443,6.393572144782314,Low,,,,True
3208,16646,1.0,5.0,449.0,3.75,0.06956074901452157,0.5369073128803599,Low,,,,True
3209,16647,3.0,375.0,544.0,23.97333333333333,0.49480491707896057,12.643732592798973,Medium,,,,True
3210,16648,3.0,552.0,590.0,13.659999999999998,0.49147475169786925,7.385491594154372,Low,,,,True
3211,16650,5.0,448.0,519.0,28.182,0.8511161341032337,24.6304113730026,Medium,,,,True
3212,16652,17.0,579.0,632.0,66.87764705882353,2.2543453044345445,149.2573509886003,VIP,,,,False
3213,16653,2.0,55.0,71.0,19.395,1.7933590054541857,39.22866743460658,High,,,,False
3214,16654,8.0,471.0,612.0,32.71,1.0564725153524734,34.80627217948329,High,,,,False
3215,16655,12.0,660.0,677.0,121.40833333333335,1.539170902851891,185.4262343519847,VIP,,,,False
3216,16656,39.0,713.0,735.0,8.094615384615384,4.480890884864538,36.02732960358817,High,,,,False
3217,16657,3.0,245.0,254.0,71.42666666666666,1.0312345693193272,76.29670422032362,High,,,,False
3218,16658,4.0,251.0,619.0,59.5725,0.30029275495270924,18.314210888702732,Medium,,,,True
3219,16660,5.0,678.0,694.0,12.144,0.6655244920327699,8.541927399121311,Low,,,,True
3220,16661,3.0,182.0,722.0,77.16000000000001,0.11294754770930553,9.017089264893114,Low,,,,True
3221,16666,1.0,602.0,621.0,24.19,0.20454361798954823,6.227221315580069,Low,,,,True
3222,16667,1.0,216.0,284.0,117.32,0.3956560119333496,53.015583712216674,High,,,,True
3223,16668,11.0,616.0,631.0,8.144545454545455,1.5119530165336104,12.638306682649393,Medium,,,,False
3224,16669,2.0,603.0,626.0,214.805,0.3352810700737119,75.60020541186779,High,,,,True
3225,16670,28.0,713.0,729.0,51.72392857142857,3.2684544273538507,166.80598821766864,VIP,,,,False
3226,16671,2.0,136.0,164.0,3.88,1.02784645024965,5.865080503056989,Low,,,,False
3227,16672,19.0,264.0,266.0,18.57421052631579,5.485913162773071,101.43320368961346,VIP,,,,False
3228,16674,1.0,44.0,98.0,115.04,0.8379124103876249,110.15796027264875,VIP,,,,True
3229,16675,1.0,37.0,478.0,11.5,0.10531450846079789,1.720349729959367,Low,,,,True
3230,16676,6.0,385.0,418.0,94.39833333333333,1.234049708318242,117.15846979548277,VIP,,,,False
3231,16677,2.0,259.0,652.0,60.83,0.23829672490020942,15.50022152917127,Medium,,,,True
3232,16678,14.0,280.0,282.0,20.52857142857143,3.8888926225204066,79.81111473336263,High,,,,False
3233,16679,2.0,181.0,547.0,26.395,0.2492576432147031,7.269820857536152,Low,,,,True
3234,16680,2.0,491.0,534.0,16.125,0.3854099154906344,7.116533604384408,Low,,,,True
3235,16681,6.0,569.0,641.0,14.231666666666667,0.8319079803010585,12.282870737347757,Medium,,,,True
3236,16682,4.0,183.0,187.0,8.232499999999998,1.6923776493130014,15.440093535088877,Medium,,,,False
3237,16683,1.0,4.0,533.0,5.45,0.04737564701403452,0.455215048424063,Low,,,,True
3238,16684,39.0,728.0,732.0,50.435641025641026,4.521906248969171,224.6288730673223,VIP,,,,False
3239,16686,13.0,686.0,733.0,187.71846153846155,1.5314638795042719,284.79578159109855,VIP,,,,False
3240,16688,3.0,59.0,60.0,45.903333333333336,2.7965869879900755,134.06874192216944,VIP,,,,False
3241,16689,1.0,7.0,82.0,23.09,0.8247162778699137,24.101879409703503,Medium,,,,True
3242,16690,4.0,408.0,451.0,18.36,0.7994267740882702,15.472197639552238,Medium,,,,True
3243,16691,1.0,143.0,561.0,67.55000000000001,0.15584813893975832,12.258093781841385,Medium,,,,True
3244,16692,3.0,185.0,441.0,55.73333333333333,0.4437958121698971,25.725702203983403,Medium,,,,True
3245,16693,4.0,588.0,656.0,96.2575,0.5676277873611228,55.654674730618,High,,,,True
3246,16696,3.0,113.0,248.0,11.133333333333333,0.8348394267956858,10.39286137788181,Low,,,,True
3247,16698,1.0,27.0,253.0,2.55,0.2691426597140975,1.7183346639178851,Low,,,,True
3248,16699,6.0,355.0,735.0,22.111666666666665,0.30838748755408996,6.983485368974451,Low,,,,True
3249,16700,27.0,729.0,737.0,40.19074074074074,3.127974038072307,124.15220827199173,VIP,,,,False
3250,16701,32.0,730.0,738.0,18.249375,3.6907945339144765,66.63869718561321,High,,,,False
3251,16702,4.0,317.0,732.0,66.7225,0.2834648958691628,19.33532954910217,Medium,,,,True
3252,16704,1.0,54.0,672.0,42.2,0.06670771804896189,3.3666446366315386,Low,,,,True
3253,16705,44.0,730.0,730.0,61.07522727272727,5.1097850980240915,307.1393863605531,VIP,,,,False
3254,16706,2.0,77.0,114.0,78.895,1.3033131298556575,109.31653903222704,VIP,,,,False
3255,16707,3.0,240.0,640.0,34.43666666666667,0.2630521896540419,9.530802809402422,Low,,,,True
3256,16709,11.0,646.0,730.0,111.39090909090909,1.2898064456324791,142.7518869950276,VIP,,,,False
3257,16710,20.0,716.0,735.0,107.3095,2.3338880135986475,247.35604570755257,VIP,,,,False
3258,16711,9.0,734.0,737.0,13.636666666666667,1.0854528600492437,15.08682653876027,Medium,,,,False
3259,16712,9.0,392.0,401.0,145.86111111111111,1.882054733907403,273.3771603297554,VIP,,,,False
3260,16713,32.0,706.0,724.0,127.49906250000001,3.7472613854999204,470.4917969786955,VIP,,,,False
3261,16714,4.0,520.0,738.0,128.89499999999998,0.47441035889385624,62.15659471867704,High,,,,True
3262,16715,1.0,484.0,562.0,8.61,0.22065012843464538,2.8953794828208776,Low,,,,True
3263,16716,3.0,364.0,630.0,7.416666666666667,0.39949246558781365,3.4577259318247924,Low,,,,True
3264,16717,17.0,723.0,732.0,77.99823529411765,2.0051616177906157,154.77236906288977,VIP,,,,False
3265,16718,4.0,364.0,733.0,92.7125,0.3540429907817326,33.44513744494479,Medium,,,,True
3266,16719,14.0,712.0,726.0,98.39571428571428,1.6736962072367592,163.20201828686223,VIP,,,,False
3267,16720,2.0,696.0,722.0,141.16,0.2938601315946614,43.7107316749607,High,,,,True
3268,16722,24.0,719.0,736.0,19.397916666666664,2.7854997504339027,53.59871299146111,High,,,,False
3269,16723,3.0,644.0,735.0,104.11333333333334,0.39715583976574526,42.631678297685305,High,,,,True
3270,16725,11.0,424.0,726.0,96.47272727272728,0.32578027296151757,31.240028994414395,Medium,,,,True
3271,16726,5.0,385.0,411.0,98.34,1.0643866651595217,105.78547974089372,VIP,,,,False
3272,16727,3.0,324.0,688.0,96.99333333333334,0.3162029540380133,31.644341464905416,Medium,,,,True
3273,16728,3.0,218.0,264.0,162.86999999999998,0.9776291454123374,163.5718335487208,VIP,,,,True
3274,16729,20.0,205.0,241.0,74.85900000000001,5.8013230448270185,429.21255170901907,VIP,,,,False
3275,16730,3.0,267.0,319.0,36.18,0.8347392159570486,31.729913420339443,Medium,,,,True
3276,16732,7.0,700.0,731.0,169.5742857142857,0.8603624021500157,145.87830992886492,VIP,,,,True
3277,16734,1.0,62.0,114.0,62.54,0.7712340612263383,56.369118392355595,High,,,,True
3278,16735,17.0,653.0,731.0,42.20470588235294,1.9427150987414774,81.3041895988068,High,,,,False
3279,16736,7.0,231.0,736.0,47.65857142857143,0.02081678802639205,0.9987880475774721,Low,,,,True
3280,16737,1.0,524.0,577.0,1.45,0.2169800612553013,1.119885242064347,Low,,,,True
3281,16739,3.0,364.0,536.0,17.316666666666666,0.4990680805990847,9.36212849185662,Low,,,,True
3282,16742,13.0,677.0,723.0,51.317692307692305,1.5513814326905564,79.14272477610625,High,,,,False
3283,16743,13.0,567.0,596.0,39.50230769230769,1.8609823994162282,73.18302989102796,High,,,,False
3284,16744,6.0,162.0,173.0,84.22333333333334,2.5745681428640945,218.2354864729753,VIP,,,,False
3285,16745,16.0,225.0,311.0,38.296875,2.4955768396480766,94.88737476311195,VIP,,,,False
3286,16746,41.0,731.0,735.0,61.92560975609756,4.7324966196079385,288.4988399615514,VIP,,,,False
3287,16747,3.0,42.0,67.0,16.81,2.521034171053195,45.993995745031185,High,,,,False
3288,16748,13.0,712.0,729.0,21.823076923076922,1.5518505676901324,33.882639445214394,High,,,,False
3289,16749,1.0,133.0,724.0,143.51,0.10063352927382056,16.414186872458814,Medium,,,,True
3290,16750,4.0,188.0,232.0,69.06,1.3870126436176686,97.88854501037817,VIP,,,,False
3291,16754,20.0,269.0,641.0,12.159,5.536129092631383e-05,0.0006725554086828088,Low,,,,True
3292,16755,6.0,616.0,730.0,124.11000000000001,0.7277858281072185,90.7186657218841,VIP,,,,True
3293,16756,8.0,426.0,640.0,29.51625,0.839794158318657,24.998744901825937,Medium,,,,True
3294,16757,1.0,91.0,409.0,9.54,0.20340370271148422,2.8794255716396813,Low,,,,True
3295,16759,2.0,23.0,30.0,23.395,2.6985170476210736,70.28020522530046,High,,,,False
3296,16762,2.0,125.0,144.0,89.64000000000001,1.1386170160991378,108.24988276316552,VIP,,,,False
3297,16763,2.0,553.0,738.0,62.15,0.2760930381533333,18.338393896469142,Medium,,,,True
3298,16764,12.0,140.0,143.0,129.47333333333333,5.713334486335123,733.9654565467861,VIP,,,,False
3299,16765,1.0,88.0,382.0,8.5,0.22117920204301178,2.875310906742697,Low,,,,True
3300,16767,12.0,560.0,590.0,35.25416666666667,1.739262997126284,61.16842240146802,High,,,,False
3301,16768,8.0,685.0,732.0,75.52875,0.9692458869749918,73.22942914830472,High,,,,True
3302,16769,2.0,465.0,725.0,177.425,0.26975060466752054,50.317537521604535,High,,,,True
3303,16770,8.0,417.0,474.0,100.27625,1.4235032809042718,142.60599580426884,VIP,,,,False
3304,16771,9.0,697.0,730.0,129.65222222222224,1.0889032012881514,140.6317539775259,VIP,,,,False
3305,16772,4.0,304.0,721.0,102.05,0.27365262243535965,28.432316383326857,Medium,,,,True
3306,16773,2.0,676.0,733.0,69.08500000000001,0.288090514185863,21.21703056727292,Medium,,,,True
3307,16774,8.0,594.0,661.0,37.055,1.0563949347054618,39.37103562065543,High,,,,False
3308,16775,16.0,432.0,442.0,67.479375,2.991311326173009,199.95231260659637,VIP,,,,False
3309,16776,1.0,355.0,415.0,137.51,0.2896121980485139,45.30701937231349,High,,,,True
3310,16777,5.0,552.0,632.0,93.146,0.7124864786168662,67.0945758696146,High,,,,True
3311,16778,1.0,200.0,274.0,29.18,0.4053336028072893,14.589450289333353,Medium,,,,True
3312,16779,53.0,734.0,736.0,42.55509433962264,6.093461429528517,255.14277718182888,VIP,,,,False
3313,16780,2.0,307.0,407.0,76.315,0.47627885037276263,38.665271009901375,High,,,,True
3314,16781,2.0,304.0,669.0,50.875,0.252181138639715,13.787515003182154,Medium,,,,True
3315,16782,44.0,720.0,730.0,113.7159090909091,5.0997022924128865,570.4206677075363,VIP,,,,False
3316,16784,4.0,602.0,621.0,55.8425,0.6039354536497429,34.55700969663456,High,,,,True
3317,16787,3.0,301.0,698.0,75.86666666666667,0.28514642351720965,22.388105523558487,Medium,,,,True
3318,16788,4.0,547.0,670.0,214.8375,0.5459178123555705,118.9227914371157,VIP,,,,True
3319,16790,7.0,34.0,37.0,16.66857142857143,7.445268300478626,127.15929667989155,VIP,,,,False
3320,16791,13.0,707.0,736.0,141.48999999999998,1.5340190223257053,215.11048463468364,VIP,,,,False
3321,16792,3.0,422.0,704.0,55.346666666666664,0.366634094433103,21.107847333761256,Medium,,,,True
3322,16794,13.0,623.0,624.0,59.16153846153846,1.7969297731220948,105.61442413847922,VIP,,,,False
3323,16795,2.0,318.0,683.0,236.65,0.2504472785733177,62.1721041817041,High,,,,True
3324,16797,4.0,344.0,737.0,261.99,0.3209045192330123,85.1918142458498,VIP,,,,True
3325,16798,2.0,175.0,729.0,261.005,0.13251266164480455,36.258233697212795,High,,,,True
3326,16799,1.0,21.0,453.0,159.82999999999998,0.09324194867564657,16.90069192565652,Medium,,,,True
3327,16801,4.0,110.0,273.0,112.5425,0.7598842362142599,87.0090411394674,VIP,,,,True
3328,16802,1.0,51.0,730.0,46.31,0.05457983673716259,3.003971786760456,Low,,,,True
3329,16804,1.0,247.0,270.0,115.95,0.4229918855883243,56.03423762239265,High,,,,True
3330,16805,4.0,558.0,731.0,128.01250000000002,0.4936749875494392,64.2405138922814,High,,,,True
3331,16806,3.0,136.0,239.0,70.67999999999999,0.9620497659413685,70.44507857868858,High,,,,True
3332,16807,7.0,509.0,651.0,52.202857142857134,0.8997217188169585,47.24588500566854,High,,,,True
3333,16808,1.0,175.0,274.0,6.74,0.3967245966890334,4.381111872555383,Low,,,,True
3334,16809,8.0,582.0,605.0,43.04625,1.1611783058839944,50.19894357599879,High,,,,False
3335,16810,3.0,228.0,420.0,30.66,0.5653722296401286,18.305407138460875,Medium,,,,True
3336,16811,1.0,13.0,17.0,39.15,1.943512761494077,91.51284030388405,VIP,,,,False
3337,16812,4.0,22.0,382.0,66.675,0.008523342363908358,0.5809858323564875,Low,,,,True
3338,16813,9.0,196.0,204.0,67.64888888888889,3.3118440020269615,223.74354394790683,VIP,,,,False
3339,16814,35.0,593.0,607.0,66.09457142857143,4.817993354373304,313.6795551313216,VIP,,,,False
3340,16815,1.0,83.0,536.0,62.58,0.12829354500168164,9.38189344916061,Low,,,,True
3341,16816,3.0,255.0,358.0,18.146666666666665,0.7289860415793561,14.292937504735889,Medium,,,,True
3342,16817,16.0,429.0,431.0,28.209375,3.066129730591773,86.03133527849465,VIP,,,,False
3343,16818,12.0,195.0,205.0,33.49583333333333,4.328288287425894,144.6931087532557,VIP,,,,False
3344,16822,2.0,68.0,731.0,16.965,0.03633288515485897,0.7026753740579705,Low,,,,True
3345,16823,7.0,510.0,737.0,62.92714285714286,0.7214434651419525,45.59939039144204,High,,,,True
3346,16824,2.0,378.0,393.0,43.980000000000004,0.5097905241897128,24.20971331049878,Medium,,,,True
3347,16825,4.0,496.0,534.0,44.480000000000004,0.6892914162448983,31.529031482320555,Medium,,,,True
3348,16827,4.0,196.0,589.0,17.17,0.20202734427901806,3.667155592700523,Low,,,,True
3349,16828,1.0,19.0,112.0,15.0,0.6716267613003801,13.585890212988993,Medium,,,,True
3350,16829,1.0,232.0,388.0,33.21,0.2894085079795499,11.71349664112652,Medium,,,,True
3351,16830,4.0,688.0,726.0,44.730000000000004,0.5211341056676269,23.968720287568452,Medium,,,,True
3352,16832,4.0,274.0,458.0,27.2975,0.6766883210763367,19.206501153931818,Medium,,,,True
3353,16833,4.0,622.0,623.0,137.2775,0.6042230100307132,84.28151476299901,VIP,,,,True
3354,16834,1.0,447.0,674.0,36.15,0.17849754368202647,7.8078345218664245,Low,,,,True
3355,16835,8.0,441.0,569.0,35.43625,1.13658327922661,40.52899647278463,High,,,,False
3356,16836,3.0,535.0,574.0,16.673333333333332,0.5037332942559561,9.118882741641945,Low,,,,True
3357,16837,9.0,214.0,245.0,72.82555555555555,2.8059392728270574,203.99380226540507,VIP,,,,False
3358,16838,5.0,466.0,663.0,68.228,0.6281871688604403,43.43862581591369,High,,,,True
3359,16839,48.0,658.0,666.0,24.49875,6.052847884880885,146.1290872899995,VIP,,,,False
3360,16840,2.0,79.0,682.0,11.275,0.055124577643612886,0.7392853798701353,Low,,,,True
3361,16841,13.0,660.0,696.0,27.563076923076924,1.6118137420643648,44.34523406043802,High,,,,False
3362,16842,3.0,238.0,302.0,38.42666666666667,0.8651792966633788,34.87091753191232,High,,,,True
3363,16843,29.0,687.0,729.0,41.35344827586207,3.3404056543584075,136.3400360603903,VIP,,,,False
3364,16844,1.0,20.0,582.0,72.66,0.055411578327426,4.673164025230294,Low,,,,True
3365,16846,2.0,589.0,639.0,29.755000000000003,0.32713354457590144,10.686395404541312,Low,,,,True
3366,16847,1.0,575.0,618.0,39.69,0.20439528378038505,9.745157016605122,Low,,,,True
3367,16848,2.0,380.0,432.0,46.019999999999996,0.46347789655994115,22.99545734027258,Medium,,,,True
3368,16851,2.0,47.0,51.0,13.219999999999999,2.1704011461656765,33.51067370892542,Medium,,,,False
3369,16852,1.0,166.0,176.0,13.45,0.5980517777578452,11.066545540918925,Low,,,,True
3370,16854,1.0,223.0,640.0,21.450000000000003,0.15575987345730152,4.267509167499719,Low,,,,True
3371,16855,1.0,20.0,43.0,48.4,1.3658610980252084,78.35983906582425,High,,,,False
3372,16856,2.0,428.0,442.0,15.895,0.4598282056780204,8.380509912092608,Low,,,,True
3373,16858,15.0,358.0,724.0,33.57866666666667,0.010744511735432187,0.3587688661725039,Low,,,,True
3374,16859,8.0,539.0,645.0,38.82625,1.0551846086030434,41.18573028723309,High,,,,False
3375,16860,3.0,210.0,662.0,55.73333333333333,0.195899285015207,11.35563339374908,Medium,,,,True
3376,16861,5.0,449.0,508.0,24.606,0.872048523998414,22.104915783082483,Medium,,,,True
3377,16862,3.0,154.0,701.0,21.403333333333332,0.08729132415798842,2.0015790232825497,Low,,,,True
3378,16863,4.0,380.0,409.0,11.595,0.8754311939234125,10.960322363756717,Low,,,,True
3379,16864,1.0,164.0,598.0,33.989999999999995,0.15092029154593675,6.239127068698948,Low,,,,True
3380,16866,2.0,21.0,161.0,5.12,0.594309086783294,4.159157901401922,Low,,,,True
3381,16868,2.0,199.0,593.0,50.04,0.23175027250728852,12.468907043490603,Medium,,,,True
3382,16869,4.0,153.0,175.0,51.3525,1.7574364266282658,92.59339077670798,VIP,,,,False
3383,16871,5.0,248.0,270.0,82.77799999999999,1.5236650417697475,127.6247304700912,VIP,,,,False
3384,16872,5.0,386.0,463.0,21.076,0.9359430242666306,20.407122873305703,Medium,,,,True
3385,16873,16.0,664.0,668.0,91.15125,2.0600372069638353,185.86320203914235,VIP,,,,False
3386,16875,17.0,639.0,703.0,46.52823529411765,2.034998771666088,93.85238188394077,VIP,,,,False
3387,16877,5.0,196.0,208.0,65.91600000000001,1.8911523501847098,126.38712945993107,VIP,,,,False
3388,16878,1.0,60.0,84.0,4.75,0.9739096671105317,8.600782804934813,Low,,,,True
3389,16879,1.0,18.0,438.0,125.96,0.09466093517193896,13.593128727241087,Medium,,,,True
3390,16880,6.0,463.0,493.0,107.08833333333332,1.0680960241618522,114.95772753697672,VIP,,,,False
3391,16882,2.0,251.0,317.0,51.485,0.5977937572190183,33.06404577991891,Medium,,,,True
3392,16883,17.0,548.0,735.0,54.660000000000004,1.121116699899316,60.705043073440976,High,,,,False
3393,16884,2.0,533.0,570.0,88.00999999999999,0.36398705562251993,33.98435143667563,High,,,,True
3394,16885,3.0,370.0,385.0,109.62333333333333,0.7233156102242321,81.71165264779964,High,,,,True
3395,16886,1.0,12.0,456.0,30.7,0.07836445880217534,2.9530019558806186,Low,,,,True
3396,16887,2.0,703.0,738.0,82.71000000000001,0.2874980454795712,25.254933907887256,Medium,,,,True
3397,16888,2.0,301.0,701.0,55.43000000000001,0.23315883693097272,13.854099022854065,Medium,,,,True
3398,16889,5.0,371.0,565.0,108.52000000000001,0.6974769171311253,76.44843061768208,High,,,,True
3399,16890,2.0,106.0,582.0,0.9550000000000001,0.12582183264905597,0.3344466364552521,Low,,,,True
3400,16891,10.0,734.0,735.0,113.152,1.2024937125454975,135.3687076592903,VIP,,,,False
3401,16892,6.0,730.0,731.0,68.49166666666666,0.750389157004498,51.79802947199221,High,,,,True
3402,16893,1.0,10.0,376.0,116.87,0.10959781866697202,14.630446555380159,Medium,,,,True
3403,16894,2.0,33.0,535.0,17.625,0.041648732733019944,0.8341325817932255,Low,,,,True
3404,16895,4.0,601.0,665.0,107.44749999999999,0.5612987539564124,61.37925511484104,High,,,,True
3405,16897,1.0,14.0,313.0,75.5,0.163442619573518,14.300444260826445,Medium,,,,True
3406,16898,5.0,550.0,576.0,91.104,0.7877692108645289,72.56888214166055,High,,,,True
3407,16899,7.0,390.0,397.0,63.89857142857142,1.5020201423409336,96.39320152861593,VIP,,,,False
3408,16900,4.0,52.0,63.0,174.185,3.4443459565933763,608.9357385750186,VIP,,,,False
3409,16903,2.0,386.0,415.0,146.035,0.4839087975846574,74.43919492394883,High,,,,True
3410,16904,18.0,407.0,411.0,128.15333333333334,3.5821736626374596,453.6602390045568,VIP,,,,False
3411,16905,14.0,724.0,729.0,82.95857142857143,1.6699762139445622,137.35074160946706,VIP,,,,False
3412,16906,5.0,494.0,575.0,105.984,0.7743620192748887,82.90368702876972,VIP,,,,True
3413,16907,8.0,497.0,526.0,89.02125000000001,1.3156637653001388,117.06738815347612,VIP,,,,False
3414,16909,1.0,8.0,72.0,7.5,0.9248823671594202,10.99609176992944,Low,,,,True
3415,16910,7.0,87.0,91.0,158.20142857142855,4.663622896302298,737.9191801070168,VIP,,,,False
3416,16911,2.0,34.0,661.0,24.599999999999998,0.021915544907990796,0.5981934975924315,Low,,,,True
3417,16912,12.0,707.0,730.0,60.08083333333334,1.433764157584102,85.66763105374355,VIP,,,,False
3418,16913,1.0,361.0,651.0,16.57,0.17716983976553555,3.892813951568023,Low,,,,True
3419,16915,10.0,560.0,569.0,51.511,1.5200366316609715,78.16093971044921,High,,,,False
3420,16916,3.0,392.0,415.0,142.35999999999999,0.6756377954684673,98.8991906236489,VIP,,,,True
3421,16917,2.0,452.0,728.0,130.495,0.26601578222787003,36.61285399091535,High,,,,True
3422,16918,13.0,687.0,736.0,71.12923076923077,1.524644570023349,107.66273727481743,VIP,,,,False
3423,16919,21.0,321.0,477.0,84.7752380952381,0.31523581918382365,26.395131291325733,Medium,,,,True
3424,16921,2.0,539.0,600.0,63.35,0.3454030752268594,23.37404903791375,Medium,,,,True
3425,16923,32.0,665.0,677.0,98.019375,3.9939979057998376,385.6147757619814,VIP,,,,False
3426,16924,2.0,63.0,84.0,97.24000000000001,1.615543113635798,166.39176964844395,VIP,,,,False
3427,16926,4.0,155.0,526.0,94.6625,0.1714442010655436,16.533590032974274,Medium,,,,True
3428,16927,2.0,246.0,361.0,7.685,0.5183982584387832,5.013286433723492,Low,,,,True
3429,16928,28.0,594.0,674.0,31.23785714285714,3.177663823369819,98.08297943557332,VIP,,,,False
3430,16929,6.0,152.0,155.0,23.208333333333332,2.8108045123606473,66.73816172801762,High,,,,False
3431,16930,1.0,42.0,68.0,41.83,1.0919230736293866,54.665024885581005,High,,,,False
3432,16931,21.0,392.0,397.0,87.91000000000001,4.288882955510739,372.3718217337696,VIP,,,,False
3433,16932,2.0,518.0,571.0,103.67,0.3619301356999589,39.69801382473335,High,,,,True
3434,16933,8.0,729.0,730.0,95.40875,0.9807665097156366,93.50125515704123,VIP,,,,True
3435,16934,5.0,567.0,621.0,95.42999999999999,0.7302622560428117,70.4433179714985,High,,,,True
3436,16935,2.0,40.0,421.0,17.425,0.10172164566797884,2.0160794411542726,Low,,,,True
3437,16936,1.0,360.0,385.0,106.2,0.3130092049961655,38.07083253252448,High,,,,True
3438,16938,8.0,652.0,660.0,227.8725,1.0755139215990797,244.2980498322986,VIP,,,,False
3439,16939,2.0,161.0,649.0,42.89,0.1575018996647139,7.300685028198168,Low,,,,True
3440,16940,8.0,679.0,731.0,149.06625,0.9691287225211835,144.13612565295475,VIP,,,,True
3441,16942,7.0,215.0,227.0,100.99285714285715,2.399736775354846,242.779902119646,VIP,,,,False
3442,16943,6.0,420.0,631.0,158.21333333333334,0.7231849763358148,114.81024864860427,VIP,,,,True
3443,16945,23.0,709.0,730.0,41.83521739130435,2.6896278778615286,111.24864682559391,VIP,,,,False
3444,16946,4.0,264.0,647.0,25.799999999999997,0.2892122404584912,7.7711238808236605,Low,,,,True
3445,16947,8.0,411.0,646.0,13.526250000000001,0.7523625732464517,10.425164377379634,Low,,,,True
3446,16948,6.0,518.0,656.0,11.485,0.7850718695583694,9.434863677020696,Low,,,,True
3447,16949,6.0,313.0,316.0,82.56833333333334,1.5895114403340087,132.10136543528134,VIP,,,,False
3448,16950,10.0,628.0,684.0,32.388999999999996,1.267534796738617,41.130803297444494,High,,,,False
3449,16951,3.0,181.0,304.0,6.79,0.7932248544455254,6.358441934553131,Low,,,,True
3450,16952,3.0,619.0,728.0,71.43666666666667,0.39857241227744716,29.491624523968326,Medium,,,,True
3451,16954,19.0,690.0,690.0,26.722631578947368,2.3630683558467855,62.686336169487404,High,,,,False
3452,16955,8.0,554.0,738.0,20.45125,0.8668817931534347,17.985491900756188,Medium,,,,True
3453,16956,1.0,8.0,17.0,16.4,1.9196630976492017,41.82420875250656,High,,,,False
3454,16957,1.0,42.0,281.0,46.0,0.26311895026201126,14.391385550924342,Medium,,,,True
3455,16960,7.0,609.0,647.0,97.58714285714287,0.9608675643692175,93.94315768000763,VIP,,,,True
3456,16961,5.0,619.0,735.0,35.994,0.6140247889357481,22.58550618467941,Medium,,,,True
3457,16966,9.0,232.0,240.0,3.5966666666666662,2.9083009029385414,11.41639747637422,Medium,,,,False
3458,16968,1.0,103.0,107.0,16.86,0.8565464146073073,19.098066346462943,Medium,,,,True
3459,16969,2.0,152.0,191.0,22.939999999999998,0.9086434937559406,23.23133004626002,Medium,,,,True
3460,16971,1.0,36.0,38.0,125.0,1.5029604493266782,214.24751411415863,VIP,,,,False
3461,16972,1.0,74.0,456.0,206.9,0.1577767063023423,36.85523548986795,High,,,,True
3462,16974,1.0,42.0,564.0,24.65,0.08186818724088962,2.5343118358709416,Low,,,,True
3463,16975,4.0,92.0,505.0,21.94,0.0467471984581744,1.0738145515377928,Low,,,,True
3464,16977,2.0,236.0,631.0,42.724999999999994,0.236160816256472,10.906168241254901,Low,,,,True
3465,16978,1.0,589.0,666.0,114.85,0.18947420225091094,24.867280579342868,Medium,,,,True
3466,16979,11.0,447.0,450.0,36.08909090909091,2.0588629160183514,74.22758367992245,High,,,,False
3467,16980,2.0,173.0,428.0,95.675,0.36451442839242454,36.94521818094356,High,,,,True
3468,16983,11.0,434.0,446.0,61.11363636363637,2.070071997998533,125.96932917498071,VIP,,,,False
3469,16984,13.0,564.0,642.0,233.77,1.6923271068062238,391.8163850940638,VIP,,,,False
3470,16985,19.0,712.0,729.0,120.9163157894737,2.2384181007571073,267.3770146837519,VIP,,,,False
3471,16986,5.0,644.0,673.0,12.11,0.682906994978968,8.741722596726783,Low,,,,True
3472,16987,10.0,734.0,737.0,104.197,1.1990958751617657,124.33325808999258,VIP,,,,False
3473,16988,1.0,374.0,379.0,41.84,0.3193696454595063,15.990615137856508,Medium,,,,True
3474,16989,5.0,143.0,150.0,1.65,2.4330158561628035,5.590960582599101,Low,,,,False
3475,16990,1.0,204.0,422.0,1.79,0.2556666946883087,1.4162200460797436,Low,,,,True
3476,16992,14.0,656.0,666.0,106.18571428571428,1.8141336294344304,190.86898419297296,VIP,,,,False
3477,16993,1.0,113.0,576.0,131.3,0.13375105431568843,20.000328567621047,Medium,,,,True
3478,16996,10.0,387.0,417.0,18.054000000000002,1.991596107643412,36.30307634632595,High,,,,False
3479,16997,2.0,37.0,325.0,7.8,0.18820968780039374,1.8426850290751566,Low,,,,True
3480,16998,4.0,295.0,444.0,4.9075,0.7402525055039969,4.266755318869659,Low,,,,True
3481,16999,1.0,51.0,74.0,8.51,1.0487864077164846,13.647059787575472,Medium,,,,False
3482,17000,1.0,12.0,408.0,11.620000000000001,0.0974528112250644,1.6049378443728965,Low,,,,True
3483,17001,17.0,624.0,624.0,43.67823529411765,2.3276824882484664,100.80187980658863,VIP,,,,False
3484,17002,6.0,568.0,641.0,43.10333333333333,0.8315870853257795,36.28910105494906,High,,,,True
3485,17003,2.0,176.0,578.0,101.32,0.2194439872788931,23.532189613338126,Medium,,,,True
3486,17004,3.0,378.0,424.0,45.32,0.6576421748701821,31.132543248103257,Medium,,,,True
3487,17005,1.0,118.0,588.0,4.79,0.13233307809545117,1.174427542657694,Low,,,,True
3488,17006,7.0,640.0,644.0,48.027142857142856,0.9721461322362598,47.00096822450087,High,,,,True
3489,17007,6.0,387.0,437.0,29.018333333333334,1.177603855071912,34.801425467951596,High,,,,False
3490,17010,1.0,2.0,18.0,4.95,1.8520051405552107,16.76865051760408,Medium,,,,False
3491,17011,2.0,621.0,651.0,14.345,0.3230096652346991,5.365200989726533,Low,,,,True
3492,17014,2.0,58.0,66.0,84.16499999999999,1.889472837746742,168.86327602124786,VIP,,,,False
3493,17015,2.0,157.0,185.0,58.165000000000006,0.9397154741961903,58.518273217673965,High,,,,True
3494,17017,31.0,734.0,736.0,212.24064516129033,3.590317638552082,750.2660642533976,VIP,,,,False
3495,17018,5.0,694.0,734.0,40.234,0.6290028062816796,25.814354796614325,Medium,,,,True
3496,17019,9.0,726.0,737.0,138.20222222222222,1.0840581765689261,149.2135845075374,VIP,,,,False
3497,17020,1.0,104.0,646.0,74.2,0.10589323249056372,9.11184669126764,Low,,,,True
3498,17021,5.0,147.0,589.0,21.862000000000002,0.04495037045423506,1.015557992105895,Low,,,,True
3499,17022,1.0,401.0,432.0,6.71,0.2824938955406471,3.1101548314475176,Low,,,,True
3500,17023,2.0,280.0,697.0,57.315,0.2246817947853296,13.791701052302756,Medium,,,,True
3501,17024,2.0,112.0,157.0,1.45,1.0401418483932692,3.3014723709552376,Low,,,,False
3502,17025,3.0,581.0,641.0,7.953333333333333,0.45335249250257786,4.172206983656419,Low,,,,True
3503,17026,2.0,232.0,417.0,8.07,0.4302972820510709,4.3338821011121125,Low,,,,True
3504,17027,7.0,651.0,729.0,76.42999999999999,0.8513006345547558,65.26995207748752,High,,,,True
3505,17028,2.0,140.0,721.0,129.85500000000002,0.10300106476966675,14.107779663618063,Medium,,,,True
3506,17029,6.0,553.0,663.0,10.658333333333333,0.7932016854339161,8.87680554146717,Low,,,,True
3507,17031,5.0,570.0,581.0,9.75,0.7842539299289976,8.180634885139085,Low,,,,True
3508,17032,6.0,288.0,729.0,236.17,0.13554978816027694,32.08702261114315,Medium,,,,True
3509,17033,3.0,311.0,397.0,21.063333333333333,0.6809528847100628,15.378152193188884,Medium,,,,True
3510,17034,6.0,497.0,513.0,27.50333333333333,1.0349068206019965,29.016168254349616,Medium,,,,False
3511,17035,4.0,491.0,736.0,31.3125,0.4629308183617457,15.016884786892902,Medium,,,,True
3512,17037,1.0,9.0,87.0,5.800000000000001,0.7945232350857613,7.944214835506136,Low,,,,True
3513,17038,1.0,385.0,415.0,97.7,0.29270900526782817,32.83532018666324,Medium,,,,True
3514,17040,1.0,413.0,550.0,49.51,0.22032170876920787,12.910074955004442,Medium,,,,True
3515,17041,4.0,574.0,600.0,58.205,0.6222701556068714,37.09129856447736,High,,,,True
3516,17042,4.0,245.0,247.0,26.1325,1.3569571607980673,36.9185505107567,High,,,,False
3517,17043,7.0,698.0,730.0,73.80999999999999,0.8612701092195479,63.78410480991229,High,,,,True
3518,17044,14.0,724.0,732.0,41.035000000000004,1.6627824028855922,67.83654113395696,High,,,,False
3519,17045,4.0,316.0,429.0,39.825,0.7963573666773769,32.68163282763732,Medium,,,,True
3520,17046,3.0,463.0,620.0,39.983333333333334,0.4492304548919825,18.819390246768,Medium,,,,True
3521,17047,4.0,646.0,731.0,103.7975,0.5120750872661574,54.10822354048256,High,,,,True
3522,17048,9.0,575.0,690.0,35.49111111111111,1.1005200433367401,39.18901846899013,High,,,,False
3523,17049,20.0,643.0,645.0,119.518,2.6427975576178766,311.91561292951303,VIP,,,,False
3524,17050,11.0,586.0,682.0,137.19181818181818,1.3559723695615953,184.74601799690984,VIP,,,,False
3525,17051,3.0,434.0,628.0,67.51,0.433553299226892,30.342625043684635,Medium,,,,True
3526,17053,1.0,2.0,130.0,2.1,0.4911318535955732,2.88999316238222,Low,,,,True
3527,17054,5.0,217.0,245.0,65.7,1.6421565936074252,109.38946481889663,VIP,,,,False
3528,17058,2.0,158.0,239.0,59.004999999999995,0.7337880951504993,46.336344605063836,High,,,,True
3529,17059,9.0,653.0,682.0,199.68666666666667,1.1604123262436454,230.6006691127564,VIP,,,,False
3530,17061,8.0,159.0,232.0,39.4525,2.304964084075451,91.40679100596722,VIP,,,,False
3531,17062,5.0,126.0,439.0,45.434000000000005,0.13056597958720328,6.040266357299165,Low,,,,True
3532,17063,18.0,730.0,738.0,27.44388888888889,2.103737217985151,57.34299848302528,High,,,,False
3533,17064,2.0,269.0,327.0,77.065,0.5856263585756882,48.00040871899793,High,,,,True
3534,17065,1.0,494.0,637.0,112.35,0.1935377571620942,24.862670896296052,Medium,,,,True
3535,17067,1.0,7.0,731.0,14.31,0.02535233015193231,0.49334113206281194,Low,,,,True
3536,17068,46.0,609.0,621.0,52.21478260869566,6.180760189795244,317.6254586804436,VIP,,,,False
3537,17069,16.0,708.0,736.0,45.3275,1.873465070725133,84.24028474047941,VIP,,,,False
3538,17070,1.0,296.0,410.0,157.56,0.2852829982208804,50.989508723051166,High,,,,True
3539,17071,18.0,676.0,684.0,40.620555555555555,2.2573018686575628,90.88122082011671,VIP,,,,False
3540,17073,3.0,92.0,109.0,123.16333333333334,1.923713715851697,243.91844704937478,VIP,,,,False
3541,17075,9.0,708.0,725.0,82.62777777777778,1.0995232376649868,90.63970317202933,VIP,,,,False
3542,17076,5.0,699.0,735.0,41.70399999999999,0.6287298563785776,26.731177373997777,Medium,,,,True
3543,17080,7.0,504.0,526.0,9.804285714285713,1.164405388551226,11.913818560629087,Medium,,,,False
3544,17081,5.0,630.0,655.0,125.83,0.700716517320788,88.98240164574733,VIP,,,,True
3545,17082,4.0,691.0,724.0,124.2875,0.5229770799008344,66.0855253602829,High,,,,True
3546,17083,10.0,619.0,728.0,28.190999999999995,1.16327341019197,32.90273897622459,Medium,,,,False
3547,17084,1.0,361.0,396.0,429.8,0.30439574227806476,146.5438145571308,VIP,,,,True
3548,17085,24.0,610.0,733.0,115.28625,2.1451202275862777,243.9262257186752,VIP,,,,False
3549,17086,5.0,56.0,63.0,31.194,4.229245720154786,135.19572660422278,VIP,,,,False
3550,17088,3.0,225.0,253.0,66.3,1.024310874795786,70.42485547644335,High,,,,False
3551,17090,12.0,504.0,508.0,16.52916666666667,2.0061321832984635,33.360528343698334,Medium,,,,False
3552,17091,20.0,736.0,738.0,69.6645,2.3328055778794177,160.63595485846025,VIP,,,,False
3553,17092,9.0,625.0,675.0,95.29666666666667,1.164416899251325,110.64407140196673,VIP,,,,False
3554,17094,2.0,105.0,423.0,19.0,0.25947598375369313,5.568533566430981,Low,,,,True
3555,17095,10.0,702.0,724.0,62.878,1.2149501574379753,76.17391852762893,High,,,,False
3556,17096,16.0,546.0,555.0,37.038125,2.438805274767761,89.69487022467844,VIP,,,,False
3557,17097,7.0,428.0,430.0,80.48142857142857,1.401739703214041,113.13754123557916,VIP,,,,False
3558,17098,2.0,159.0,540.0,24.650000000000002,0.22929292600263143,6.270624524222805,Low,,,,True
3559,17101,6.0,540.0,550.0,37.108333333333334,0.9731491051751262,36.63236479849344,High,,,,True
3560,17105,1.0,147.0,306.0,91.58,0.3408198145434051,35.913597229656524,High,,,,True
3561,17107,9.0,645.0,677.0,214.08888888888887,1.1674155652901035,248.69499771499963,VIP,,,,False
3562,17109,7.0,468.0,497.0,45.43857142857143,1.2224990843738996,55.94969232655302,High,,,,False
3563,17110,2.0,445.0,610.0,67.525,0.32764834763273254,23.597886980768003,Medium,,,,True
3564,17111,1.0,378.0,425.0,54.41,0.28505314075056853,18.2562520523512,Medium,,,,True
3565,17113,6.0,192.0,697.0,101.31666666666666,0.023714465062560794,2.4154488370452976,Low,,,,True
3566,17114,8.0,329.0,334.0,73.82125,1.9775358157778844,146.05253322091994,VIP,,,,False
3567,17115,11.0,726.0,734.0,52.82818181818182,1.3166733951797631,69.3107150711723,High,,,,False
3568,17119,2.0,56.0,59.0,9.905,2.019202940051109,24.200492773767763,Medium,,,,False
3569,17122,3.0,380.0,499.0,13.94,0.5510073999853905,8.43760388343086,Low,,,,True
3570,17123,2.0,411.0,572.0,30.494999999999997,0.34647501265465985,11.585407809700875,Medium,,,,True
3571,17126,6.0,313.0,465.0,143.475,0.9764315586654264,140.62411112521627,VIP,,,,True
3572,17127,4.0,307.0,735.0,32.985,0.26286679146339414,8.97120187334267,Low,,,,True
3573,17131,3.0,70.0,75.0,100.04333333333334,2.4598353956949928,253.85512780234689,VIP,,,,False
3574,17132,1.0,36.0,488.0,110.53,0.10011534026944617,12.658754129423702,Medium,,,,True
3575,17133,11.0,613.0,628.0,9.309090909090909,1.5185753977820506,14.44622131877714,Medium,,,,False
3576,17134,2.0,336.0,442.0,63.925,0.44314066112801936,30.253930158821788,Medium,,,,True
3577,17135,8.0,563.0,579.0,46.510000000000005,1.2106373836549789,56.50985096219729,High,,,,False
3578,17137,4.0,261.0,677.0,55.0825,0.24301296197448558,13.718519791125408,Medium,,,,True
3579,17138,6.0,398.0,673.0,104.69833333333334,0.5761313166855582,60.630616506610565,High,,,,True
3580,17139,21.0,682.0,697.0,139.48285714285714,2.5730534468528994,354.2249358351404,VIP,,,,False
3581,17141,1.0,266.0,684.0,221.99,0.15207591798065787,38.07460008722545,High,,,,True
3582,17142,3.0,445.0,684.0,164.4,0.39129069684056367,66.07742869129106,High,,,,True
3583,17143,1.0,98.0,515.0,103.77,0.14871032518870989,17.685433380434084,Medium,,,,True
3584,17144,1.0,83.0,84.0,121.84,1.0019294143437405,139.29798209020976,VIP,,,,False
3585,17145,5.0,193.0,658.0,78.558,0.0712595258478842,5.666672098606745,Low,,,,True
3586,17146,15.0,570.0,675.0,76.56866666666666,1.7806365299863605,135.09940725835907,VIP,,,,False
3587,17147,14.0,675.0,697.0,42.777142857142856,1.7349774107289377,73.77041414969085,High,,,,False
3588,17150,5.0,357.0,733.0,77.69800000000001,0.34840542745994546,27.404824804854957,Medium,,,,True
3589,17152,2.0,231.0,425.0,29.03,0.419459405842812,13.385689149471474,Medium,,,,True
3590,17155,6.0,719.0,736.0,19.12,0.7437231544513608,14.616614633028851,Medium,,,,True
3591,17156,1.0,7.0,491.0,6.6,0.06058177758453448,0.6595708738858815,Low,,,,True
3592,17157,18.0,728.0,735.0,23.227777777777778,2.1120881949885764,48.78303593257735,High,,,,False
3593,17158,5.0,610.0,642.0,69.44800000000001,0.7126128296030995,50.14959167247888,High,,,,True
3594,17159,5.0,624.0,645.0,62.04200000000001,0.7112726451478621,44.76595257351268,High,,,,True
3595,17160,17.0,704.0,735.0,56.89411764705882,1.987159220360019,111.98141947440935,VIP,,,,False
3596,17162,6.0,277.0,305.0,49.25666666666666,1.6192046443191122,80.62576039690418,High,,,,False
3597,17163,3.0,654.0,675.0,13.726666666666667,0.43616139678137633,6.583937884761055,Low,,,,True
3598,17164,5.0,241.0,273.0,55.486000000000004,1.5002463319002242,84.5489035540114,VIP,,,,False
3599,17165,7.0,444.0,728.0,50.472857142857144,0.5882195769512203,29.8735278353411,Medium,,,,True
3600,17166,2.0,165.0,203.0,9.7,0.8684756497251307,10.22252678198959,Low,,,,True
3601,17167,2.0,66.0,445.0,62.77499999999999,0.1457951220054356,9.778963574080999,Low,,,,True
3602,17169,5.0,528.0,578.0,35.322,0.7800306919333422,28.165507248730442,Medium,,,,True
3603,17170,2.0,28.0,402.0,6.885,0.08474134336791757,0.7488673375875398,Low,,,,True
3604,17171,1.0,372.0,661.0,38.08,0.1752891668008249,8.043641723740864,Low,,,,True
3605,17172,5.0,652.0,726.0,6.708,0.6300480268921839,4.647586121322848,Low,,,,True
3606,17173,7.0,126.0,131.0,39.701428571428565,3.654067549403254,146.3382282554992,VIP,,,,False
3607,17175,4.0,252.0,296.0,53.3,1.1425682202387317,62.44441719488175,High,,,,False
3608,17176,2.0,476.0,677.0,40.855000000000004,0.29488526723134545,13.043524923622558,Medium,,,,True
3609,17179,5.0,384.0,562.0,61.767999999999994,0.7208417158857251,45.17006537454086,High,,,,True
3610,17180,9.0,631.0,687.0,84.20777777777778,1.1435393657977184,96.06320549293471,VIP,,,,False
3611,17181,2.0,538.0,595.0,34.955,0.3483852015287886,13.268277901505797,Medium,,,,True
3612,17182,1.0,296.0,718.0,23.8,0.14811222574882169,4.444955796221065,Low,,,,True
3613,17183,7.0,98.0,105.0,42.40571428571428,4.240669222897262,181.26965477784768,VIP,,,,False
3614,17184,1.0,161.0,730.0,41.53,0.1105091741652228,5.4949086288034845,Low,,,,True
3615,17185,1.0,7.0,598.0,40.66,0.039750305486553485,1.9380868021509423,Low,,,,True
3616,17186,1.0,14.0,60.0,0.72,1.0922417527814765,4.751376901129603,Low,,,,False
3617,17187,1.0,300.0,526.0,37.65,0.21740355980884896,9.87231012026122,Low,,,,True
3618,17188,15.0,720.0,731.0,33.291333333333334,1.7783342653438448,58.875241929791656,High,,,,False
3619,17189,4.0,631.0,737.0,60.68,0.5050419159146345,31.366332024798957,Medium,,,,True
3620,17190,5.0,586.0,644.0,192.072,0.7057768087572561,136.5691059866795,VIP,,,,True
3621,17191,11.0,710.0,738.0,120.79,1.30493036394339,156.58059953876258,VIP,,,,False
3622,17193,9.0,702.0,737.0,13.81111111111111,1.0788463808980324,15.181960513296442,Medium,,,,False
3623,17194,2.0,257.0,530.0,56.72,0.3258664850567454,19.80087762850549,Medium,,,,True
3624,17198,2.0,348.0,371.0,63.120000000000005,0.5345589042233416,36.047058259110365,High,,,,True
3625,17200,1.0,265.0,652.0,12.370000000000001,0.1616807125521944,2.7974794404097825,Low,,,,True
3626,17201,3.0,614.0,667.0,87.37666666666667,0.4380032423767154,39.53481947311748,High,,,,True
3627,17203,3.0,353.0,388.0,86.56,0.7133477283019113,63.794388246931376,High,,,,True
3628,17204,11.0,378.0,547.0,69.23545454545454,1.1771306610347343,81.10558224295902,High,,,,False
3629,17205,2.0,511.0,564.0,5.734999999999999,0.36596534222661814,2.7955084875881333,Low,,,,True
3630,17209,2.0,87.0,736.0,38.525,0.05012433044508474,2.0954310714211,Low,,,,True
3631,17211,12.0,700.0,726.0,83.10416666666667,1.4400885087067241,118.87333752717478,VIP,,,,False
3632,17212,2.0,233.0,486.0,5.1899999999999995,0.35189218938949235,2.4881888697125554,Low,,,,True
3633,17213,18.0,691.0,731.0,61.232777777777784,2.1037724931874324,127.49253161383132,VIP,,,,False
3634,17214,5.0,299.0,359.0,110.23400000000001,1.1726561798386796,130.55172644239468,VIP,,,,False
3635,17217,1.0,385.0,619.0,33.45,0.1906468518561001,7.766973503091993,Low,,,,True
3636,17218,17.0,679.0,683.0,72.93411764705883,2.1400922939118714,154.48832706262033,VIP,,,,False
3637,17219,1.0,385.0,416.0,47.13,0.29199862794804265,16.33756579777773,Medium,,,,True
3638,17220,13.0,664.0,688.0,115.68538461538462,1.6345347030632196,187.47624537071363,VIP,,,,False
3639,17221,3.0,600.0,607.0,44.800000000000004,0.4821299537408029,22.567720456834838,Medium,,,,True
3640,17222,5.0,633.0,698.0,57.688,0.6546888993058235,38.34239296664081,High,,,,True
3641,17223,2.0,65.0,375.0,104.44999999999999,0.21796735990961294,24.085079730732257,Medium,,,,True
3642,17226,2.0,357.0,665.0,29.564999999999998,0.274768966379485,8.921407006301234,Low,,,,True
3643,17227,11.0,675.0,693.0,11.375454545454545,1.3860998798535875,16.024384718053653,Medium,,,,False
3644,17228,12.0,622.0,637.0,47.79083333333333,1.6285825979507493,77.49095703390054,High,,,,False
3645,17229,1.0,46.0,142.0,31.23,0.605228895316195,23.164787856256225,Medium,,,,True
3646,17230,17.0,467.0,731.0,51.22588235294118,0.19228201499574238,9.759603021950218,Low,,,,True
3647,17231,22.0,720.0,732.0,157.58545454545455,2.574669050193152,400.27769242612203,VIP,,,,False
3648,17232,1.0,12.0,14.0,49.92,2.039073150529573,120.43462659958806,VIP,,,,False
3649,17233,2.0,689.0,724.0,52.790000000000006,0.2926323979077579,16.582983577394202,Medium,,,,True
3650,17235,7.0,528.0,553.0,30.02,1.1120675434187017,33.79679792304646,High,,,,False
3651,17236,11.0,630.0,642.0,43.89181818181818,1.4891047213516717,65.20032237091945,High,,,,False
3652,17237,3.0,370.0,381.0,37.1,0.7308527309291833,28.467040005208936,Medium,,,,True
3653,17238,28.0,736.0,738.0,108.32785714285714,3.240777349733724,345.9932039267335,VIP,,,,False
3654,17239,5.0,417.0,729.0,21.1,0.47084300390637746,10.277380333047525,Low,,,,True
3655,17241,10.0,277.0,662.0,69.923,0.029788646277898505,2.0758685954154044,Low,,,,True
3656,17242,4.0,576.0,684.0,38.825,0.5394510104098129,21.593190941952432,Medium,,,,True
3657,17243,65.0,737.0,738.0,70.86584615384615,7.441183302732665,518.2675085081438,VIP,,,,False
3658,17244,2.0,680.0,733.0,88.91,0.2883217087377944,27.189901502782874,Medium,,,,True
3659,17245,1.0,485.0,689.0,26.15,0.17690969170336568,5.771427091501201,Low,,,,True
3660,17246,1.0,192.0,738.0,15.44,0.11899765837862003,2.465127940463663,Low,,,,True
3661,17248,1.0,361.0,481.0,131.46,0.2488357217154422,37.253884722820274,High,,,,True
3662,17250,1.0,258.0,261.0,91.55,0.43890918420317904,46.235391543777766,High,,,,True
3663,17251,2.0,362.0,724.0,106.14,0.24545450809779804,27.55401523905873,Medium,,,,True
3664,17252,1.0,70.0,186.0,5.95,0.49722719966011725,5.054331255329945,Low,,,,True
3665,17254,2.0,397.0,401.0,83.685,0.5024824699669109,44.65133171949603,High,,,,True
3666,17255,3.0,406.0,446.0,65.99666666666667,0.6306125023399051,43.160487218935145,High,,,,True
3667,17256,3.0,493.0,600.0,13.706666666666665,0.4735706863198735,7.138995070872414,Low,,,,True
3668,17258,1.0,269.0,665.0,52.6,0.1583971351939542,9.825646862275253,Low,,,,True
3669,17259,4.0,507.0,655.0,125.3575,0.5493486111525465,70.01193379261015,High,,,,True
3670,17262,8.0,672.0,724.0,9.32,0.9777095649722543,9.455467166023947,Low,,,,True
3671,17265,1.0,42.0,180.0,69.41,0.46346091814795753,37.41345122027795,High,,,,True
3672,17266,4.0,638.0,640.0,64.95,0.5893380015540082,39.14399658102315,High,,,,True
3673,17268,10.0,624.0,731.0,5.859,1.1610902017330382,7.116692128196212,Low,,,,False
3674,17270,1.0,263.0,732.0,76.34,0.13829133028403895,12.228621734384948,Medium,,,,True
3675,17272,4.0,220.0,262.0,35.1875,1.2629741429002566,45.9150210186407,High,,,,False
3676,17274,1.0,360.0,395.0,42.93,0.3050642292227663,15.644042405053119,Medium,,,,True
3677,17276,1.0,3.0,402.0,23.15,0.08295485939562405,2.429630570782167,Low,,,,True
3678,17277,1.0,95.0,322.0,95.03,0.28518636647731505,31.145158816723505,Medium,,,,True
3679,17278,1.0,324.0,565.0,71.30000000000001,0.20376870114828732,16.876834165981087,Medium,,,,True
3680,17281,5.0,299.0,673.0,2.63,0.30387657681406904,0.9972713086656162,Low,,,,True
3681,17282,4.0,418.0,548.0,84.485,0.6447734634295216,55.55072566091989,High,,,,True
3682,17284,7.0,385.0,445.0,89.31857142857143,1.3264250782302696,118.74777794559418,VIP,,,,False
3683,17285,1.0,35.0,663.0,98.34,0.05394943215836535,6.090200006173662,Low,,,,True
3684,17286,1.0,379.0,400.0,81.7,0.3031597477280463,28.614582233528296,Medium,,,,True
3685,17287,18.0,710.0,736.0,85.06333333333333,2.1005556909014045,176.6961347297701,VIP,,,,False
3686,17288,8.0,385.0,394.0,105.1275,1.7112491320521255,179.69427215305106,VIP,,,,False
3687,17289,9.0,610.0,641.0,65.19222222222223,1.2276373034844101,79.93765222507717,High,,,,False
3688,17290,6.0,723.0,726.0,88.89999999999999,0.754963912778957,67.5223981558444,High,,,,True
3689,17292,1.0,107.0,579.0,50.15,0.1289803564782757,7.649561512318172,Low,,,,True
3690,17293,15.0,728.0,736.0,42.895999999999994,1.7680531549793277,75.3151054160709,High,,,,False
3691,17295,1.0,36.0,64.0,112.53,1.1220225955814978,144.38150917678308,VIP,,,,False
3692,17298,4.0,540.0,641.0,29.4725,0.5729493568144588,17.520806531684713,Medium,,,,True
3693,17299,5.0,470.0,481.0,26.302,0.9302719106901207,25.16505450708504,Medium,,,,True
3694,17300,1.0,91.0,481.0,63.41,0.1597072254270251,11.82654951617349,Medium,,,,True
3695,17301,1.0,603.0,624.0,98.78,0.20356031366381955,23.078975801706697,Medium,,,,True
3696,17302,5.0,291.0,305.0,37.784000000000006,1.3820512774239293,53.32123419070502,High,,,,False
3697,17306,18.0,393.0,403.0,6.018888888888889,3.637274140132018,22.241146656799945,Medium,,,,False
3698,17307,11.0,324.0,689.0,9.922727272727274,0.04849080504266433,0.4907805628386188,Low,,,,True
3699,17308,1.0,59.0,452.0,1.8699999999999999,0.1440588180298434,0.8107998487273246,Low,,,,True
3700,17309,2.0,578.0,673.0,18.98,0.308604059492878,6.616326599218604,Low,,,,True
3701,17310,1.0,147.0,534.0,2.55,0.16934772432145964,1.0811629602522772,Low,,,,True
3702,17311,6.0,596.0,674.0,53.89666666666667,0.7934775747462223,43.190867563340134,High,,,,True
3703,17312,2.0,21.0,159.0,7.0,0.6070035632447469,5.43713248232185,Low,,,,True
3704,17313,1.0,14.0,31.0,7.880000000000001,1.574930763115723,19.391056022635514,Medium,,,,False
3705,17314,20.0,712.0,736.0,35.779,2.3278832870009936,82.50519022571518,VIP,,,,False
3706,17315,40.0,438.0,438.0,49.98325,7.408487910562344,364.6890245686625,VIP,,,,False
3707,17317,2.0,43.0,89.0,2.12,1.4709308080066352,5.69596971943823,Low,,,,False
3708,17320,5.0,587.0,687.0,112.006,0.6562514876519666,74.22652156964351,High,,,,True
3709,17321,4.0,569.0,577.0,147.46,0.647330108987493,96.95346841397588,VIP,,,,True
3710,17322,4.0,360.0,736.0,86.04249999999999,0.3451285376498128,30.27748187542795,Medium,,,,True
3711,17323,11.0,683.0,698.0,37.68818181818182,1.3777643376048516,51.85484949974692,High,,,,False
3712,17324,11.0,704.0,721.0,30.072727272727274,1.3365108324462969,40.21552250049283,High,,,,False
3713,17325,2.0,361.0,641.0,56.305,0.2899103762921139,17.490586319990168,Medium,,,,True
3714,17326,1.0,121.0,529.0,120.59,0.15762331194325582,21.693148888872837,Medium,,,,True
3715,17327,1.0,153.0,562.0,14.41,0.16012809213424553,3.1338236717322765,Low,,,,True
3716,17329,3.0,722.0,736.0,72.37333333333333,0.4031109617196197,30.212791042832574,Medium,,,,True
3717,17330,3.0,625.0,647.0,12.293333333333335,0.45340322727146437,6.180956369243492,Low,,,,True
3718,17332,4.0,128.0,656.0,42.817499999999995,0.03453851935219029,1.5218172370662137,Low,,,,True
3719,17334,3.0,105.0,406.0,5.1000000000000005,0.2596884020743512,1.6337055543811214,Low,,,,True
3720,17335,1.0,301.0,684.0,62.09,0.1585005718616688,11.504447959030495,Medium,,,,True
3721,17337,3.0,159.0,310.0,230.35000000000002,0.7263248814931319,171.54681689493822,VIP,,,,True
3722,17338,17.0,622.0,639.0,209.63941176470587,2.269216450947476,470.0609902433573,VIP,,,,False
3723,17339,3.0,415.0,509.0,9.84,0.5494964926202298,6.115124961897903,Low,,,,True
3724,17340,24.0,722.0,731.0,102.96041666666666,2.808180386168908,285.2230203238928,VIP,,,,False
3725,17341,2.0,384.0,540.0,164.76999999999998,0.3644069789210201,63.169564327845364,High,,,,True
3726,17342,6.0,295.0,669.0,34.696666666666665,0.24565149983431728,8.654566660740533,Low,,,,True
3727,17343,5.0,381.0,736.0,58.57000000000001,0.3947976829064806,23.471260075997293,Medium,,,,True
3728,17344,1.0,682.0,728.0,87.72,0.17581515068844109,17.771258537857314,Medium,,,,True
3729,17345,6.0,723.0,738.0,67.635,0.7421075284118899,50.59057087900614,High,,,,True
3730,17346,24.0,597.0,600.0,87.13125000000001,3.3734244958815918,290.0268734090095,VIP,,,,False
3731,17348,8.0,625.0,639.0,82.3225,1.1067288583004673,91.09872677189085,VIP,,,,False
3732,17349,4.0,452.0,631.0,45.325,0.553337817204437,25.782574545703653,Medium,,,,True
3733,17350,5.0,668.0,676.0,67.85799999999999,0.6828486308435435,46.96470542221919,High,,,,True
3734,17351,10.0,693.0,729.0,35.969,1.2033734795715756,43.32273004080259,High,,,,False
3735,17353,6.0,553.0,682.0,4.266666666666667,0.765205037175277,3.672219426105378,Low,,,,True
3736,17354,1.0,378.0,428.0,22.509999999999998,0.2830144016590137,8.08768261331644,Low,,,,True
3737,17356,4.0,377.0,688.0,22.0025,0.42452122194149156,9.778253334925651,Low,,,,True
3738,17358,4.0,350.0,653.0,99.75,0.43665408903756087,44.35359939676381,High,,,,True
3739,17359,1.0,637.0,648.0,31.56,0.19701911646924306,7.612558639639191,Low,,,,True
3740,17360,3.0,417.0,434.0,176.51,0.6507123367693036,117.93009897022162,VIP,,,,True
3741,17361,3.0,627.0,676.0,46.72666666666667,0.4330700178497518,21.122803413555154,Medium,,,,True
3742,17362,6.0,463.0,702.0,60.99166666666667,0.646278578047806,39.764093012018364,High,,,,True
3743,17363,1.0,7.0,402.0,20.57,0.09073312059156503,2.397168748774135,Low,,,,True
3744,17364,28.0,732.0,732.0,107.82892857142858,3.2664739351733245,347.13220443734576,VIP,,,,False
3745,17365,13.0,664.0,676.0,109.41230769230768,1.6657569044242027,180.71921800423206,VIP,,,,False
3746,17366,2.0,64.0,456.0,100.105,0.13242399372662442,14.033016450313454,Medium,,,,True
3747,17368,13.0,701.0,724.0,39.317692307692305,1.559754993020366,61.05207348047406,High,,,,False
3748,17370,3.0,97.0,169.0,11.533333333333333,1.2904381891320607,16.591742666126976,Medium,,,,False
3749,17371,3.0,714.0,731.0,113.91333333333334,0.40546709231447403,47.5792091212663,High,,,,True
3750,17372,30.0,696.0,736.0,61.335,3.4273146030147914,207.2591683996325,VIP,,,,False
3751,17373,6.0,609.0,649.0,22.815,0.8309927624185215,19.402533251133924,Medium,,,,True
3752,17374,3.0,177.0,395.0,68.91333333333334,0.5257934798822174,37.55177136912121,High,,,,True
3753,17375,4.0,241.0,431.0,49.0525,0.6811073267986587,34.301153210840596,High,,,,True
3754,17376,3.0,452.0,522.0,35.70666666666667,0.5430955367574928,20.381278493312458,Medium,,,,True
3755,17377,69.0,714.0,737.0,72.53855072463767,7.818818849498715,557.3335512137728,VIP,,,,False
3756,17380,3.0,100.0,534.0,4.816666666666667,0.0947053873675125,0.5684022537811495,Low,,,,True
3757,17381,28.0,540.0,548.0,6.929285714285714,4.255966959955425,29.51199605195331,Medium,,,,False
3758,17382,6.0,504.0,569.0,7.776666666666666,0.9277514813017345,7.708946656279027,Low,,,,True
3759,17383,1.0,449.0,453.0,88.78,0.27295220773337714,27.91189262154927,Medium,,,,True
3760,17384,2.0,448.0,467.0,24.37,0.4372958499401029,11.831492333928189,Medium,,,,True
3761,17386,4.0,378.0,385.0,11.495000000000001,0.9296748585075792,11.545555498226678,Medium,,,,True
3762,17387,1.0,14.0,33.0,142.21,1.531406028748448,247.61174302600864,VIP,,,,False
3763,17388,10.0,652.0,729.0,14.560999999999998,1.1858933227155972,17.506706208697267,Medium,,,,False
3764,17389,63.0,735.0,735.0,38.52793650793651,7.242655854998351,274.43764323558014,VIP,,,,False
3765,17391,1.0,1.0,164.0,1.06,0.36035674294824427,1.70372612812465,Low,,,,True
3766,17392,2.0,144.0,450.0,94.785,0.29796113290519594,29.923361966748196,Medium,,,,True
3767,17393,1.0,78.0,488.0,89.05,0.14507472677125646,14.878747391255196,Medium,,,,True
3768,17396,11.0,402.0,441.0,17.675454545454546,2.0647468373032125,36.7615371357816,High,,,,False
3769,17397,1.0,394.0,416.0,271.63,0.2928319280582848,89.47839160354508,VIP,,,,True
3770,17398,2.0,141.0,255.0,55.64999999999999,0.6650446636165259,39.67033623839421,High,,,,True
3771,17400,7.0,596.0,722.0,192.87142857142857,0.8381777960589816,161.58936408940016,VIP,,,,True
3772,17402,21.0,719.0,723.0,32.055238095238096,2.492675028463208,79.15079069320672,High,,,,False
3773,17403,1.0,414.0,450.0,100.54,0.2721013798488947,31.382722295685568,Medium,,,,True
3774,17404,24.0,697.0,701.0,25.308333333333334,2.922228999505593,73.24588541167188,High,,,,False
3775,17405,4.0,149.0,150.0,41.625,2.002260289838586,85.8158829420025,VIP,,,,False
3776,17406,14.0,403.0,733.0,98.30142857142857,0.06676020203691041,6.503558385803367,Low,,,,True
3777,17408,2.0,351.0,514.0,18.775,0.377563224075444,8.014194438239954,Low,,,,True
3778,17409,7.0,544.0,728.0,46.089999999999996,0.7863156185617034,36.497438146010026,High,,,,True
3779,17410,4.0,199.0,215.0,43.245000000000005,1.5066643710346432,67.03945398508085,High,,,,False
3780,17411,8.0,724.0,736.0,30.80375,0.9716249634692293,30.16773382362294,Medium,,,,True
3781,17412,18.0,735.0,737.0,60.56222222222223,2.1084667141848246,126.38174941250195,VIP,,,,False
3782,17413,1.0,165.0,569.0,34.15,0.16245060526112062,6.744705831198805,Low,,,,True
3783,17414,5.0,693.0,736.0,1.474,0.6270270661386228,1.3299740837186635,Low,,,,True
3784,17416,17.0,696.0,725.0,100.39882352941176,2.0136297579726374,199.95618780724186,VIP,,,,False
3785,17418,2.0,345.0,387.0,44.125,0.5117744709933362,24.381267586844956,Medium,,,,True
3786,17419,18.0,672.0,683.0,62.568333333333335,2.258997071158578,139.87697473116276,VIP,,,,False
3787,17420,5.0,351.0,401.0,27.818,1.0755178468528854,30.731538833593014,Medium,,,,False
3788,17421,2.0,349.0,735.0,50.03,0.23572291313601157,12.680117242116625,Medium,,,,True
3789,17422,19.0,518.0,534.0,23.11894736842105,2.976860058982587,68.38639366520853,High,,,,False
3790,17423,4.0,348.0,393.0,15.344999999999999,0.9001540615442044,14.680014803413847,Medium,,,,True
3791,17425,1.0,41.0,60.0,1.95,1.1812579437385042,6.7542506284199435,Low,,,,False
3792,17426,10.0,656.0,660.0,122.61500000000001,1.3279985494110773,161.96505606707314,VIP,,,,False
3793,17428,38.0,738.0,738.0,65.01157894736842,4.37704005520541,280.20054326057453,VIP,,,,False
3794,17429,6.0,309.0,429.0,23.853333333333335,1.1065587034473539,26.9860239574002,Medium,,,,False
3795,17430,3.0,447.0,479.0,18.87666666666667,0.593594081128843,12.080484194888278,Medium,,,,True
3796,17432,6.0,718.0,736.0,94.71499999999999,0.7435929883451855,70.82966125323544,High,,,,True
3797,17433,1.0,297.0,385.0,129.92,0.3048403677103825,45.11690997666345,High,,,,True
3798,17434,8.0,83.0,85.0,38.30875,5.520629767084135,212.65787157328475,VIP,,,,False
3799,17436,6.0,731.0,732.0,9.001666666666667,0.7494354652045733,7.145345330552589,Low,,,,True
3800,17438,5.0,394.0,641.0,53.684000000000005,0.5828310940075301,31.79081872340787,Medium,,,,True
3801,17440,4.0,402.0,549.0,1.32,0.6348617688149152,1.358401180011004,Low,,,,True
3802,17442,20.0,633.0,662.0,35.588,2.56175555647527,90.31183106693982,VIP,,,,False
3803,17444,2.0,25.0,172.0,360.86,0.568254267935483,214.62331079764482,VIP,,,,True
3804,17446,1.0,134.0,310.0,2.2,0.3286239062777948,1.9701854565697916,Low,,,,True
3805,17447,1.0,31.0,71.0,17.15,1.032333583861143,23.351022697640474,Medium,,,,False
3806,17448,22.0,501.0,645.0,300.07318181818187,1.4763157845078494,436.8596671231222,VIP,,,,False
3807,17449,12.0,728.0,730.0,143.19833333333335,1.4393095802256342,204.4479186300215,VIP,,,,False
3808,17450,36.0,430.0,438.0,97.33833333333332,6.660592153211983,638.2797853507366,VIP,,,,False
3809,17451,6.0,104.0,105.0,35.336666666666666,3.699536987461593,132.71790178171318,VIP,,,,False
3810,17453,1.0,47.0,64.0,44.19,1.1463976129974487,60.40084458112226,High,,,,False
3811,17454,10.0,501.0,693.0,35.593,1.0156057829907732,36.184092121381724,High,,,,False
3812,17456,1.0,91.0,456.0,25.63,0.17329280297009952,5.5533131786426235,Low,,,,True
3813,17457,17.0,606.0,732.0,11.355294117647059,1.7653881605463155,20.117605041503424,Medium,,,,False
3814,17458,1.0,366.0,381.0,131.39000000000001,0.31691149154972037,47.42144771558996,High,,,,True
3815,17459,1.0,17.0,60.0,58.0,1.1060620909345766,75.26102532608228,High,,,,False
3816,17460,20.0,608.0,686.0,27.282999999999998,2.3777326245243398,64.34991148961893,High,,,,False
3817,17461,1.0,7.0,29.0,156.13,1.584965204788248,280.8075236932294,VIP,,,,False
3818,17462,2.0,233.0,284.0,34.82,0.6601926010444842,25.051324448332615,Medium,,,,True
3819,17463,8.0,573.0,589.0,81.02625,1.1918970814147076,96.57206543558692,VIP,,,,False
3820,17464,2.0,461.0,619.0,29.51,0.3247110867148643,10.52437807233316,Low,,,,True
3821,17465,7.0,311.0,736.0,55.13142857142857,0.12491807517995075,6.924443136504602,Low,,,,True
3822,17466,1.0,68.0,78.0,54.25,1.037090709018234,66.24225562542175,High,,,,False
3823,17468,2.0,365.0,375.0,2.925,0.5318904962580532,2.5056573165484695,Low,,,,True
3824,17469,18.0,707.0,723.0,48.265,2.1408211178225,102.3414688579395,VIP,,,,False
3825,17470,10.0,464.0,508.0,21.05,1.6628275098184895,35.252496413600284,High,,,,False
3826,17472,3.0,437.0,628.0,119.75333333333333,0.43456135121213985,53.58354773054651,High,,,,True
3827,17473,2.0,55.0,456.0,30.6,0.11254715204506135,3.775685562489267,Low,,,,True
3828,17476,3.0,344.0,737.0,48.13333333333333,0.29277097995257456,14.700055369764943,Medium,,,,True
3829,17477,4.0,35.0,647.0,37.485,0.0012429512491901064,0.04807044788810033,Low,,,,True
3830,17478,1.0,225.0,633.0,41.45,0.15862111220087358,7.873126819606625,Low,,,,True
3831,17480,2.0,371.0,444.0,28.755000000000003,0.4487863557898515,14.192943627175193,Medium,,,,True
3832,17481,4.0,90.0,93.0,37.8825,2.7741298062275135,108.41199338089362,VIP,,,,False
3833,17482,1.0,91.0,578.0,146.8,0.11871266570880246,19.79741798340785,Medium,,,,True
3834,17483,3.0,349.0,414.0,22.853333333333335,0.6656076682026656,16.2475681927408,Medium,,,,True
3835,17484,1.0,48.0,624.0,2.26,0.07217735859040865,0.43752571768559956,Low,,,,True
3836,17489,1.0,154.0,212.0,12.18,0.5005098704725253,8.554731423112376,Low,,,,True
3837,17490,9.0,569.0,569.0,35.69111111111111,1.378478460757475,49.36113210314789,High,,,,False
3838,17491,16.0,589.0,590.0,30.73,2.310440059840388,70.57897452510866,High,,,,False
3839,17492,2.0,270.0,518.0,46.04,0.3435857898362969,17.05406308523767,Medium,,,,True
3840,17495,3.0,383.0,390.0,43.803333333333335,0.7169568583337884,32.83079536702358,Medium,,,,True
3841,17496,4.0,336.0,694.0,48.0975,0.36124616456585856,17.84388447084992,Medium,,,,True
3842,17497,1.0,220.0,610.0,36.4,0.1652929889940075,7.276206663792717,Low,,,,True
3843,17499,2.0,272.0,561.0,39.715,0.3087143366483523,13.288587930458789,Medium,,,,True
3844,17500,2.0,12.0,29.0,85.0,2.6557707422384427,239.66961902144888,VIP,,,,False
3845,17502,3.0,20.0,29.0,14.256666666666668,3.7871606642746993,59.22597848710869,High,,,,False
3846,17503,1.0,36.0,38.0,15.98,1.5029604493266782,32.0422776922006,Medium,,,,False
3847,17504,15.0,463.0,669.0,67.33066666666667,0.7929902703441105,52.92648723241359,High,,,,True
3848,17505,3.0,444.0,605.0,85.79333333333334,0.4573100141927226,40.53860603956825,High,,,,True
3849,17506,1.0,5.0,75.0,5.83,0.8763755988339149,8.791951883668968,Low,,,,True
3850,17507,1.0,48.0,309.0,101.19,0.23984594171803916,27.836318499338155,Medium,,,,True
3851,17508,8.0,452.0,732.0,72.10249999999999,0.6086004382731577,43.906660472446205,High,,,,True
3852,17509,2.0,6.0,63.0,125.28999999999999,1.5632498999735018,206.70359881303716,VIP,,,,False
3853,17510,1.0,396.0,420.0,44.22,0.29020283258457163,15.298133255755754,Medium,,,,True
3854,17511,58.0,735.0,737.0,88.13344827586207,6.65393486516791,576.4479913818745,VIP,,,,False
3855,17512,18.0,701.0,729.0,16.332222222222224,2.1179467437505832,34.50615718985445,High,,,,False
3856,17513,2.0,407.0,479.0,16.985,0.4203728264297321,8.138842478051236,Low,,,,True
3857,17514,1.0,541.0,669.0,89.12,0.18620370304482442,19.111207427863363,Medium,,,,True
3858,17515,8.0,519.0,550.0,98.20375,1.2631193886881078,123.93328602389917,VIP,,,,False
3859,17516,4.0,363.0,378.0,93.7,0.9422931612491561,89.95688270101455,VIP,,,,True
3860,17518,1.0,196.0,621.0,102.55,0.1542849381209282,18.139010258797644,Medium,,,,True
3861,17519,16.0,721.0,738.0,42.150625,1.8737396048524764,78.37347426969643,High,,,,False
3862,17521,5.0,410.0,434.0,35.896,1.0154259514321133,37.25080531464177,High,,,,False
3863,17522,4.0,217.0,218.0,28.7175,1.5020570351117513,44.78920773113047,High,,,,False
3864,17523,2.0,8.0,19.0,20.43,3.067937254812674,70.42305219078804,High,,,,False
3865,17524,1.0,77.0,438.0,9.55,0.17111740587414453,2.424270249705621,Low,,,,True
3866,17525,2.0,69.0,428.0,51.575,0.1684348979896385,9.331836961117403,Low,,,,True
3867,17526,13.0,721.0,722.0,31.364615384615384,1.5702151166883893,49.10639915765054,High,,,,False
3868,17527,5.0,165.0,218.0,24.973999999999997,1.7439301866559025,44.85160461644878,High,,,,False
3869,17528,9.0,70.0,71.0,58.39555555555556,6.865836120070174,400.755206776915,VIP,,,,False
3870,17529,1.0,87.0,697.0,99.34,0.08320914887611947,9.485749481942872,Low,,,,True
3871,17530,10.0,732.0,733.0,100.751,1.2055465534376844,120.88069914593508,VIP,,,,False
3872,17531,7.0,611.0,731.0,40.09142857142857,0.832513471862882,33.66182583131912,Medium,,,,True
3873,17534,4.0,599.0,652.0,42.7825,0.5731416207038862,25.23318987547765,Medium,,,,True
3874,17536,2.0,505.0,682.0,31.825,0.2964203334349785,10.322416931041243,Low,,,,True
3875,17537,1.0,274.0,303.0,17.75,0.3833335441384014,8.925860962254646,Low,,,,True
3876,17539,5.0,109.0,726.0,81.374,0.0038484068456460974,0.31691230993524916,Low,,,,True
3877,17540,6.0,591.0,599.0,26.95,0.900702134041966,24.754866016572134,Medium,,,,True
3878,17542,1.0,372.0,641.0,64.6,0.18171817777379742,13.696799199338802,Medium,,,,True
3879,17545,2.0,534.0,577.0,311.57000000000005,0.3594625365161241,117.29619852592307,VIP,,,,True
3880,17547,3.0,293.0,665.0,24.633333333333336,0.3065617586052764,8.040012521999683,Low,,,,True
3881,17548,5.0,179.0,396.0,12.972,0.5891309479523774,8.051371211566739,Low,,,,True
3882,17549,1.0,28.0,51.0,9.42,1.2673602402377806,17.7740275431005,Medium,,,,False
3883,17550,6.0,473.0,670.0,153.14000000000001,0.7204484476182949,110.7202984069146,VIP,,,,True
3884,17552,11.0,585.0,627.0,29.13181818181818,1.5087828015914009,43.99247053219108,High,,,,False
3885,17553,3.0,481.0,610.0,4.316666666666666,0.46228185389310134,2.5386093133928656,Low,,,,True
3886,17554,4.0,147.0,148.0,26.4725,2.022077041126085,55.710491007740075,High,,,,False
3887,17555,4.0,567.0,586.0,107.685,0.6367904863035424,69.78747342237087,High,,,,True
3888,17556,1.0,174.0,379.0,28.67,0.2783047334912987,9.859256174291334,Low,,,,True
3889,17557,3.0,718.0,732.0,30.623333333333335,0.4051556079860905,13.102588261980118,Medium,,,,True
3890,17560,7.0,566.0,660.0,17.029999999999998,0.9235661740669553,16.10433597325445,Medium,,,,True
3891,17561,3.0,714.0,733.0,108.21999999999998,0.40430414663623426,45.09351884334186,High,,,,True
3892,17562,7.0,159.0,173.0,13.820000000000002,2.9597330030448927,42.13738174016354,High,,,,False
3893,17563,3.0,33.0,611.0,10.05,0.007166113037741946,0.08128420730216863,Low,,,,True
3894,17564,2.0,56.0,80.0,55.879999999999995,1.6530416354021833,99.00790837266732,VIP,,,,False
3895,17566,1.0,17.0,25.0,218.3,1.731012755697051,426.35807529424443,VIP,,,,False
3896,17567,10.0,434.0,441.0,41.727,1.912746105590011,79.78853514350197,High,,,,False
3897,17571,4.0,492.0,542.0,188.905,0.6776695696957108,129.87106545839657,VIP,,,,True
3898,17572,9.0,653.0,724.0,8.505555555555556,1.0842597260484836,9.543464665676838,Low,,,,False
3899,17573,2.0,64.0,93.0,18.985000000000003,1.4994344840558274,32.15805450875843,Medium,,,,False
3900,17576,38.0,728.0,736.0,73.64421052631579,4.3818790174735645,317.71012916074676,VIP,,,,False
3901,17577,1.0,23.0,668.0,24.95,0.04368753003588406,1.366956606575596,Low,,,,True
3902,17578,7.0,339.0,529.0,29.971428571428568,0.8932680530535518,27.104042530055022,Medium,,,,True
3903,17579,4.0,574.0,578.0,33.125,0.6468192125437585,22.166477610725096,Medium,,,,True
3904,17580,4.0,170.0,422.0,47.315,0.46064736849328264,22.390047801063886,Medium,,,,True
3905,17581,29.0,736.0,736.0,95.15137931034482,3.363764988590283,315.42838245548114,VIP,,,,False
3906,17582,4.0,387.0,623.0,78.9625,0.5191998884754941,41.83511225733269,High,,,,True
3907,17584,6.0,676.0,683.0,69.24666666666667,0.7984160143128506,55.71617758405495,High,,,,True
3908,17585,6.0,369.0,478.0,88.805,1.0404222750873793,92.95548005270429,VIP,,,,False
3909,17588,7.0,537.0,637.0,43.098571428571425,0.9491366926927894,41.22371550014638,High,,,,True
3910,17589,16.0,582.0,642.0,185.15875,2.0878247017791445,382.21931773407465,VIP,,,,False
3911,17590,2.0,38.0,40.0,196.52499999999998,2.432193549443739,502.16452575796006,VIP,,,,False
3912,17591,8.0,618.0,691.0,71.875,1.012584569815943,72.82243176410032,High,,,,False
3913,17593,14.0,732.0,735.0,67.97428571428571,1.6578199898225887,111.79019611201511,VIP,,,,False
3914,17594,3.0,519.0,604.0,51.36666666666667,0.47469736769166704,25.401180097281316,Medium,,,,True
3915,17595,1.0,25.0,37.0,107.78,1.4921481924362212,184.13372451897934,VIP,,,,False
3916,17596,13.0,701.0,724.0,58.45692307692308,1.559754993020366,90.58680994835208,VIP,,,,False
3917,17597,6.0,370.0,583.0,62.589999999999996,0.7390423690686094,46.653195573787265,High,,,,True
3918,17599,2.0,13.0,477.0,3.75,0.030341708521115614,0.16901669795346191,Low,,,,True
3919,17601,1.0,141.0,380.0,14.51,0.26174187190571474,5.151653402225526,Low,,,,True
3920,17602,16.0,617.0,619.0,104.296875,2.2105929747372093,228.14824320458513,VIP,,,,False
3921,17603,7.0,679.0,729.0,205.64714285714285,0.8587079392122612,176.48716762443738,VIP,,,,True
3922,17604,5.0,464.0,681.0,81.024,0.6004339351642481,49.23417745443342,High,,,,True
3923,17608,2.0,574.0,607.0,63.815,0.3441178392609111,23.453797451489738,Medium,,,,True
3924,17609,7.0,569.0,609.0,100.45428571428572,1.0146830626485466,102.1059304047922,VIP,,,,False
3925,17610,5.0,193.0,733.0,76.42800000000001,0.03807631119711219,2.946445753448079,Low,,,,True
3926,17611,30.0,735.0,738.0,92.21066666666667,3.4672146604880023,315.03686055682374,VIP,,,,False
3927,17612,30.0,678.0,731.0,41.45933333333333,3.4035807630659605,139.24200308946283,VIP,,,,False
3928,17613,10.0,283.0,305.0,72.376,2.6137007999788646,188.50562010137074,VIP,,,,False
3929,17615,6.0,355.0,485.0,26.685000000000002,0.9986831686178987,27.183280702012873,Medium,,,,True
3930,17616,3.0,278.0,451.0,2.55,0.5635087068675394,2.078483826138822,Low,,,,True
3931,17617,1.0,12.0,570.0,46.21,0.04942308150063054,2.714677673426035,Low,,,,True
3932,17618,10.0,679.0,684.0,125.21100000000001,1.284662280116025,159.9881417434541,VIP,,,,False
3933,17621,7.0,410.0,431.0,22.55,1.3909743674426573,31.91172455839459,Medium,,,,False
3934,17622,2.0,2.0,598.0,39.615,0.008909665014766007,0.3825868362796331,Low,,,,True
3935,17623,6.0,693.0,725.0,120.00999999999999,0.752025650192069,90.65667201734715,VIP,,,,True
3936,17624,3.0,705.0,719.0,65.89333333333333,0.41194637101765974,28.150650619078505,Medium,,,,True
3937,17625,7.0,706.0,724.0,218.15,0.8702696565729103,189.71384786594822,VIP,,,,True
3938,17627,1.0,251.0,729.0,18.69,0.1365391971063985,3.3218947823172136,Low,,,,True
3939,17629,10.0,416.0,421.0,31.805,1.994165658217731,63.55514354511452,High,,,,False
3940,17630,1.0,63.0,232.0,53.349999999999994,0.3796241625633945,23.866301264878814,Medium,,,,True
3941,17631,6.0,729.0,730.0,37.75666666666667,0.7513452796400394,28.769911773633396,Medium,,,,True
3942,17633,8.0,358.0,389.0,32.7275,1.7147853208269703,56.525582050554675,High,,,,False
3943,17634,8.0,301.0,337.0,86.855,1.9313055662201875,167.68665180949708,VIP,,,,False
3944,17635,3.0,166.0,590.0,34.46,0.1825558331774533,6.618653373941985,Low,,,,True
3945,17636,1.0,11.0,19.0,12.93,1.8723895445445569,33.56893706568194,Medium,,,,False
3946,17637,1.0,84.0,115.0,53.25,0.7935793313088755,49.804749213760545,High,,,,True
3947,17638,1.0,74.0,721.0,1.95,0.07053725141046166,0.4032699891295177,Low,,,,True
3948,17639,3.0,207.0,483.0,44.55666666666667,0.41283563656299127,19.22177806825632,Medium,,,,True
3949,17640,7.0,540.0,626.0,17.36714285714286,0.971585546649316,17.268327728037587,Medium,,,,True
3950,17642,4.0,615.0,734.0,48.2425,0.5045826126341904,24.997916935314247,Medium,,,,True
3951,17643,1.0,132.0,505.0,32.15,0.17526983852000289,6.887222745343653,Low,,,,True
3952,17644,24.0,660.0,661.0,38.464999999999996,3.0870715819641203,117.39274569777866,VIP,,,,False
3953,17646,15.0,504.0,723.0,66.91533333333334,0.7688158312809276,50.99738419556515,High,,,,True
3954,17647,1.0,604.0,669.0,49.68,0.1892251815921525,11.123629640380216,Low,,,,True
3955,17648,4.0,325.0,385.0,127.9425,0.9086416690244015,118.17707955073743,VIP,,,,True
3956,17649,3.0,338.0,472.0,69.27333333333333,0.570093638974683,40.92485259191624,High,,,,True
3957,17651,18.0,515.0,526.0,41.23888888888889,2.8680100498371606,117.21985804646434,VIP,,,,False
3958,17652,17.0,256.0,281.0,52.31823529411764,4.618395352627041,239.40291680485365,VIP,,,,False
3959,17653,4.0,91.0,120.0,46.915,2.2693316628909903,109.39217765897712,VIP,,,,False
3960,17655,9.0,406.0,416.0,50.21333333333333,1.8216546776494924,91.51178298350546,VIP,,,,False
3961,17656,4.0,55.0,128.0,36.665,1.766153584874369,66.84684534639047,High,,,,False
3962,17658,2.0,201.0,211.0,12.915,0.8588353253731933,12.986198101952937,Medium,,,,True
3963,17659,15.0,383.0,386.0,44.07266666666667,3.1741612117951474,138.90558061559886,VIP,,,,False
3964,17660,1.0,596.0,737.0,74.62,0.1701746842556121,14.72251873316607,Medium,,,,True
3965,17662,1.0,61.0,722.0,29.96,0.06229140691013077,2.2960382259179353,Low,,,,True
3966,17663,22.0,711.0,736.0,50.89863636363636,2.5531928942363424,128.45473987947327,VIP,,,,False
3967,17664,3.0,602.0,620.0,36.35666666666667,0.4718480012172496,18.020426623169048,Medium,,,,True
3968,17666,4.0,524.0,527.0,17.2925,0.70363319415574,12.859313935491453,Medium,,,,True
3969,17667,10.0,588.0,654.0,70.91,1.3138543184067428,92.84454770742431,VIP,,,,False
3970,17668,1.0,37.0,38.0,49.849999999999994,1.5052342065588848,88.78335621243642,VIP,,,,False
3971,17669,9.0,575.0,617.0,21.344444444444445,1.2667611233526956,27.306525152714407,Medium,,,,False
3972,17671,6.0,360.0,375.0,35.1,1.3660213142779833,48.67831803245586,High,,,,False
3973,17672,7.0,639.0,682.0,112.78571428571429,0.9144807271944071,103.26776518603248,VIP,,,,True
3974,17673,11.0,629.0,630.0,70.32272727272726,1.5183189093447351,106.24938849898749,VIP,,,,False
3975,17674,1.0,294.0,368.0,13.25,0.3188376632543686,5.828758127996273,Low,,,,True
3976,17675,78.0,728.0,729.0,52.12269230769231,9.019206805901504,461.93237850301784,VIP,,,,False
3977,17676,12.0,615.0,619.0,19.611666666666668,1.6757828417215856,32.98144118044019,Medium,,,,False
3978,17677,67.0,727.0,728.0,30.56537313432836,7.766170373021255,233.48753128920112,VIP,,,,False
3979,17678,2.0,340.0,603.0,27.86,0.30719518819546926,9.428523491467436,Low,,,,True
3980,17679,8.0,684.0,736.0,32.58,0.9630907194633934,31.60500235143158,Medium,,,,True
3981,17680,3.0,488.0,511.0,25.650000000000002,0.5616602810725349,15.31322637588919,Medium,,,,True
3982,17681,4.0,131.0,728.0,9.6675,0.021946331268247098,0.23202731438555252,Low,,,,True
3983,17682,11.0,631.0,641.0,46.95363636363636,1.4918454619532981,69.84703467870432,High,,,,False
3984,17683,2.0,169.0,554.0,11.725,0.23001680875854316,3.1926662721654218,Low,,,,True
3985,17685,13.0,650.0,666.0,29.196923076923078,1.687377495486158,49.15181842872167,High,,,,False
3986,17686,6.0,526.0,533.0,222.66,1.0019075666637485,223.63445550140244,VIP,,,,False
3987,17688,1.0,19.0,393.0,2.95,0.11797858969484412,0.8056865954026182,Low,,,,True
3988,17689,1.0,86.0,474.0,13.93,0.1591568912234365,3.029894101745257,Low,,,,True
3989,17690,18.0,644.0,674.0,102.6211111111111,2.2747412208939846,230.76264342168426,VIP,,,,False
3990,17691,4.0,188.0,546.0,29.1375,0.2428290791489044,7.3435744775176595,Low,,,,True
3991,17692,12.0,413.0,540.0,20.855833333333333,1.6018770963583946,33.50032403905354,Medium,,,,False
3992,17693,1.0,1.0,137.0,13.45,0.45490660079953316,8.417866813332543,Low,,,,True
3993,17694,2.0,421.0,562.0,40.675,0.35535060832419907,15.651497015476306,Medium,,,,True
3994,17695,5.0,549.0,680.0,13.698000000000002,0.6522600999461575,9.389458347123407,Low,,,,True
3995,17696,38.0,691.0,729.0,22.42684210526316,4.351821189618173,96.33850217794868,VIP,,,,False
3996,17699,1.0,85.0,561.0,43.95,0.12035299729530334,6.30825257053749,Low,,,,True
3997,17700,15.0,722.0,738.0,76.53266666666667,1.7609617765529164,133.5437146244707,VIP,,,,False
3998,17702,8.0,370.0,400.0,29.606250000000003,1.674778516418876,50.00505579111886,High,,,,False
3999,17703,3.0,383.0,418.0,30.116666666666664,0.668647367051052,21.27843070803185,Medium,,,,True
4000,17704,1.0,71.0,239.0,65.3,0.37792808507200626,28.78116527439025,Medium,,,,True
4001,17705,11.0,573.0,576.0,32.86636363636364,1.647684042298396,54.14067688073392,High,,,,False
4002,17706,32.0,685.0,689.0,89.5634375,3.936751181290057,347.33145331242633,VIP,,,,False
4003,17707,8.0,547.0,732.0,5.3812500000000005,0.8698235693965388,5.00298771929611,Low,,,,True
4004,17708,3.0,236.0,423.0,58.14666666666667,0.5700996687407496,34.45144832539596,High,,,,True
4005,17709,4.0,434.0,603.0,35.86750000000001,0.5783076994034965,21.420793730234976,Medium,,,,True
4006,17711,1.0,279.0,289.0,19.18,0.4020618934721937,10.001237596000582,Low,,,,True
4007,17713,3.0,166.0,548.0,52.9,0.227570922437026,12.533542941177794,Medium,,,,True
4008,17714,7.0,193.0,513.0,39.67,0.11413777760237535,4.567122810149087,Low,,,,True
4009,17715,1.0,392.0,592.0,0.85,0.2012547413610531,0.9044643113953161,Low,,,,True
4010,17716,22.0,715.0,737.0,74.21045454545454,2.55224959775327,187.0512497383518,VIP,,,,False
4011,17718,2.0,412.0,644.0,13.299999999999999,0.30119476435312775,4.6748984651140475,Low,,,,True
4012,17719,17.0,218.0,255.0,63.79705882352941,4.828567557465242,305.0188223061226,VIP,,,,False
4013,17720,10.0,552.0,578.0,54.698,1.491983365395542,81.4357491285862,High,,,,False
4014,17722,6.0,279.0,375.0,65.42166666666667,1.2723978800807103,83.92661695408228,VIP,,,,False
4015,17723,6.0,248.0,375.0,6.783333333333334,1.1745660161161857,8.593100380821397,Low,,,,False
4016,17724,3.0,81.0,138.0,42.9,1.523491237466645,68.3625159785321,High,,,,False
4017,17725,12.0,251.0,267.0,39.11666666666667,3.4843304750966366,135.87025930915667,VIP,,,,False
4018,17726,6.0,287.0,682.0,34.63166666666667,0.19719331912615867,6.9345108804602535,Low,,,,True
4019,17727,1.0,6.0,15.0,2.95,1.9747531064201778,13.48811101249581,Medium,,,,False
4020,17728,7.0,450.0,453.0,146.79142857142855,1.3379232127901604,196.4572451643441,VIP,,,,False
4021,17730,21.0,586.0,589.0,26.979047619047623,3.011847339074609,80.5634385623374,High,,,,False
4022,17731,5.0,589.0,668.0,93.60799999999999,0.6782557493551646,64.18562636781867,High,,,,True
4023,17732,7.0,115.0,487.0,70.16714285714285,0.009649859032014705,0.6796042932231188,Low,,,,True
4024,17733,1.0,223.0,261.0,44.269999999999996,0.43146503068755576,22.769275885852124,Medium,,,,True
4025,17734,5.0,589.0,642.0,43.322,0.7087978829061099,31.287012827691953,Medium,,,,True
4026,17735,27.0,495.0,497.0,79.86407407407407,4.493104058352297,353.8627182479433,VIP,,,,False
4027,17736,3.0,104.0,113.0,27.05,1.8946564455139876,54.367505443004795,High,,,,False
4028,17737,1.0,49.0,58.0,11.700000000000001,1.2220399582045522,20.236554273067206,Medium,,,,False
4029,17738,10.0,611.0,630.0,60.55,1.3818667134806704,83.44788214410528,VIP,,,,False
4030,17739,19.0,721.0,732.0,31.515263157894736,2.232743670775078,69.78526422899999,High,,,,False
4031,17740,5.0,308.0,697.0,2.3560000000000003,0.2873995853771896,0.8641250418143736,Low,,,,True
4032,17741,1.0,154.0,560.0,5.3,0.16139946013265952,1.5239075543753384,Low,,,,True
4033,17742,10.0,625.0,738.0,58.939,1.1461201613746919,67.37959641090123,High,,,,False
4034,17743,1.0,6.0,448.0,4.4,0.07150553596781635,0.603595589627684,Low,,,,True
4035,17744,7.0,377.0,380.0,17.494285714285716,1.5625228519143188,27.96983192051749,Medium,,,,False
4036,17745,1.0,78.0,555.0,47.14,0.11707776045423367,6.5518337300298075,Low,,,,True
4037,17746,5.0,376.0,610.0,18.802,0.6131902064279604,11.96964357240481,Medium,,,,True
4038,17747,1.0,12.0,112.0,6.75,0.6395897537793214,7.070596267136099,Low,,,,True
4039,17749,2.0,368.0,546.0,80.355,0.35605026655012056,30.403397577747718,Medium,,,,True
4040,17750,8.0,159.0,164.0,10.035,3.5135061095253053,36.48122854640547,High,,,,False
4041,17753,2.0,238.0,702.0,94.27000000000001,0.1961718776792502,19.595427821664146,Medium,,,,True
4042,17754,11.0,728.0,728.0,24.279999999999998,1.328424622236207,32.34618412295785,Medium,,,,False
4043,17756,2.0,19.0,394.0,81.11500000000001,0.06784575645322964,5.84719365939006,Low,,,,True
4044,17757,54.0,694.0,695.0,64.995,6.547740672531399,418.5065806611851,VIP,,,,False
4045,17758,9.0,549.0,568.0,123.0188888888889,1.3749259513052754,168.51248592826775,VIP,,,,False
4046,17759,3.0,566.0,583.0,98.40666666666668,0.4992250046326511,50.68079563130125,High,,,,True
4047,17760,4.0,628.0,649.0,36.285,0.5797664218285354,21.719308734577684,Medium,,,,True
4048,17763,3.0,396.0,659.0,17.583333333333332,0.3908391194054597,7.438162730507484,Low,,,,True
4049,17764,4.0,686.0,736.0,93.8475,0.5133241112272048,49.080411372440025,High,,,,True
4050,17765,3.0,290.0,448.0,72.25333333333333,0.5781606308499057,43.2624382090706,High,,,,True
4051,17767,1.0,395.0,410.0,58.75,0.2972242181899399,20.470017499564406,Medium,,,,True
4052,17768,5.0,729.0,737.0,100.72200000000001,0.6303037871563035,64.15000117388945,High,,,,True
4053,17769,17.0,677.0,689.0,103.97117647058823,2.119626858040005,217.95742667373912,VIP,,,,False
4054,17770,3.0,84.0,282.0,32.583333333333336,0.5063329151867415,17.38805467590068,Medium,,,,True
4055,17771,3.0,533.0,589.0,53.85333333333333,0.4899031281876616,27.458174124761385,Medium,,,,True
4056,17772,1.0,382.0,392.0,166.69,0.30962303862581275,58.483040433426034,High,,,,True
4057,17773,1.0,176.0,690.0,88.09,0.12622573011462693,12.810743265977557,Medium,,,,True
4058,17774,9.0,573.0,669.0,160.3022222222222,1.147058837310721,183.06855676662744,VIP,,,,False
4059,17776,2.0,337.0,723.0,46.11,0.23716002470561218,11.788747994317008,Medium,,,,True
4060,17777,2.0,76.0,100.0,103.99,1.4462982003791727,159.13199479092012,VIP,,,,False
4061,17779,2.0,122.0,143.0,82.72,1.1421779126133453,100.35233315565478,VIP,,,,False
4062,17780,1.0,17.0,684.0,158.94,0.036973389290392435,6.664986555003316,Low,,,,True
4063,17781,1.0,94.0,253.0,41.18,0.37962418246473084,18.72928365713171,Medium,,,,True
4064,17783,2.0,440.0,512.0,64.41,0.3965269341546409,27.271786321607436,Medium,,,,True
4065,17785,2.0,512.0,565.0,43.69,0.3653833970788511,17.241259108711574,Medium,,,,True
4066,17786,1.0,232.0,317.0,69.89,0.3581397483683371,29.101565708496537,Medium,,,,True
4067,17787,3.0,219.0,371.0,84.28,0.6609814225224874,57.573301817577445,High,,,,True
4068,17788,1.0,56.0,129.0,10.4,0.6832087282951909,10.325545855039529,Low,,,,True
4069,17789,1.0,380.0,661.0,55.6,0.17618429326959478,11.516681916581899,Medium,,,,True
4070,17790,17.0,518.0,544.0,41.811764705882354,2.6184162856342086,108.56796426024763,VIP,,,,False
4071,17792,1.0,11.0,478.0,86.14,0.06983854952537873,6.9366293313714,Low,,,,True
4072,17794,1.0,2.0,688.0,6.75,0.025474410425640626,0.2815927238481968,Low,,,,True
4073,17795,1.0,85.0,264.0,66.89,0.3522493261297387,27.448197298603723,Medium,,,,True
4074,17796,6.0,381.0,421.0,109.05,1.222497416659139,133.97478988843983,VIP,,,,False
4075,17797,6.0,702.0,724.0,109.59333333333332,0.75446309263471,83.09099871897754,VIP,,,,True
4076,17799,16.0,704.0,726.0,137.5,1.9002512148672097,258.4334327898113,VIP,,,,False
4077,17800,8.0,297.0,334.0,23.8625,1.9443026732397204,46.940091311350756,High,,,,False
4078,17801,2.0,240.0,691.0,33.394999999999996,0.203429966379516,7.41694534489754,Low,,,,True
4079,17802,10.0,644.0,726.0,110.39500000000001,1.1872423478917293,130.4045238320087,VIP,,,,False
4080,17804,2.0,362.0,738.0,90.25,0.23873142370928155,22.846657897214357,Medium,,,,True
4081,17805,1.0,537.0,610.0,22.57,0.20532533901095784,5.881195412964354,Low,,,,True
4082,17807,2.0,309.0,704.0,48.17,0.23526507302586463,12.19954612222122,Medium,,,,True
4083,17808,3.0,33.0,581.0,8.723333333333334,0.008875260479526898,0.08865400362209966,Low,,,,True
4084,17809,19.0,721.0,737.0,58.4778947368421,2.216380825932892,128.22622781149317,VIP,,,,False
4085,17810,1.0,15.0,683.0,62.589999999999996,0.035579262669946723,2.6022291096293584,Low,,,,True
4086,17811,46.0,441.0,445.0,66.91369565217391,8.376022488037766,551.455687929352,VIP,,,,False
4087,17812,6.0,518.0,530.0,79.21,1.0058999456881514,80.21848471186509,High,,,,False
4088,17813,4.0,57.0,71.0,239.4375,3.2099423108762277,779.1122957416405,VIP,,,,False
4089,17814,1.0,47.0,422.0,198.53,0.14589298144112245,32.721688516681006,Medium,,,,True
4090,17816,5.0,688.0,724.0,10.39,0.6375450333468808,7.059962619796371,Low,,,,True
4091,17817,4.0,418.0,422.0,119.7075,0.8583118991506467,104.4902851699243,VIP,,,,True
4092,17819,11.0,655.0,726.0,32.00818181818182,1.3053526914951152,41.781705516739166,High,,,,False
4093,17820,2.0,183.0,374.0,12.025,0.45336746595998606,6.434614165750386,Low,,,,True
4094,17822,1.0,140.0,560.0,122.87,0.15477669350919662,21.69369922514906,Medium,,,,True
4095,17825,1.0,127.0,725.0,7.66,0.09772151771087458,1.179078464269698,Low,,,,True
4096,17827,4.0,616.0,621.0,130.8825,0.6055759289872948,80.55797860114262,High,,,,True
4097,17828,7.0,176.0,184.0,44.01857142857143,2.8373046906226875,125.84169822373488,VIP,,,,False
4098,17829,5.0,357.0,655.0,59.754,0.48775587368278506,29.577712529464215,Medium,,,,True
4099,17830,2.0,287.0,288.0,40.05,0.6687481647338118,29.020398452218597,Medium,,,,True
4100,17834,1.0,31.0,445.0,69.18,0.11144540854071257,8.967681053927821,Low,,,,True
4101,17835,2.0,21.0,23.0,38.545,2.973909501799714,124.40709519743884,VIP,,,,False
4102,17837,7.0,121.0,163.0,82.76571428571428,2.9319201357861284,243.33160514811715,VIP,,,,False
4103,17838,11.0,604.0,630.0,66.60636363636364,1.5100299103161439,100.10795217358898,VIP,,,,False
4104,17841,193.0,736.0,737.0,177.5762176165803,21.99797572606672,3832.2820617365996,VIP,,,,False
4105,17843,1.0,108.0,411.0,118.59,0.2159568031492465,29.241426327625597,Medium,,,,True
4106,17845,1.0,21.0,576.0,22.85,0.057653500412903465,1.6693378522472724,Low,,,,True
4107,17847,1.0,130.0,645.0,8.48,0.12009728404251527,1.5585559666971247,Low,,,,True
4108,17848,27.0,652.0,733.0,27.63851851851852,2.914440636937288,79.6550718600117,High,,,,False
4109,17849,6.0,417.0,635.0,56.355,0.7085034694037309,40.3074457775268,High,,,,True
4110,17850,26.0,432.0,734.0,287.3192307692308,0.0016450317693838328,0.46568013397514135,Low,,,,True
4111,17851,5.0,314.0,736.0,107.41,0.24315924013348822,26.380775952775394,Medium,,,,True
4112,17852,3.0,720.0,731.0,59.84,0.4058694619590992,25.227930746778576,Medium,,,,True
4113,17853,2.0,329.0,736.0,147.85000000000002,0.22768825035850473,35.45502017724342,High,,,,True
4114,17854,4.0,546.0,731.0,64.3125,0.490004919090082,32.230580939474066,Medium,,,,True
4115,17856,3.0,280.0,281.0,11.433333333333332,0.9514433136918251,12.13570308493864,Medium,,,,True
4116,17857,21.0,638.0,641.0,26.655238095238094,2.786811295769076,73.6541280949329,High,,,,False
4117,17858,28.0,728.0,733.0,77.71714285714286,3.259723786305986,249.77887804047026,VIP,,,,False
4118,17860,2.0,360.0,728.0,141.01,0.24285613028386174,36.08608888264901,High,,,,True
4119,17861,17.0,726.0,729.0,70.75235294117647,2.0148684720714205,141.10867150318822,VIP,,,,False
4120,17862,3.0,240.0,563.0,122.50666666666666,0.3510554711791512,44.27347798602836,High,,,,True
4121,17863,11.0,593.0,652.0,35.305454545454545,1.4459278463997751,51.00612684081456,High,,,,False
4122,17864,4.0,415.0,427.0,49.475,0.8475708096918613,43.04617727265763,High,,,,True
4123,17865,47.0,708.0,738.0,70.51446808510637,5.3308784875799535,369.80477888674557,VIP,,,,False
4124,17866,2.0,583.0,725.0,43.05,0.28472850907599667,13.245449136722117,Medium,,,,True
4125,17867,13.0,707.0,737.0,37.86307692307692,1.5317077065545879,57.74989046760632,High,,,,False
4126,17869,5.0,440.0,547.0,70.34200000000001,0.79651642522654,56.76951742371476,High,,,,True
4127,17870,9.0,379.0,381.0,67.63777777777779,1.9724602032276677,133.23106788173965,VIP,,,,False
4128,17871,4.0,489.0,693.0,48.67,0.5036661052896182,25.17006626265401,Medium,,,,True
4129,17873,14.0,643.0,723.0,32.808571428571426,1.6336787319016108,53.36164912947023,High,,,,False
4130,17874,2.0,70.0,255.0,91.05000000000001,0.4922790816632113,47.523442802989194,High,,,,True
4131,17876,2.0,276.0,675.0,2.65,0.23466795088782494,1.0382223757468947,Low,,,,True
4132,17878,1.0,352.0,395.0,58.4,0.3041854957461258,20.83110178583092,Medium,,,,True
4133,17880,2.0,366.0,730.0,51.5,0.24383532907287495,13.48998589883126,Medium,,,,True
4134,17883,5.0,649.0,652.0,81.328,0.7066235171372824,58.15723724977187,High,,,,True
4135,17884,15.0,732.0,735.0,56.784,1.7717366822363838,99.78620186380684,VIP,,,,False
4136,17886,6.0,694.0,725.0,102.56833333333333,0.7521796667704499,77.55510494375275,High,,,,True
4137,17888,26.0,700.0,718.0,20.226153846153846,3.0811435459248324,61.74713820467039,High,,,,False
4138,17889,4.0,406.0,618.0,82.80250000000001,0.5413862563168274,45.72299566722022,High,,,,True
4139,17890,1.0,39.0,361.0,85.69,0.1751530923310322,17.309420454204677,Medium,,,,True
4140,17892,2.0,99.0,155.0,2.55,1.0311798501698421,4.455004745505846,Low,,,,False
4141,17894,16.0,398.0,469.0,67.056875,2.652158830292292,176.17480093025304,VIP,,,,False
4142,17897,7.0,404.0,576.0,93.61999999999999,0.9273195992633984,86.99496172238277,VIP,,,,True
4143,17898,3.0,482.0,567.0,18.669999999999998,0.5020568715189042,10.111621391009182,Low,,,,True
4144,17900,1.0,26.0,190.0,6.65,0.3927026540114014,4.297482223229993,Low,,,,True
4145,17901,1.0,492.0,521.0,101.25,0.23930524280416454,27.788960427768536,Medium,,,,True
4146,17905,11.0,609.0,680.0,46.25727272727273,1.3839366914857187,63.83966947801426,High,,,,False
4147,17908,5.0,352.0,725.0,97.332,0.35004877166457576,34.435155906614156,High,,,,True
4148,17912,4.0,65.0,375.0,41.4375,0.07759163703239888,3.3106899649301664,Low,,,,True
4149,17913,12.0,678.0,736.0,106.22666666666667,1.4079296958946022,148.45168203109787,VIP,,,,False
4150,17916,1.0,105.0,733.0,8.26,0.08537909977137999,1.087114747762923,Low,,,,True
4151,17917,2.0,317.0,362.0,70.295,0.5412235375448597,40.54284387137885,High,,,,True
4152,17918,2.0,5.0,505.0,9.719999999999999,0.017929502688647136,0.21140719231508714,Low,,,,True
4153,17919,1.0,350.0,438.0,49.75,0.2733505698249389,16.09044683249462,Medium,,,,True
4154,17920,50.0,729.0,733.0,78.58980000000001,5.771993883934015,446.1248886636689,VIP,,,,False
4155,17921,10.0,448.0,512.0,103.707,1.6298158115392953,168.20367243136496,VIP,,,,False
4156,17923,2.0,262.0,544.0,3.35,0.316888303856039,1.6331243530083202,Low,,,,True
4157,17924,10.0,413.0,414.0,13.1,2.026083206062317,26.97375595101181,Medium,,,,False
4158,17926,4.0,446.0,579.0,28.5775,0.6148324975472943,18.24574540804891,Medium,,,,True
4159,17928,2.0,526.0,571.0,34.370000000000005,0.3626877458504021,13.591930960301955,Medium,,,,True
4160,17929,11.0,719.0,730.0,9.545454545454545,1.3226959410305006,12.892595570085668,Medium,,,,False
4161,17930,14.0,610.0,645.0,9.552142857142858,1.8555306116534798,17.942474573813737,Medium,,,,False
4162,17931,10.0,527.0,661.0,88.62,1.218386600484658,107.50516466259256,VIP,,,,False
4163,17932,2.0,182.0,211.0,67.84,0.8488634561859129,61.418137673409205,High,,,,True
4164,17934,2.0,355.0,406.0,36.255,0.4892844108230151,19.297450152058733,Medium,,,,True
4165,17935,5.0,597.0,735.0,34.09,0.6077502870755191,21.192808128588297,Medium,,,,True
4166,17937,6.0,354.0,362.0,17.66,1.4118711356194589,25.687042936447213,Medium,,,,False
4167,17940,17.0,687.0,736.0,315.3364705882353,1.9709910930309866,613.9490977642042,VIP,,,,False
4168,17941,3.0,572.0,702.0,4.236666666666666,0.4088158126139956,2.211614744894816,Low,,,,True
4169,17946,1.0,26.0,259.0,57.04,0.25750734536515574,17.24545048503775,Medium,,,,True
4170,17949,79.0,736.0,737.0,244.25113924050632,9.04172584969546,2168.6710336515375,VIP,,,,False
4171,17950,5.0,632.0,704.0,81.454,0.6482981361194479,53.4387967736468,High,,,,True
4172,17951,4.0,365.0,404.0,11.780000000000001,0.8813533327099458,11.19919212508115,Low,,,,True
4173,17952,1.0,163.0,541.0,77.2,0.17345938272233036,15.504403920525974,Medium,,,,True
4174,17954,18.0,725.0,730.0,84.65833333333333,2.1262531379136775,178.00800883593988,VIP,,,,False
4175,17955,4.0,467.0,665.0,27.224999999999998,0.5224294584579824,14.789726124838829,Medium,,,,True
4176,17958,1.0,612.0,728.0,28.28,0.1731688145532999,6.059478005300944,Low,,,,True
4177,17960,2.0,470.0,641.0,35.005,0.3133119275746791,11.948807029322028,Medium,,,,True
4178,17961,84.0,717.0,738.0,21.501785714285713,9.487237034962257,200.6209505099789,VIP,,,,False
4179,17962,2.0,553.0,695.0,95.775,0.29557234487159684,29.987960707581074,Medium,,,,True
4180,17963,3.0,218.0,689.0,85.14666666666666,0.18604365849803212,16.369142542661944,Medium,,,,True
4181,17964,1.0,341.0,372.0,146.01,0.3217684204477608,53.378739165174,High,,,,True
4182,17965,30.0,688.0,725.0,87.82,3.4817602893103636,301.31239063863666,VIP,,,,False
4183,17966,6.0,653.0,690.0,21.958333333333332,0.7862386734375554,17.683967631556065,Medium,,,,True
4184,17967,1.0,45.0,416.0,80.68,0.14668491157873695,13.678891116281036,Medium,,,,True
4185,17968,3.0,139.0,512.0,63.57666666666666,0.2059078195810425,13.584151831217996,Medium,,,,True
4186,17969,19.0,567.0,733.0,53.53263157894737,1.3766726275688639,72.92979545420131,High,,,,False
4187,17974,5.0,383.0,407.0,140.55599999999998,1.0743136263128044,152.31227521243616,VIP,,,,False
4188,17975,23.0,475.0,490.0,66.53391304347826,3.8742652194868077,254.5449169299432,VIP,,,,False
4189,17977,2.0,371.0,400.0,36.2,0.4997165441409992,19.680267988405756,Medium,,,,True
4190,17978,3.0,366.0,731.0,50.776666666666664,0.31404606356544523,16.615499170418033,Medium,,,,True
4191,17979,2.0,224.0,259.0,79.35499999999999,0.7185284537385672,60.60880431612171,High,,,,True
4192,17980,3.0,228.0,393.0,22.036666666666665,0.6222016647747698,14.669450574030972,Medium,,,,True
4193,17984,4.0,593.0,738.0,107.465,0.49683908533547133,54.33908660818604,High,,,,True
4194,17987,4.0,365.0,550.0,71.655,0.6070787923746506,44.434624103889014,High,,,,True
4195,17988,10.0,721.0,732.0,29.265000000000004,1.2051410160447593,35.371023192723335,High,,,,False
4196,17990,6.0,496.0,732.0,20.916666666666668,0.6386004468311308,13.698035818138848,Medium,,,,True
4197,17991,2.0,366.0,591.0,12.274999999999999,0.3231044298549261,4.669892870268246,Low,,,,True
4198,17994,10.0,499.0,620.0,69.941,1.3041406036081062,90.90453585578018,VIP,,,,False
4199,17995,2.0,106.0,387.0,7.135,0.3114163225375157,2.833142651184944,Low,,,,True
4200,17996,1.0,167.0,546.0,79.43,0.17292558492119028,15.885440595460663,Medium,,,,True
4201,17997,7.0,90.0,164.0,35.37285714285714,2.2607464088459173,80.77824941044584,High,,,,False
4202,17998,2.0,358.0,738.0,16.245,0.23740305169090603,4.413253655975764,Low,,,,True
4203,17999,2.0,341.0,378.0,130.43,0.5232821179358179,71.9875728242882,High,,,,True
4204,18001,4.0,725.0,737.0,69.7025,0.5163449552172283,36.774663153110154,High,,,,True
4205,18002,3.0,356.0,731.0,57.71666666666667,0.3068056076774045,18.405484027876724,Medium,,,,True
4206,18005,1.0,44.0,47.0,87.69,1.366510077545427,138.09976197786287,VIP,,,,False
4207,18006,3.0,699.0,722.0,67.53333333333335,0.4097243822891521,28.68458691895455,Medium,,,,True
4208,18008,20.0,632.0,702.0,20.345999999999997,2.3595768834976796,47.716222824808575,High,,,,False
4209,18009,10.0,417.0,652.0,66.28200000000001,0.7372364987887239,48.7124581178274,High,,,,True
4210,18011,1.0,194.0,567.0,66.11,0.17400218653056182,13.407392453185203,Medium,,,,True
4211,18016,6.0,649.0,681.0,85.15333333333334,0.7966833277211685,68.26870260306637,High,,,,True
4212,18017,3.0,350.0,431.0,1.7433333333333334,0.637713532234329,1.8271695299812103,Low,,,,True
4213,18018,3.0,312.0,420.0,48.35999999999999,0.6396401422574512,32.26491225249117,Medium,,,,True
4214,18021,1.0,3.0,512.0,28.35,0.0503416846377315,1.765479484143773,Low,,,,True
4215,18022,4.0,511.0,546.0,174.85000000000002,0.6762382378115469,119.99497439216387,VIP,,,,True
4216,18025,4.0,240.0,619.0,39.59,0.2733688903536757,11.153728571916425,Low,,,,True
4217,18026,1.0,5.0,505.0,22.65,0.05448335864333309,1.5654387142963926,Low,,,,True
4218,18030,1.0,38.0,42.0,45.349999999999994,1.4356882831628104,77.49667373990289,High,,,,False
4219,18034,1.0,354.0,375.0,145.26,0.32067172930962873,52.929383166044246,High,,,,True
4220,18035,2.0,350.0,385.0,61.61500000000001,0.5154588364439318,33.95069010751904,High,,,,True
4221,18036,9.0,689.0,721.0,89.9088888888889,1.1016973069322211,98.78764210998324,VIP,,,,False
4222,18037,13.0,584.0,738.0,10.12076923076923,1.3320299533531796,13.661245713530228,Medium,,,,False
4223,18039,3.0,266.0,640.0,95.54666666666667,0.2991635395136126,29.497461974649973,Medium,,,,True
4224,18040,1.0,226.0,245.0,21.89,0.45882671322661206,12.795883739253359,Medium,,,,True
4225,18041,35.0,683.0,694.0,47.817142857142855,4.264192151218254,200.95636157657663,VIP,,,,False
4226,18042,1.0,488.0,541.0,38.15,0.22990004288600838,10.56757328469875,Low,,,,True
4227,18043,2.0,342.0,366.0,79.815,0.5406677028118823,45.86446275863443,High,,,,True
4228,18044,18.0,556.0,560.0,46.46666666666667,2.714335241549414,124.94200874529719,VIP,,,,False
4229,18048,1.0,290.0,493.0,10.5,0.2323079848604768,3.5365377975920387,Low,,,,True
4230,18049,1.0,153.0,590.0,52.9,0.14921305342365446,9.305744938395742,Low,,,,True
4231,18050,1.0,34.0,393.0,11.55,0.1441819973112399,2.3632966171166108,Low,,,,True
4232,18051,7.0,96.0,730.0,15.43142857142857,0.00014972196016615325,0.0023720418420052954,Low,,,,True
4233,18053,4.0,461.0,527.0,14.515,0.690793594440791,10.686353964297862,Low,,,,True
4234,18055,13.0,406.0,413.0,149.1223076923077,2.6033172449924784,384.7191976194715,VIP,,,,False
4235,18056,2.0,330.0,618.0,38.175000000000004,0.2938725349113693,12.17812984935325,Medium,,,,True
4236,18057,2.0,297.0,690.0,177.71999999999997,0.23715486517375933,44.31029198424183,High,,,,True
4237,18058,2.0,658.0,667.0,8.37,0.3171336421319027,3.2932013800641284,Low,,,,True
4238,18059,3.0,58.0,67.0,8.556666666666667,2.608031722453885,25.610560633587458,Medium,,,,False
4239,18060,1.0,156.0,564.0,140.19,0.1606489251240375,25.61039015010693,Medium,,,,True
4240,18061,27.0,714.0,735.0,16.816296296296297,3.1257619774583514,52.121691423289256,High,,,,False
4241,18062,8.0,424.0,597.0,22.645,0.997398431467834,22.870735852404756,Medium,,,,True
4242,18063,1.0,243.0,633.0,7.050000000000001,0.16310459539068015,1.8573571967943054,Low,,,,True
4243,18064,11.0,543.0,676.0,13.774545454545454,1.3002143552120977,18.122784188881482,Medium,,,,False
4244,18065,19.0,725.0,730.0,71.58052631578947,2.2408502763979494,158.606428916003,VIP,,,,False
4245,18066,2.0,340.0,415.0,38.0,0.47508928580393867,19.601412464995228,Medium,,,,True
4246,18069,9.0,623.0,649.0,224.16444444444446,1.215345373985081,271.07039014630305,VIP,,,,False
4247,18070,1.0,62.0,731.0,34.4,0.061396176104937784,2.5661247690999742,Low,,,,True
4248,18071,4.0,477.0,734.0,42.9975,0.45722301188698067,20.228991604745175,Medium,,,,True
4249,18072,1.0,30.0,185.0,27.66,0.4180703829304941,14.341631906474777,Medium,,,,True
4250,18073,9.0,83.0,197.0,29.43444444444445,0.5954539111954678,17.62201523106695,Medium,,,,True
4251,18074,1.0,132.0,505.0,62.15,0.17526983852000289,12.733421353021804,Medium,,,,True
4252,18075,30.0,475.0,498.0,34.681000000000004,4.925780704410658,168.65548805876324,VIP,,,,False
4253,18077,17.0,724.0,732.0,34.03,2.0055197101201063,67.74755811643362,High,,,,False
4254,18078,3.0,411.0,628.0,57.73,0.4249522187882943,25.499067636957548,Medium,,,,True
4255,18079,3.0,446.0,491.0,37.32,0.5783459483028172,22.6564819424116,Medium,,,,True
4256,18080,1.0,224.0,242.0,1.25,0.4636625708657176,2.290049404563219,Low,,,,True
4257,18081,2.0,97.0,133.0,15.915000000000001,1.1803004738169676,21.537223619953917,Medium,,,,False
4258,18084,4.0,372.0,388.0,7.4350000000000005,0.9208017548056769,7.658614948844466,Low,,,,True
4259,18085,3.0,298.0,628.0,51.916666666666664,0.3485836237558728,18.8484484527558,Medium,,,,True
4260,18087,16.0,640.0,738.0,69.925625,1.7800346360396162,123.28415228746621,VIP,,,,False
4261,18092,17.0,733.0,735.0,25.96235294117647,1.9998740748818262,51.62871828482144,High,,,,False
4262,18093,8.0,525.0,618.0,12.94375,1.1050144475846078,14.671231477163438,Medium,,,,False
4263,18094,11.0,647.0,728.0,29.65909090909091,1.2952398907544873,38.44273192420575,High,,,,False
4264,18095,4.0,287.0,599.0,19.31,0.41431423283580987,8.416236361660536,Low,,,,True
4265,18096,5.0,502.0,513.0,142.906,0.8779619285071972,126.54494487293138,VIP,,,,True
4266,18097,12.0,715.0,722.0,37.11833333333333,1.4529634848803104,53.78101956985546,High,,,,False
4267,18101,4.0,663.0,674.0,56.6475,0.5609873953003701,32.55567444666847,Medium,,,,True
4268,18102,70.0,738.0,738.0,162.00028571428572,8.009936387283046,1274.6316282641203,VIP,,,,False
4269,18106,3.0,364.0,693.0,147.39666666666665,0.34321971581417243,52.00362095158967,High,,,,True
4270,18108,3.0,489.0,737.0,38.10999999999999,0.36762007876551284,14.697604830506965,Medium,,,,True
4271,18109,37.0,525.0,526.0,77.2281081081081,5.819204167749845,442.48798938851024,VIP,,,,False
4272,18110,1.0,392.0,411.0,117.44,0.29622909011561627,39.731850749145195,High,,,,True
4273,18111,1.0,6.0,589.0,4.85,0.040097387589619275,0.3585305702453944,Low,,,,True
4274,18112,3.0,539.0,551.0,57.86333333333332,0.5260797926357027,31.638892456011682,Medium,,,,True
4275,18116,12.0,344.0,411.0,101.805,2.2952290889975187,231.96395987862508,VIP,,,,False
4276,18118,29.0,371.0,381.0,121.82206896551725,6.082324972364424,730.0533172294229,VIP,,,,False
4277,18121,1.0,5.0,154.0,2.9,0.41440769567519375,2.8071231353372057,Low,,,,True
4278,18122,5.0,142.0,150.0,154.872,2.4311927064312107,379.65249318103696,VIP,,,,False
4279,18123,2.0,489.0,513.0,24.37,0.4015308535762917,10.863798770568824,Low,,,,True
4280,18125,3.0,287.0,316.0,75.06666666666666,0.8520792840222096,66.2066263499409,High,,,,True
4281,18127,2.0,384.0,403.0,73.845,0.49808923033779584,39.15396430752831,High,,,,True
4282,18130,3.0,49.0,57.0,46.39666666666667,2.8453197034184172,137.8381842591397,VIP,,,,False
4283,18133,1.0,1.0,212.0,0.16,0.24796776327734943,0.9242050355123679,Low,,,,True
4284,18134,1.0,96.0,694.0,44.2,0.08909930240008411,4.6948401729252645,Low,,,,True
4285,18135,9.0,605.0,634.0,9.29,1.2406789534297282,11.887108800252587,Medium,,,,False
4286,18136,8.0,388.0,451.0,21.64125,1.4787993897089946,32.43270871577923,Medium,,,,False
4287,18139,1.0,1.0,18.0,76.18,1.8450336270132282,162.8522359144435,VIP,,,,False
4288,18141,3.0,229.0,589.0,25.5,0.30145985280814797,8.172879865738583,Low,,,,True
4289,18142,3.0,64.0,215.0,3.5066666666666664,0.70319542104226,3.2804026926700067,Low,,,,True
4290,18143,1.0,25.0,141.0,104.78,0.5512590234372574,66.18188483337929,High,,,,True
4291,18144,17.0,716.0,723.0,18.025882352941178,2.029055806057195,36.48431130778698,High,,,,False
4292,18145,11.0,719.0,731.0,66.03272727272727,1.3207820841000535,86.81052904986517,VIP,,,,False
4293,18146,1.0,80.0,220.0,5.7,0.4273147713100259,4.224847297179533,Low,,,,True
4294,18147,1.0,63.0,108.0,2.46,0.8079072859331421,5.077469764472951,Low,,,,True
4295,18149,6.0,585.0,635.0,21.921666666666667,0.8452879008663904,18.981140336708158,Medium,,,,True
4296,18150,2.0,169.0,201.0,25.625,0.8793792047886333,24.943408003085366,Medium,,,,True
4297,18151,6.0,511.0,645.0,53.01833333333334,0.798637056717006,42.77024336429062,High,,,,True
4298,18154,4.0,487.0,490.0,21.599999999999998,0.7514037770768179,17.002175033702876,Medium,,,,True
4299,18155,3.0,216.0,291.0,18.88,0.8816966143645691,17.94713638222642,Medium,,,,True
4300,18156,1.0,357.0,369.0,216.09,0.3261652194262459,79.52267340688047,High,,,,True
4301,18158,2.0,79.0,88.0,6.305000000000001,1.5967638950147898,13.146829962567104,Medium,,,,False
4302,18160,2.0,329.0,386.0,71.315,0.5096466007258313,38.71899470556744,High,,,,True
4303,18161,6.0,369.0,379.0,49.02666666666667,1.3557749779479775,67.19622940350594,High,,,,False
4304,18163,1.0,24.0,584.0,37.55,0.05902894520210645,2.6739363737678077,Low,,,,True
4305,18164,1.0,6.0,37.0,4.95,1.407384993114804,12.742504076517527,Medium,,,,False
4306,18167,5.0,102.0,105.0,19.558,3.1292343083062373,63.46423702210919,High,,,,False
4307,18168,15.0,560.0,736.0,70.25,1.2829472390402947,89.32839183815022,VIP,,,,False
4308,18170,8.0,667.0,700.0,67.26375,1.013473903658397,68.23604634489978,High,,,,False
4309,18171,10.0,645.0,703.0,48.179,1.2354889671180023,59.444930067334624,High,,,,False
4310,18172,44.0,714.0,728.0,42.393181818181816,5.1066481263922725,213.1703346994572,VIP,,,,False
4311,18173,4.0,526.0,612.0,20.97,0.600465491918215,13.204607207113323,Medium,,,,True
4312,18174,1.0,596.0,603.0,2.08,0.21063505988689377,1.234677140837479,Low,,,,True
4313,18176,1.0,5.0,358.0,16.95,0.10869322722621144,2.4342045580226572,Low,,,,True
4314,18177,8.0,693.0,724.0,22.18,0.9829106599980256,22.083612264446337,Medium,,,,True
4315,18178,14.0,546.0,659.0,59.66428571428571,1.6810539603989545,99.54539198842292,VIP,,,,False
4316,18179,7.0,654.0,663.0,35.712857142857146,0.9455963793935475,34.10552669481715,High,,,,True
4317,18180,5.0,138.0,142.0,38.81,2.5374111008683733,100.51460173109992,VIP,,,,False
4318,18181,4.0,711.0,735.0,101.2825,0.5165928444286281,53.27307248320964,High,,,,True
4319,18183,5.0,56.0,274.0,12.062000000000001,0.12032318867878818,1.5344779519610308,Low,,,,True
4320,18187,2.0,8.0,631.0,21.35,0.009907221654578371,0.2368721098641394,Low,,,,True
4321,18188,6.0,608.0,623.0,47.29833333333334,0.8676565803031917,41.50321886559359,High,,,,True
4322,18189,4.0,548.0,625.0,56.897499999999994,0.591231646179561,34.460223056783846,High,,,,True
4323,18190,5.0,525.0,717.0,22.083999999999996,0.5967976379996729,13.616334053608462,Medium,,,,True
4324,18191,1.0,216.0,477.0,28.15,0.22445095342280644,7.821587750267747,Low,,,,True
4325,18193,4.0,292.0,442.0,32.835,0.7412471841293474,25.18558142460483,Medium,,,,True
4326,18194,6.0,616.0,680.0,10.765,0.7909777847511558,8.93628841087465,Low,,,,True
4327,18196,3.0,537.0,632.0,164.86333333333332,0.454373328861177,76.9452453803583,High,,,,True
4328,18197,1.0,62.0,575.0,5.4,0.09707300603288582,0.9273398327758942,Low,,,,True
4329,18198,20.0,332.0,336.0,18.1175,4.729582235449886,85.25110769686586,VIP,,,,False
4330,18199,1.0,8.0,683.0,2.55,0.030323205030166486,0.1935903543145992,Low,,,,True
4331,18202,1.0,112.0,311.0,189.61,0.3124118479979072,66.97189746354977,High,,,,True
4332,18203,3.0,574.0,731.0,75.87333333333333,0.3903966635443439,30.65438703418426,Medium,,,,True
4333,18204,3.0,121.0,192.0,103.81333333333333,1.1958455351934283,128.00567412397177,VIP,,,,False
4334,18205,1.0,38.0,74.0,71.9,1.0212560506957167,85.27436411325273,VIP,,,,False
4335,18207,2.0,6.0,499.0,10.325000000000001,0.019513763890794643,0.24238873226162969,Low,,,,True
4336,18210,6.0,381.0,382.0,80.335,1.3500828125944786,109.18657716772907,VIP,,,,False
4337,18211,4.0,253.0,278.0,17.1825,1.2176231420410597,22.118027861116524,Medium,,,,False
4338,18212,1.0,351.0,677.0,99.13,0.16786061065569924,19.096743001480323,Medium,,,,True
4339,18214,3.0,24.0,554.0,44.96666666666667,0.0071649133449637435,0.33659761720453274,Low,,,,True
4340,18215,5.0,534.0,623.0,30.572000000000003,0.718960717428399,22.531232839588185,Medium,,,,True
4341,18217,4.0,497.0,526.0,20.785,0.700471520301664,15.272958564667455,Medium,,,,True
4342,18218,5.0,454.0,660.0,9.33,0.6224524206635876,6.230339707802349,Low,,,,True
4343,18219,17.0,730.0,732.0,43.38411764705882,2.007498617822909,86.35284374847397,VIP,,,,False
4344,18220,10.0,505.0,724.0,6.125,0.894411869940634,5.718167937884081,Low,,,,True
4345,18221,7.0,368.0,390.0,26.024285714285718,1.5176051386636034,40.07495763020091,High,,,,False
4346,18223,44.0,734.0,735.0,44.89545454545455,5.076674525413252,224.40630714211537,VIP,,,,False
4347,18225,31.0,732.0,735.0,53.49032258064516,3.594286560696901,189.56858719511013,VIP,,,,False
4348,18226,36.0,606.0,644.0,38.385,4.610214164905307,174.4610451665134,VIP,,,,False
4349,18227,2.0,267.0,484.0,169.125,0.3740775908292557,66.54368071794678,High,,,,True
4350,18228,2.0,29.0,79.0,26.195,1.5317816554757098,44.36098382667954,High,,,,False
4351,18229,26.0,725.0,736.0,37.225,3.0164502357386107,110.94916055342821,VIP,,,,False
4352,18230,11.0,516.0,525.0,27.578181818181818,1.7901352412704918,49.440062215352626,High,,,,False
4353,18231,25.0,506.0,698.0,60.041599999999995,0.3060421802945488,18.13841066837532,Medium,,,,True
4354,18232,4.0,116.0,197.0,31.6175,1.4334072868271326,46.94198571896092,High,,,,False
4355,18235,2.0,146.0,217.0,77.58,0.7975063028677741,65.79624726524085,High,,,,True
4356,18236,9.0,574.0,603.0,38.708888888888886,1.2986841243471756,50.39707063882412,High,,,,False
4357,18237,4.0,132.0,134.0,27.145,2.1711719482937006,61.29372299316694,High,,,,False
4358,18239,5.0,204.0,422.0,50.54600000000001,0.627350697551347,32.2428803771888,Medium,,,,True
4359,18241,22.0,608.0,617.0,22.399545454545457,3.016429044859838,67.02896028867136,High,,,,False
4360,18242,6.0,625.0,697.0,54.18000000000001,0.7714759657908324,42.211830801511894,High,,,,True
4361,18244,1.0,72.0,502.0,26.37,0.1331289913225684,4.375749962807133,Low,,,,True
4362,18245,17.0,634.0,641.0,60.9064705882353,2.2679103248076893,136.78631276819655,VIP,,,,False
4363,18246,2.0,586.0,609.0,9.42,0.34382643645504113,3.9465651334162004,Low,,,,True
4364,18247,5.0,222.0,631.0,35.648,0.1541143907162305,5.615227550576824,Low,,,,True
4365,18248,3.0,73.0,186.0,23.276666666666667,1.0044193126801793,24.952900848111426,Medium,,,,False
4366,18250,1.0,9.0,310.0,6.35,0.15286497710536315,1.6218231495543538,Low,,,,True
4367,18251,7.0,630.0,717.0,13.677142857142858,0.8610749941794968,12.135653763376475,Medium,,,,True
4368,18252,7.0,681.0,731.0,65.17999999999999,0.8565507144598341,56.06324557038745,High,,,,True
4369,18255,1.0,367.0,456.0,10.3,0.2639612668726884,3.9597250622451083,Low,,,,True
4370,18256,1.0,33.0,387.0,3.0,0.146369422857642,1.0077079108361657,Low,,,,True
4371,18257,15.0,620.0,659.0,55.904666666666664,1.9411240156098906,107.6399236514202,VIP,,,,False
4372,18258,6.0,108.0,572.0,16.016666666666666,0.005744074102193573,0.0950637138428787,Low,,,,True
4373,18259,6.0,707.0,731.0,41.51666666666667,0.7474904480504158,31.433053879694704,Medium,,,,True
4374,18260,29.0,552.0,724.0,71.3603448275862,0.44778560524021854,31.503190843862427,Medium,,,,True
4375,18261,1.0,52.0,95.0,16.34,0.8753756882720217,19.011892170668247,Medium,,,,True
4376,18262,2.0,462.0,602.0,25.465,0.33524413702137384,9.452802805739552,Low,,,,True
4377,18263,3.0,229.0,252.0,14.946666666666667,1.0306204647345143,16.84127495064747,Medium,,,,False
4378,18265,1.0,86.0,158.0,110.65,0.6050375853631563,76.58683783903524,High,,,,True
4379,18267,1.0,13.0,672.0,10.55,0.03531877649269348,0.5396332697247985,Low,,,,True
4380,18268,6.0,594.0,728.0,30.995,0.7216224662924184,22.75209903806862,Medium,,,,True
4381,18269,1.0,8.0,366.0,4.95,0.11089478596881941,1.0039119432500188,Low,,,,True
4382,18270,3.0,394.0,432.0,19.7,0.6489593873564018,13.752612478361307,Medium,,,,True
4383,18271,1.0,122.0,731.0,34.0,0.09407278472865013,3.890044360350222,Low,,,,True
4384,18272,10.0,643.0,645.0,48.381,1.3569217277063352,65.55968282305142,High,,,,False
4385,18273,3.0,588.0,590.0,2.55,0.49530031811418856,1.82688350579842,Low,,,,True
4386,18274,1.0,13.0,30.0,40.39,1.5929165635979943,77.19926092723375,High,,,,False
4387,18275,1.0,153.0,731.0,25.41,0.10724253248655277,3.410394997693972,Low,,,,True
4388,18276,8.0,708.0,729.0,25.777500000000003,0.9786841222235605,25.492087022650885,Medium,,,,True
4389,18277,6.0,436.0,494.0,38.336666666666666,1.054130192126846,40.97580297063108,High,,,,False
4390,18278,1.0,331.0,404.0,29.55,0.2947828013908045,10.731408959919646,Low,,,,True
4391,18280,2.0,117.0,394.0,31.674999999999997,0.3246287661526891,11.254199090244825,Low,,,,True
4392,18281,1.0,397.0,577.0,39.36,0.2075980559897497,9.82170975584738,Low,,,,True
4393,18282,2.0,119.0,126.0,11.905,1.2639787305712786,17.782529639833868,Medium,,,,False
4394,18283,18.0,655.0,658.0,87.30277777777778,2.341723745269627,202.15860174715135,VIP,,,,False
4395,18284,1.0,2.0,431.0,25.0,0.07035479592229786,2.20530184367375,Low,,,,True
4396,18286,2.0,247.0,723.0,85.425,0.1915051063463829,17.36430897797468,Medium,,,,True
4397,18287,6.0,696.0,738.0,57.723333333333336,0.7382082541176773,43.007397223626484,High,,,,True
